{
	"credit": "Made By WantedRobot",
	"parent": "block/block",
	"textures": {
		"0": "block/barrel_bottom",
		"1": "block/barrel_side",
		"2": "block/barrel_top_open",
		"3": "block/barrel_top",
		"particle": "block/barrel_side"
	},
	"elements": [
		{
			"from": [14.5, 0, 0],
			"to": [16, 16, 16],
			"faces": {
				"north": {"uv": [0, 0, 1.5, 16], "texture": "#1", "cullface": "north"},
				"east": {"uv": [0, 0, 16, 16], "texture": "#1", "cullface": "east"},
				"south": {"uv": [14.5, 0, 16, 16], "texture": "#1", "cullface": "south"},
				"west": {"uv": [0, 1.5, 16, 16], "texture": "#2"},
				"up": {"uv": [14.5, 0, 16, 16], "texture": "#3", "cullface": "up"},
				"down": {"uv": [14.5, 0, 16, 16], "texture": "#0", "cullface": "down"}
			}
		},
		{
			"from": [0, 0, 0],
			"to": [1.5, 16, 16],
			"faces": {
				"north": {"uv": [14.5, 0, 16, 16], "texture": "#1", "cullface": "north"},
				"east": {"uv": [0, 1.5, 16, 16], "texture": "#2"},
				"south": {"uv": [0, 0, 1.5, 16], "texture": "#1", "cullface": "south"},
				"west": {"uv": [0, 0, 16, 16], "texture": "#1", "cullface": "west"},
				"up": {"uv": [0, 0, 1.5, 16], "texture": "#3", "cullface": "up"},
				"down": {"uv": [0, 0, 1.5, 16], "texture": "#0", "cullface": "down"}
			}
		},
		{
			"from": [1.5, 0, 14.5],
			"to": [14.5, 16, 16],
			"faces": {
				"north": {"uv": [1.5, 1.5, 14.5, 16], "texture": "#2"},
				"south": {"uv": [1.5, 0, 14.5, 16], "texture": "#1", "cullface": "south"},
				"up": {"uv": [1.5, 14.5, 14.5, 16], "texture": "#3", "cullface": "up"},
				"down": {"uv": [1.5, 0, 14.5, 1.5], "texture": "#0", "cullface": "down"}
			}
		},
		{
			"from": [1.5, 0, 0],
			"to": [14.5, 16, 1.5],
			"faces": {
				"north": {"uv": [1.5, 0, 14.5, 16], "texture": "#1", "cullface": "north"},
				"south": {"uv": [1.5, 1.5, 14.5, 16], "texture": "#2"},
				"up": {"uv": [1.5, 0, 14.5, 1.5], "texture": "#3", "cullface": "up"},
				"down": {"uv": [1.5, 0, 14.5, 1.5], "texture": "#0", "cullface": "down"}
			}
		},
		{
			"from": [1.5, 1, 1.5],
			"to": [14.5, 1.75, 14.5],
			"faces": {
				"up": {"uv": [1.5, 1.5, 14.5, 14.5], "texture": "#2"},
				"down": {"uv": [1.5, 1.5, 14.5, 14.5], "texture": "#0"}
			}
		},
		{
			"from": [0.015, 12.5, -0.495],
			"to": [15.985, 14.5, 0.005],
			"faces": {
				"north": {"uv": [0, 12.5, 16, 14.5], "texture": "#1", "cullface": "north"},
				"east": {"uv": [0, 12.5, 0.25, 14.5], "texture": "#1", "cullface": "north"},
				"west": {"uv": [15.5, 12.5, 15.75, 14.5], "texture": "#1", "cullface": "north"},
				"up": {"uv": [0, 12.5, 16, 13], "texture": "#1", "cullface": "north"},
				"down": {"uv": [0, 14, 16, 14.5], "texture": "#1", "cullface": "north"}
			}
		},
		{
			"from": [0.015, 7, -0.495],
			"to": [15.985, 9, 0.005],
			"faces": {
				"north": {"uv": [0, 12.5, 16, 14.5], "texture": "#1", "cullface": "north"},
				"east": {"uv": [0, 12.5, 0.25, 14.5], "texture": "#1", "cullface": "north"},
				"west": {"uv": [15.5, 12.5, 15.75, 14.5], "texture": "#1", "cullface": "north"},
				"up": {"uv": [0, 12.5, 16, 13], "texture": "#1", "cullface": "north"},
				"down": {"uv": [0, 14, 16, 14.5], "texture": "#1", "cullface": "north"}
			}
		},
		{
			"from": [0.015, 1.5, -0.495],
			"to": [15.985, 3.5, 0.005],
			"faces": {
				"north": {"uv": [0, 12.5, 16, 14.5], "texture": "#1", "cullface": "north"},
				"east": {"uv": [0, 12.5, 0.25, 14.5], "texture": "#1", "cullface": "north"},
				"west": {"uv": [15.5, 12.5, 15.75, 14.5], "texture": "#1", "cullface": "north"},
				"up": {"uv": [0, 12.5, 16, 13], "texture": "#1", "cullface": "north"},
				"down": {"uv": [0, 14, 16, 14.5], "texture": "#1", "cullface": "north"}
			}
		},
		{
			"from": [0.015, 12.5, 16.005],
			"to": [15.985, 14.5, 16.505],
			"faces": {
				"north": {"uv": [0, 12.5, 16, 14.5], "texture": "#1", "cullface": "south"},
				"east": {"uv": [0, 12.5, 0.25, 14.5], "texture": "#1", "cullface": "south"},
				"south": {"uv": [0, 12.5, 16, 14.5], "texture": "#1", "cullface": "south"},
				"west": {"uv": [15.5, 12.5, 15.75, 14.5], "texture": "#1", "cullface": "south"},
				"up": {"uv": [0, 12.5, 16, 13], "texture": "#1", "cullface": "south"},
				"down": {"uv": [0, 14, 16, 14.5], "texture": "#1", "cullface": "south"}
			}
		},
		{
			"from": [0.015, 7, 16.005],
			"to": [15.985, 9, 16.505],
			"faces": {
				"north": {"uv": [0, 12.5, 16, 14.5], "texture": "#1", "cullface": "south"},
				"east": {"uv": [0, 12.5, 0.25, 14.5], "texture": "#1", "cullface": "south"},
				"south": {"uv": [0, 12.5, 16, 14.5], "texture": "#1", "cullface": "south"},
				"west": {"uv": [15.5, 12.5, 15.75, 14.5], "texture": "#1", "cullface": "south"},
				"up": {"uv": [0, 12.5, 16, 13], "texture": "#1", "cullface": "south"},
				"down": {"uv": [0, 14, 16, 14.5], "texture": "#1", "cullface": "south"}
			}
		},
		{
			"from": [0.015, 1.5, 16.005],
			"to": [15.985, 3.5, 16.505],
			"faces": {
				"north": {"uv": [0, 12.5, 16, 14.5], "texture": "#1", "cullface": "south"},
				"east": {"uv": [0, 12.5, 0.25, 14.5], "texture": "#1", "cullface": "south"},
				"south": {"uv": [0, 12.5, 16, 14.5], "texture": "#1", "cullface": "south"},
				"west": {"uv": [15.5, 12.5, 15.75, 14.5], "texture": "#1", "cullface": "south"},
				"up": {"uv": [0, 12.5, 16, 13], "texture": "#1", "cullface": "south"},
				"down": {"uv": [0, 14, 16, 14.5], "texture": "#1", "cullface": "south"}
			}
		},
		{
			"from": [-0.5, 12.5, 0.02],
			"to": [0, 14.5, 15.99],
			"faces": {
				"north": {"uv": [15.5, 12.5, 16, 14.5], "texture": "#1", "cullface": "west"},
				"south": {"uv": [15.5, 12.5, 16, 14.5], "texture": "#1", "cullface": "west"},
				"west": {"uv": [0, 12.5, 16, 14.5], "texture": "#1", "cullface": "west"},
				"up": {"uv": [0, 12.5, 16, 13], "rotation": 90, "texture": "#1", "cullface": "west"},
				"down": {"uv": [0, 14, 16, 14.5], "rotation": 90, "texture": "#1", "cullface": "west"}
			}
		},
		{
			"from": [-0.5, 7, 0.02],
			"to": [0, 9, 15.99],
			"faces": {
				"north": {"uv": [15.5, 12.5, 16, 14.5], "texture": "#1", "cullface": "west"},
				"south": {"uv": [15.5, 12.5, 16, 14.5], "texture": "#1", "cullface": "west"},
				"west": {"uv": [0, 12.5, 16, 14.5], "texture": "#1", "cullface": "west"},
				"up": {"uv": [0, 12.5, 16, 13], "rotation": 90, "texture": "#1", "cullface": "west"},
				"down": {"uv": [0, 14, 16, 14.5], "rotation": 90, "texture": "#1", "cullface": "west"}
			}
		},
		{
			"from": [-0.5, 1.5, 0.02],
			"to": [0, 3.5, 15.99],
			"faces": {
				"north": {"uv": [15.5, 12.5, 16, 14.5], "texture": "#1", "cullface": "west"},
				"south": {"uv": [15.5, 12.5, 16, 14.5], "texture": "#1", "cullface": "west"},
				"west": {"uv": [0, 12.5, 16, 14.5], "texture": "#1", "cullface": "west"},
				"up": {"uv": [0, 12.5, 16, 13], "rotation": 90, "texture": "#1", "cullface": "west"},
				"down": {"uv": [0, 14, 16, 14.5], "rotation": 90, "texture": "#1", "cullface": "west"}
			}
		},
		{
			"from": [16, 12.5, 0.02],
			"to": [16.5, 14.5, 15.99],
			"faces": {
				"north": {"uv": [15.5, 12.5, 16, 14.5], "texture": "#1", "cullface": "east"},
				"east": {"uv": [0, 12.5, 16, 14.5], "texture": "#1", "cullface": "east"},
				"south": {"uv": [15.5, 12.5, 16, 14.5], "texture": "#1", "cullface": "east"},
				"up": {"uv": [0, 12.5, 16, 13], "rotation": 90, "texture": "#1", "cullface": "east"},
				"down": {"uv": [0, 14, 16, 14.5], "rotation": 90, "texture": "#1", "cullface": "east"}
			}
		},
		{
			"from": [16, 7, 0.02],
			"to": [16.5, 9, 15.99],
			"faces": {
				"north": {"uv": [15.5, 12.5, 16, 14.5], "texture": "#1", "cullface": "east"},
				"east": {"uv": [0, 12.5, 16, 14.5], "texture": "#1", "cullface": "east"},
				"south": {"uv": [15.5, 12.5, 16, 14.5], "texture": "#1", "cullface": "east"},
				"up": {"uv": [0, 12.5, 16, 13], "rotation": 90, "texture": "#1", "cullface": "east"},
				"down": {"uv": [0, 14, 16, 14.5], "rotation": 90, "texture": "#1", "cullface": "east"}
			}
		},
		{
			"from": [16, 1.5, 0.02],
			"to": [16.5, 3.5, 15.99],
			"faces": {
				"north": {"uv": [15.5, 12.5, 16, 14.5], "texture": "#1", "cullface": "east"},
				"east": {"uv": [0, 12.5, 16, 14.5], "texture": "#1", "cullface": "east"},
				"south": {"uv": [15.5, 12.5, 16, 14.5], "texture": "#1", "cullface": "east"},
				"up": {"uv": [0, 12.5, 16, 13], "rotation": 90, "texture": "#1", "cullface": "east"},
				"down": {"uv": [0, 14, 16, 14.5], "rotation": 90, "texture": "#1", "cullface": "east"}
			}
		},
		{
			"name": "door",
			"from": [1.5, 13.75, 9],
			"to": [14.5, 26.75, 10],
			"rotation": {"angle": -45, "axis": "x", "origin": [8, 20.25, 9.5]},
			"faces": {
				"north": {"uv": [1.5, 1.5, 14.5, 14.5], "rotation": 180, "texture": "#0"},
				"east": {"uv": [13.5, 1.5, 14.5, 14.5], "texture": "#3"},
				"south": {"uv": [1.5, 1.5, 14.5, 14.5], "texture": "#3", "cullface": "up"},
				"west": {"uv": [1.5, 1.5, 2.5, 14.5], "texture": "#3"},
				"up": {"uv": [1.5, 1.5, 14.5, 2.5], "texture": "#3", "cullface": "up"},
				"down": {"uv": [1.5, 13.5, 14.5, 14.5], "texture": "#3"}
			}
		},
		{
			"from": [7.5, 24.25, 10],
			"to": [8.5, 25.25, 10.5],
			"rotation": {"angle": -45, "axis": "x", "origin": [8, 20.25, 9.5]},
			"faces": {
				"east": {"uv": [8, 3, 8.5, 4], "texture": "#3", "cullface": "up"},
				"south": {"uv": [7.5, 3, 8.5, 4], "texture": "#3", "cullface": "up"},
				"west": {"uv": [7.5, 3, 8, 4], "texture": "#3", "cullface": "up"},
				"up": {"uv": [7.5, 3, 8.5, 3.5], "texture": "#3", "cullface": "up"},
				"down": {"uv": [7.5, 3.5, 8.5, 4], "texture": "#3", "cullface": "up"}
			}
		}
	]
}