{
    "variants": {
		"layers=1":  { "model": "block/snow/snow_layer_1" },
        "layers=2":  { "model": "block/snow/snow_layer_2" },
        "layers=3":  { "model": "block/snow/snow_layer_3" },
        "layers=4":  { "model": "block/snow/snow_layer_4" },
        "layers=5":  { "model": "block/snow/snow_layer_5" },
        "layers=6":  { "model": "block/snow/snow_layer_6" },
        "layers=7":  { "model": "block/snow/snow_layer_7" },
        "layers=8":  { "model": "block/snow/snow_layer_8" }
    }
}
