{
    "__comment": "JimStoneCraft - 2018",
    "variants": {
        "": [
            { "model": "block/birch_leaves" },
            { "model": "block/birch_leaves", "x": 90 },
            { "model": "block/birch_leaves", "x": 180 },
            { "model": "block/birch_leaves", "x": 270 },
            { "model": "block/birch_leaves", "y": 90 },
            { "model": "block/birch_leaves", "y": 90, "x": 90 },
            { "model": "block/birch_leaves", "y": 90, "x": 180 },
            { "model": "block/birch_leaves", "y": 90, "x": 270 },
            { "model": "block/birch_leaves", "y": 180 },
            { "model": "block/birch_leaves", "y": 180, "x": 90 },
            { "model": "block/birch_leaves", "y": 180, "x": 180 },
            { "model": "block/birch_leaves", "y": 180, "x": 270 },
            { "model": "block/birch_leaves", "y": 270 },
            { "model": "block/birch_leaves", "y": 270, "x": 90 },
            { "model": "block/birch_leaves", "y": 270, "x": 180 },
            { "model": "block/birch_leaves", "y": 270, "x": 270 }
        ]
    }
}
