{
    "__comment": "JimStoneCraft - 2019",
    "variants": {
        "facing=south,lit=true": [
        { "model": "block/campfire" },
        { "model": "block/campfire1" },
        { "model": "block/campfire2" },
        { "model": "block/campfire3" }
        ],
        "facing=west,lit=true": [
        { "model": "block/campfire", "y": 90 },
        { "model": "block/campfire1", "y": 90 },
        { "model": "block/campfire2", "y": 90 },
        { "model": "block/campfire3", "y": 90 }
        ],
        "facing=north,lit=true": [
        { "model": "block/campfire", "y": 180 },
        { "model": "block/campfire1", "y": 180 },
        { "model": "block/campfire2", "y": 180 },
        { "model": "block/campfire3", "y": 180 }
        ],
        "facing=east,lit=true": [
        { "model": "block/campfire", "y": 270 },
        { "model": "block/campfire1", "y": 270 },
        { "model": "block/campfire2", "y": 270 },
        { "model": "block/campfire3", "y": 270 }
        ],
        "facing=south,lit=false": { "model": "block/campfire_off" },
        "facing=west,lit=false": { "model": "block/campfire_off", "y": 90 },
        "facing=north,lit=false": { "model": "block/campfire_off", "y": 180 },
        "facing=east,lit=false": { "model": "block/campfire_off", "y": 270 }
    }
}

