{
    "__comment": "JimStoneCraft - 2018",
    "variants": {
        "": [
            { "model": "block/chiseled_red_sandstone", "weight": 30 },
            { "model": "block/chiseled_red_sandstone1", "weight": 10 },
            { "model": "block/chiseled_red_sandstone2", "weight": 10 },
            { "model": "block/chiseled_red_sandstone3", "weight": 10 },
            { "model": "block/chiseled_red_sandstone4", "weight": 10 },
            { "model": "block/chiseled_red_sandstone5", "weight": 10 },
            { "model": "block/chiseled_red_sandstone6", "weight": 10 },
            { "model": "block/chiseled_red_sandstone7", "weight": 5 },
            { "model": "block/chiseled_red_sandstone8", "weight": 5 }
        ]
    }
}
