{
    "__comment": "JimStoneCraft - 2018",
    "variants": {
        "type=bottom": [
            { "model": "block/cobblestone_slab", "weight": 50 },
            { "model": "block/cobblestone_slab1", "weight": 25 },
            { "model": "block/cobblestone_slab2", "weight": 25 }
        ],
        "type=top": [
            { "model": "block/cobblestone_slab_top", "weight": 50 },
            { "model": "block/cobblestone_slab_top1", "weight": 25 },
            { "model": "block/cobblestone_slab_top2", "weight": 25 }
        ],
        "type=double": [
            { "model": "block/cobblestone", "weight": 50 },
            { "model": "block/cobblestone1", "weight": 25 },
            { "model": "block/cobblestone2", "weight": 25 }
        ]
    }
}
