{
    "__comment": "JimStoneCraft - 2019",
    "multipart": [
        {   "when": { "up": "true" },
            "apply": [
            { "model": "block/granite_wall_post" },
            { "model": "block/granite_wall_post1" },
            { "model": "block/granite_wall_post2" },
            { "model": "block/granite_wall_post3" },
            { "model": "block/granite_wall_post4" },
            { "model": "block/granite_wall_post5" },
            { "model": "block/granite_wall_post6" },
            { "model": "block/granite_wall_post7" }
            ]
        },
        {   "when": { "north": "true" },
            "apply": [
            { "model": "block/granite_wall_side", "uvlock": true },
            { "model": "block/granite_wall_side1", "uvlock": true },
            { "model": "block/granite_wall_side2", "uvlock": true },
            { "model": "block/granite_wall_side3", "uvlock": true },
            { "model": "block/granite_wall_side4", "uvlock": true },
            { "model": "block/granite_wall_side5", "uvlock": true },
            { "model": "block/granite_wall_side6", "uvlock": true },
            { "model": "block/granite_wall_side7", "uvlock": true }
            ]
        },
        {   "when": { "east": "true" },
            "apply": [
            { "model": "block/granite_wall_side", "y": 90, "uvlock": true },
            { "model": "block/granite_wall_side1", "y": 90, "uvlock": true },
            { "model": "block/granite_wall_side2", "y": 90, "uvlock": true },
            { "model": "block/granite_wall_side3", "y": 90, "uvlock": true },
            { "model": "block/granite_wall_side4", "y": 90, "uvlock": true },
            { "model": "block/granite_wall_side5", "y": 90, "uvlock": true },
            { "model": "block/granite_wall_side6", "y": 90, "uvlock": true },
            { "model": "block/granite_wall_side7", "y": 90, "uvlock": true }
            ]
        },
        {   "when": { "south": "true" },
            "apply": [
            { "model": "block/granite_wall_side", "y": 180, "uvlock": true },
            { "model": "block/granite_wall_side1", "y": 180, "uvlock": true },
            { "model": "block/granite_wall_side2", "y": 180, "uvlock": true },
            { "model": "block/granite_wall_side3", "y": 180, "uvlock": true },
            { "model": "block/granite_wall_side4", "y": 180, "uvlock": true },
            { "model": "block/granite_wall_side5", "y": 180, "uvlock": true },
            { "model": "block/granite_wall_side6", "y": 180, "uvlock": true },
            { "model": "block/granite_wall_side7", "y": 180, "uvlock": true }
            ]
        },
        {   "when": { "west": "true" },
            "apply": [
            { "model": "block/granite_wall_side", "y": 270, "uvlock": true },
            { "model": "block/granite_wall_side1", "y": 270, "uvlock": true },
            { "model": "block/granite_wall_side2", "y": 270, "uvlock": true },
            { "model": "block/granite_wall_side3", "y": 270, "uvlock": true },
            { "model": "block/granite_wall_side4", "y": 270, "uvlock": true },
            { "model": "block/granite_wall_side5", "y": 270, "uvlock": true },
            { "model": "block/granite_wall_side6", "y": 270, "uvlock": true },
            { "model": "block/granite_wall_side7", "y": 270, "uvlock": true }
            ]
        }
    ]
}
