{
    "__comment": "JimStoneCraft - 2019",
    "variants": {
        "type=bottom": [
            { "model": "block/granite_slab" },
            { "model": "block/granite_slab1" },
            { "model": "block/granite_slab2" },
            { "model": "block/granite_slab3" },
            { "model": "block/granite_slab4" },
            { "model": "block/granite_slab5" },
            { "model": "block/granite_slab6" },
            { "model": "block/granite_slab7" }
        ],
        "type=top": [
            { "model": "block/granite_slab_top" },
            { "model": "block/granite_slab_top1" },
            { "model": "block/granite_slab_top2" },
            { "model": "block/granite_slab_top3" },
            { "model": "block/granite_slab_top4" },
            { "model": "block/granite_slab_top5" },
            { "model": "block/granite_slab_top6" },
            { "model": "block/granite_slab_top7" }
        ],
        "type=double": [
            { "model": "block/granite" },
            { "model": "block/granite1" },
            { "model": "block/granite2" },
            { "model": "block/granite3" },
            { "model": "block/granite4" },
            { "model": "block/granite5" },
            { "model": "block/granite6" },
            { "model": "block/granite7" }
        ]
    }
}
