{
    "__comment": "JimStoneCraft - 2018",
    "variants": {
        "": [
            { "model": "block/grass_path", "weight": 60 },
            { "model": "block/grass_path", "weight": 60, "y": 90 },
            { "model": "block/grass_path", "weight": 60, "y": 180 },
            { "model": "block/grass_path", "weight": 60, "y": 270 },
            { "model": "block/grass_path1", "weight": 5 },
            { "model": "block/grass_path1", "weight": 5, "y": 90 },
            { "model": "block/grass_path1", "weight": 5, "y": 180 },
            { "model": "block/grass_path1", "weight": 5, "y": 270 },
            { "model": "block/grass_path2", "weight": 10 },
            { "model": "block/grass_path2", "weight": 10, "y": 90 },
            { "model": "block/grass_path2", "weight": 10, "y": 180 },
            { "model": "block/grass_path2", "weight": 10, "y": 270 },
            { "model": "block/grass_path3", "weight": 15 },
            { "model": "block/grass_path3", "weight": 15, "y": 90 },
            { "model": "block/grass_path3", "weight": 15, "y": 180 },
            { "model": "block/grass_path3", "weight": 15, "y": 270 },
            { "model": "block/grass_path4", "weight": 10 },
            { "model": "block/grass_path4", "weight": 10, "y": 90 },
            { "model": "block/grass_path4", "weight": 10, "y": 180 },
            { "model": "block/grass_path4", "weight": 10, "y": 270 }
        ]
    }
}
