{
    "__comment": "JimStoneCraft - 2018",
    "variants": {
        "": [
            { "model": "block/mossy_stone_bricks" },
            { "model": "block/mossy_stone_bricks1" },
            { "model": "block/mossy_stone_bricks2" },
            { "model": "block/mossy_stone_bricks3" },
            { "model": "block/mossy_stone_bricks4" },
            { "model": "block/mossy_stone_bricks5" },
            { "model": "block/mossy_stone_bricks6" },
            { "model": "block/mossy_stone_bricks7" }
        ]
    }
}
