{
    "__comment": "JimStoneCraft - 2019",
    "variants": {
        "type=bottom": [
            { "model": "block/mossy_stone_brick_slab" },
            { "model": "block/mossy_stone_brick_slab1" },
            { "model": "block/mossy_stone_brick_slab2" },
            { "model": "block/mossy_stone_brick_slab3" },
            { "model": "block/mossy_stone_brick_slab4" },
            { "model": "block/mossy_stone_brick_slab5" },
            { "model": "block/mossy_stone_brick_slab6" },
            { "model": "block/mossy_stone_brick_slab7" }
        ],
        "type=top": [
            { "model": "block/mossy_stone_brick_slab_top" },
            { "model": "block/mossy_stone_brick_slab_top1" },
            { "model": "block/mossy_stone_brick_slab_top2" },
            { "model": "block/mossy_stone_brick_slab_top3" },
            { "model": "block/mossy_stone_brick_slab_top4" },
            { "model": "block/mossy_stone_brick_slab_top5" },
            { "model": "block/mossy_stone_brick_slab_top6" },
            { "model": "block/mossy_stone_brick_slab_top7" }
        ],
        "type=double": [
            { "model": "block/mossy_stone_bricks" },
            { "model": "block/mossy_stone_bricks1" },
            { "model": "block/mossy_stone_bricks2" },
            { "model": "block/mossy_stone_bricks3" },
            { "model": "block/mossy_stone_bricks4" },
            { "model": "block/mossy_stone_bricks5" },
            { "model": "block/mossy_stone_bricks6" },
            { "model": "block/mossy_stone_bricks7" }
        ]
    }
}
