{
    "__comment": "JimStoneCraft - 2020",
    "variants": {
        "shape=north_south": { "model": "block/custom_rail" },
        "shape=east_west": { "model": "block/custom_rail", "y": 90 },
        "shape=ascending_east": { "model": "block/custom_rail_raised", "y": 270 },
        "shape=ascending_west": { "model": "block/custom_rail_raised", "y": 90 },
        "shape=ascending_north": { "model": "block/custom_rail_raised", "y": 180 },
        "shape=ascending_south": { "model": "block/custom_rail_raised" },
        "shape=south_east": { "model": "block/custom_rail_corner" },
        "shape=south_west": { "model": "block/custom_rail_corner", "y": 90 },
        "shape=north_west": { "model": "block/custom_rail_corner", "y": 180 },
        "shape=north_east": { "model": "block/custom_rail_corner", "y": 270 }
    }
}
