{
    "__comment": "JimStoneCraft - 2018",
    "variants": {
        "type=bottom": [
            { "model": "block/red_nether_brick_slab", "weight": 50 },
            { "model": "block/red_nether_brick_slab1", "weight": 25 },
            { "model": "block/red_nether_brick_slab2", "weight": 25 }
        ],
        "type=top": [
            { "model": "block/red_nether_brick_slab_top", "weight": 50 },
            { "model": "block/red_nether_brick_slab_top1", "weight": 25 },
            { "model": "block/red_nether_brick_slab_top2", "weight": 25 }
        ],
        "type=double": [
            { "model": "block/red_nether_brick_slab_double", "weight": 50 },
            { "model": "block/red_nether_brick_slab_double1", "weight": 25 },
            { "model": "block/red_nether_brick_slab_double2", "weight": 25 }
        ]
    }
}
