{
    "__comment": "JimStoneCraft - 2019",
    "variants": {
        "facing=east": [
        { "model": "block/wall_torch" },
        { "model": "block/wall_torch1" },
        { "model": "block/wall_torch2" },
        { "model": "block/wall_torch3" }
        ],
        "facing=south": [
        { "model": "block/wall_torch", "y": 90 },
        { "model": "block/wall_torch1", "y": 90 },
        { "model": "block/wall_torch2", "y": 90 },
        { "model": "block/wall_torch3", "y": 90 }
        ],
        "facing=west": [
        { "model": "block/wall_torch", "y": 180 },
        { "model": "block/wall_torch1", "y": 180 },
        { "model": "block/wall_torch2", "y": 180 },
        { "model": "block/wall_torch3", "y": 180 }
        ],
        "facing=north": [
        { "model": "block/wall_torch", "y": 270 },
        { "model": "block/wall_torch1", "y": 270 },
        { "model": "block/wall_torch2", "y": 270 },
        { "model": "block/wall_torch3", "y": 270 }
        ]
    }
}
