{
	"credit": "Made By WantedRobot",
	"textures": {
		"0": "block/cartography_sides",
		"1": "block/cartography_top",
		"2": "block/cartography_map_w",
		"3": "block/cartography_map_s",
		"4": "block/cartography_map_e",
		"5": "block/cartography_map_t",
		"6": "block/cartography_map_b",
		"7": "block/cartography_map_n",
		"8": "item/compass_16",
		"9": "item/map_filled",
		"10": "block/cartography_bottom",
		"particle": "block/cartography_sides"
	},
	"elements": [
		{
			"name": "Globe Yellow Top/Bottom",
			"from": [4.76, 10.08, 7.19],
			"to": [11.24, 21.42, 8.81],
			"shade": false,
			"rotation": {"angle": 22.5, "axis": "y", "origin": [8, 15.75, 8]},
			"faces": {
				"north": {"uv": [4, 1, 12, 15], "texture": "#3"},
				"east": {"uv": [7, 1, 9, 15], "texture": "#2"},
				"south": {"uv": [4, 1, 12, 15], "texture": "#7"},
				"west": {"uv": [7, 1, 9, 15], "texture": "#4"},
				"up": {"uv": [4, 7, 12, 9], "rotation": 180, "texture": "#5", "cullface": "up"},
				"down": {"uv": [4, 7, 12, 9], "rotation": 180, "texture": "#6"}
			}
		},
		{
			"name": "Globe Yellow Top/Bottom",
			"from": [5.57, 10.08, 5.57],
			"to": [10.43, 21.42, 10.43],
			"shade": false,
			"rotation": {"angle": 22.5, "axis": "y", "origin": [8, 15.75, 8]},
			"faces": {
				"north": {"uv": [5, 1, 11, 15], "texture": "#3"},
				"east": {"uv": [5, 1, 11, 15], "texture": "#2"},
				"south": {"uv": [5, 1, 11, 15], "texture": "#7"},
				"west": {"uv": [5, 1, 11, 15], "texture": "#4"},
				"up": {"uv": [5, 5, 11, 11], "rotation": 180, "texture": "#5", "cullface": "up"},
				"down": {"uv": [5, 5, 11, 11], "rotation": 180, "texture": "#6"}
			}
		},
		{
			"name": "Globe Yellow Top/Bottom",
			"from": [7.19, 10.08, 4.76],
			"to": [8.81, 21.42, 11.24],
			"shade": false,
			"rotation": {"angle": 22.5, "axis": "y", "origin": [8, 15.75, 8]},
			"faces": {
				"north": {"uv": [7, 1, 9, 15], "texture": "#3"},
				"east": {"uv": [4, 1, 12, 15], "texture": "#2"},
				"south": {"uv": [7, 1, 9, 15], "texture": "#7"},
				"west": {"uv": [4, 1, 12, 15], "texture": "#4"},
				"up": {"uv": [7, 4, 9, 12], "rotation": 180, "texture": "#5", "cullface": "up"},
				"down": {"uv": [7, 4, 9, 12], "rotation": 180, "texture": "#6"}
			}
		},
		{
			"name": "Globe Yellow North/South",
			"from": [7.19, 12.51, 2.33],
			"to": [8.81, 18.99, 13.67],
			"shade": false,
			"rotation": {"angle": 22.5, "axis": "y", "origin": [8, 15.75, 8]},
			"faces": {
				"north": {"uv": [7, 4, 9, 12], "texture": "#3"},
				"east": {"uv": [1, 4, 15, 12], "texture": "#2"},
				"south": {"uv": [7, 4, 9, 12], "texture": "#7"},
				"west": {"uv": [1, 4, 15, 12], "texture": "#4"},
				"up": {"uv": [7, 1, 9, 15], "rotation": 180, "texture": "#5", "cullface": "up"},
				"down": {"uv": [7, 1, 9, 15], "texture": "#6"}
			}
		},
		{
			"name": "Globe Yellow North/South",
			"from": [5.57, 13.32, 2.33],
			"to": [10.43, 18.18, 13.67],
			"shade": false,
			"rotation": {"angle": 22.5, "axis": "y", "origin": [8, 15.75, 8]},
			"faces": {
				"north": {"uv": [5, 5, 11, 11], "texture": "#3"},
				"east": {"uv": [1, 5, 15, 11], "texture": "#2"},
				"south": {"uv": [5, 5, 11, 11], "texture": "#7"},
				"west": {"uv": [1, 5, 15, 11], "texture": "#4"},
				"up": {"uv": [5, 1, 11, 15], "rotation": 180, "texture": "#5", "cullface": "up"},
				"down": {"uv": [5, 1, 11, 15], "rotation": 180, "texture": "#6"}
			}
		},
		{
			"name": "Globe Yellow North/South",
			"from": [4.76, 14.94, 2.33],
			"to": [11.24, 16.56, 13.67],
			"shade": false,
			"rotation": {"angle": 22.5, "axis": "y", "origin": [8, 15.75, 8]},
			"faces": {
				"north": {"uv": [4, 7, 12, 9], "texture": "#3"},
				"east": {"uv": [1, 7, 15, 9], "texture": "#2"},
				"south": {"uv": [4, 7, 12, 9], "texture": "#7"},
				"west": {"uv": [1, 7, 15, 9], "texture": "#4"},
				"up": {"uv": [4, 1, 12, 15], "rotation": 180, "texture": "#5", "cullface": "up"},
				"down": {"uv": [4, 1, 12, 15], "rotation": 180, "texture": "#6"}
			}
		},
		{
			"name": "Globe Yellow East/West",
			"from": [2.33, 12.51, 7.19],
			"to": [13.67, 18.99, 8.81],
			"shade": false,
			"rotation": {"angle": 22.5, "axis": "y", "origin": [8, 15.75, 8]},
			"faces": {
				"north": {"uv": [1, 4, 15, 12], "texture": "#3"},
				"east": {"uv": [7, 4, 9, 12], "texture": "#2"},
				"south": {"uv": [1, 4, 15, 12], "texture": "#7"},
				"west": {"uv": [7, 4, 9, 12], "texture": "#4"},
				"up": {"uv": [1, 7, 15, 9], "rotation": 180, "texture": "#5", "cullface": "up"},
				"down": {"uv": [1, 7, 15, 9], "rotation": 180, "texture": "#6"}
			}
		},
		{
			"name": "Globe Yellow East/West",
			"from": [2.33, 13.32, 5.57],
			"to": [13.67, 18.18, 10.43],
			"shade": false,
			"rotation": {"angle": 22.5, "axis": "y", "origin": [8, 15.75, 8]},
			"faces": {
				"north": {"uv": [1, 5, 15, 11], "texture": "#3"},
				"east": {"uv": [5, 5, 11, 11], "texture": "#2"},
				"south": {"uv": [1, 5, 15, 11], "texture": "#7"},
				"west": {"uv": [5, 5, 11, 11], "texture": "#4"},
				"up": {"uv": [1, 5, 15, 11], "rotation": 180, "texture": "#5", "cullface": "up"},
				"down": {"uv": [1, 5, 15, 11], "rotation": 180, "texture": "#6"}
			}
		},
		{
			"name": "Globe Yellow East/West",
			"from": [2.33, 14.94, 4.76],
			"to": [13.67, 16.56, 11.24],
			"shade": false,
			"rotation": {"angle": 22.5, "axis": "y", "origin": [8, 15.75, 8]},
			"faces": {
				"north": {"uv": [1, 7, 15, 9], "texture": "#3"},
				"east": {"uv": [4, 7, 12, 9], "texture": "#2"},
				"south": {"uv": [1, 7, 15, 9], "texture": "#7"},
				"west": {"uv": [4, 7, 12, 9], "texture": "#4"},
				"up": {"uv": [1, 4, 15, 12], "rotation": 180, "texture": "#5", "cullface": "up"},
				"down": {"uv": [1, 4, 15, 12], "rotation": 180, "texture": "#6"}
			}
		},
		{
			"name": "Globe Red Top/Bottom",
			"from": [6.38, 10.89, 3.95],
			"to": [9.62, 20.61, 12.05],
			"shade": false,
			"rotation": {"angle": 22.5, "axis": "y", "origin": [8, 15.75, 8]},
			"faces": {
				"north": {"uv": [6, 2, 10, 14], "texture": "#3"},
				"east": {"uv": [3, 2, 13, 14], "texture": "#2"},
				"south": {"uv": [6, 2, 10, 14], "texture": "#7"},
				"west": {"uv": [3, 2, 13, 14], "texture": "#4"},
				"up": {"uv": [6, 3, 10, 13], "rotation": 180, "texture": "#5", "cullface": "up"},
				"down": {"uv": [6, 3, 10, 13], "rotation": 180, "texture": "#6"}
			}
		},
		{
			"name": "Globe Red Top/Bottom",
			"from": [4.76, 10.89, 4.76],
			"to": [11.24, 20.61, 11.24],
			"shade": false,
			"rotation": {"angle": 22.5, "axis": "y", "origin": [8, 15.75, 8]},
			"faces": {
				"north": {"uv": [4, 2, 12, 14], "texture": "#3"},
				"east": {"uv": [4, 2, 12, 14], "texture": "#2"},
				"south": {"uv": [4, 2, 12, 14], "texture": "#7"},
				"west": {"uv": [4, 2, 12, 14], "texture": "#4"},
				"up": {"uv": [4, 4, 12, 12], "rotation": 180, "texture": "#5", "cullface": "up"},
				"down": {"uv": [4, 4, 12, 12], "rotation": 180, "texture": "#6"}
			}
		},
		{
			"name": "Globe Red Top/Bottom",
			"from": [3.95, 10.89, 6.38],
			"to": [12.05, 20.61, 9.62],
			"shade": false,
			"rotation": {"angle": 22.5, "axis": "y", "origin": [8, 15.75, 8]},
			"faces": {
				"north": {"uv": [3, 2, 13, 14], "texture": "#3"},
				"east": {"uv": [6, 2, 10, 14], "texture": "#2"},
				"south": {"uv": [3, 2, 13, 14], "texture": "#7"},
				"west": {"uv": [6, 2, 10, 14], "texture": "#4"},
				"up": {"uv": [3, 6, 13, 10], "rotation": 180, "texture": "#5", "cullface": "up"},
				"down": {"uv": [3, 6, 13, 10], "rotation": 180, "texture": "#6"}
			}
		},
		{
			"name": "Globe Red North/South",
			"from": [3.95, 14.13, 3.14],
			"to": [12.05, 17.37, 12.86],
			"shade": false,
			"rotation": {"angle": 22.5, "axis": "y", "origin": [8, 15.75, 8]},
			"faces": {
				"north": {"uv": [3, 6, 13, 10], "texture": "#3"},
				"east": {"uv": [2, 6, 14, 10], "texture": "#2"},
				"south": {"uv": [3, 6, 13, 10], "texture": "#7"},
				"west": {"uv": [2, 6, 14, 10], "texture": "#4"},
				"up": {"uv": [3, 2, 13, 14], "rotation": 180, "texture": "#5", "cullface": "up"},
				"down": {"uv": [3, 2, 13, 14], "rotation": 180, "texture": "#6"}
			}
		},
		{
			"name": "Globe Red North/South",
			"from": [4.76, 12.51, 3.14],
			"to": [11.24, 18.99, 12.86],
			"shade": false,
			"rotation": {"angle": 22.5, "axis": "y", "origin": [8, 15.75, 8]},
			"faces": {
				"north": {"uv": [4, 4, 12, 12], "texture": "#3"},
				"east": {"uv": [2, 4, 14, 12], "texture": "#2"},
				"south": {"uv": [4, 4, 12, 12], "texture": "#7"},
				"west": {"uv": [2, 4, 14, 12], "texture": "#4"},
				"up": {"uv": [4, 2, 12, 14], "rotation": 180, "texture": "#5", "cullface": "up"},
				"down": {"uv": [4, 2, 12, 14], "rotation": 180, "texture": "#6"}
			}
		},
		{
			"name": "Globe Red North/South",
			"from": [6.38, 11.7, 3.14],
			"to": [9.62, 19.8, 12.86],
			"shade": false,
			"rotation": {"angle": 22.5, "axis": "y", "origin": [8, 15.75, 8]},
			"faces": {
				"north": {"uv": [6, 3, 10, 13], "texture": "#3"},
				"east": {"uv": [2, 3, 14, 13], "texture": "#2"},
				"south": {"uv": [6, 3, 10, 13], "texture": "#7"},
				"west": {"uv": [2, 3, 14, 13], "texture": "#4"},
				"up": {"uv": [6, 2, 10, 14], "rotation": 180, "texture": "#5", "cullface": "up"},
				"down": {"uv": [6, 2, 10, 14], "rotation": 180, "texture": "#6"}
			}
		},
		{
			"name": "Globe Red East/West",
			"from": [3.14, 14.13, 3.95],
			"to": [12.86, 17.37, 12.05],
			"shade": false,
			"rotation": {"angle": 22.5, "axis": "y", "origin": [8, 15.75, 8]},
			"faces": {
				"north": {"uv": [2, 6, 14, 10], "texture": "#3"},
				"east": {"uv": [3, 6, 13, 10], "texture": "#2"},
				"south": {"uv": [2, 6, 14, 10], "texture": "#7"},
				"west": {"uv": [3, 6, 13, 10], "texture": "#4"},
				"up": {"uv": [2, 3, 14, 13], "rotation": 180, "texture": "#5", "cullface": "up"},
				"down": {"uv": [2, 3, 14, 13], "rotation": 180, "texture": "#6"}
			}
		},
		{
			"name": "Globe Red East/West",
			"from": [3.14, 12.51, 4.76],
			"to": [12.86, 18.99, 11.24],
			"shade": false,
			"rotation": {"angle": 22.5, "axis": "y", "origin": [8, 15.75, 8]},
			"faces": {
				"north": {"uv": [2, 4, 14, 12], "texture": "#3"},
				"east": {"uv": [4, 4, 12, 12], "texture": "#2"},
				"south": {"uv": [2, 4, 14, 12], "texture": "#7"},
				"west": {"uv": [4, 4, 12, 12], "texture": "#4"},
				"up": {"uv": [2, 4, 14, 12], "rotation": 180, "texture": "#5", "cullface": "up"},
				"down": {"uv": [2, 4, 14, 12], "rotation": 180, "texture": "#6"}
			}
		},
		{
			"name": "Globe Red East/West",
			"from": [3.14, 11.7, 6.38],
			"to": [12.86, 19.8, 9.62],
			"shade": false,
			"rotation": {"angle": 22.5, "axis": "y", "origin": [8, 15.75, 8]},
			"faces": {
				"north": {"uv": [2, 3, 14, 13], "texture": "#3"},
				"east": {"uv": [6, 3, 10, 13], "texture": "#2"},
				"south": {"uv": [2, 3, 14, 13], "texture": "#7"},
				"west": {"uv": [6, 3, 10, 13], "texture": "#4"},
				"up": {"uv": [2, 6, 14, 10], "rotation": 180, "texture": "#5", "cullface": "up"},
				"down": {"uv": [2, 6, 14, 10], "rotation": 180, "texture": "#6"}
			}
		},
		{
			"name": "Globe Center",
			"from": [3.95, 11.7, 4.76],
			"to": [12.05, 19.8, 11.24],
			"shade": false,
			"rotation": {"angle": 22.5, "axis": "y", "origin": [8, 15.75, 8]},
			"faces": {
				"north": {"uv": [3, 3, 13, 13], "texture": "#3"},
				"east": {"uv": [4, 3, 12, 13], "texture": "#2"},
				"south": {"uv": [3, 3, 13, 13], "texture": "#7"},
				"west": {"uv": [4, 3, 12, 13], "texture": "#4"},
				"up": {"uv": [3, 4, 13, 12], "rotation": 180, "texture": "#5", "cullface": "up"},
				"down": {"uv": [3, 4, 13, 12], "rotation": 180, "texture": "#6"}
			}
		},
		{
			"name": "Globe Center",
			"from": [3.95, 12.51, 3.95],
			"to": [12.05, 18.99, 12.05],
			"shade": false,
			"rotation": {"angle": 22.5, "axis": "y", "origin": [8, 15.75, 8]},
			"faces": {
				"north": {"uv": [3, 4, 13, 12], "texture": "#3"},
				"east": {"uv": [3, 4, 13, 12], "texture": "#2"},
				"south": {"uv": [3, 4, 13, 12], "texture": "#7"},
				"west": {"uv": [3, 4, 13, 12], "texture": "#4"},
				"up": {"uv": [3, 3, 13, 13], "rotation": 180, "texture": "#5", "cullface": "up"},
				"down": {"uv": [3, 3, 13, 13], "rotation": 180, "texture": "#6"}
			}
		},
		{
			"name": "Globe Center",
			"from": [4.76, 11.7, 3.95],
			"to": [11.24, 19.8, 12.05],
			"shade": false,
			"rotation": {"angle": 22.5, "axis": "y", "origin": [8, 15.75, 8]},
			"faces": {
				"north": {"uv": [4, 3, 12, 13], "texture": "#3"},
				"east": {"uv": [3, 3, 13, 13], "texture": "#2"},
				"south": {"uv": [4, 3, 12, 13], "texture": "#7"},
				"west": {"uv": [3, 3, 13, 13], "texture": "#4"},
				"up": {"uv": [4, 3, 12, 13], "rotation": 180, "texture": "#5", "cullface": "up"},
				"down": {"uv": [4, 3, 12, 13], "rotation": 180, "texture": "#6"}
			}
		},
		{
			"name": "Table",
			"from": [1, 3.5, 1],
			"to": [15, 8.5, 15],
			"shade": false,
			"faces": {
				"north": {"uv": [1, 7.5, 15, 12.5], "texture": "#0"},
				"east": {"uv": [15, 7.5, 1, 12.5], "texture": "#0"},
				"south": {"uv": [15, 7.5, 1, 12.5], "texture": "#0"},
				"west": {"uv": [1, 7.5, 15, 12.5], "texture": "#0"},
				"up": {"uv": [1, 1, 15, 15], "texture": "#10"}
			}
		},
		{
			"name": "Table",
			"from": [0, 0, 0],
			"to": [16, 3.5, 16],
			"shade": false,
			"faces": {
				"north": {"uv": [0, 12.5, 16, 16], "texture": "#0", "cullface": "north"},
				"east": {"uv": [0, 12.5, 16, 16], "texture": "#0", "cullface": "east"},
				"south": {"uv": [0, 12.5, 16, 16], "texture": "#0", "cullface": "south"},
				"west": {"uv": [0, 12.5, 16, 16], "texture": "#0", "cullface": "west"},
				"up": {"uv": [0, 0, 16, 16], "texture": "#10"},
				"down": {"uv": [0, 0, 16, 16], "texture": "#10", "cullface": "down"}
			}
		},
		{
			"name": "Table",
			"from": [0, 15.5, 0],
			"to": [16, 16, 16],
			"shade": false,
			"faces": {
				"north": {"uv": [0, 0, 16, 0.5], "texture": "#1", "cullface": "north"},
				"east": {"uv": [0, 0, 16, 0.5], "texture": "#1", "cullface": "east"},
				"south": {"uv": [0, 0, 16, 0.5], "texture": "#1", "cullface": "south"},
				"west": {"uv": [0, 0, 16, 0.5], "texture": "#1", "cullface": "west"},
				"up": {"uv": [0, 0, 16, 16], "texture": "#1", "cullface": "up"},
				"down": {"uv": [0, 0, 16, 16], "texture": "#1"}
			}
		},
		{
			"name": "Table",
			"from": [14, 3.5, 14],
			"to": [16, 15.5, 16],
			"shade": false,
			"faces": {
				"north": {"uv": [0, 1, 2, 13], "texture": "#0"},
				"east": {"uv": [0, 1, 2, 13], "texture": "#0", "cullface": "east"},
				"south": {"uv": [14, 1, 16, 12], "texture": "#0", "cullface": "south"},
				"west": {"uv": [14, 1, 16, 13], "texture": "#0"}
			}
		},
		{
			"name": "Table",
			"from": [14, 3.5, 0],
			"to": [16, 15.5, 2],
			"shade": false,
			"faces": {
				"north": {"uv": [0, 1, 2, 13], "texture": "#0", "cullface": "north"},
				"east": {"uv": [14, 1, 16, 13], "texture": "#0", "cullface": "east"},
				"south": {"uv": [14, 1, 16, 13], "texture": "#0"},
				"west": {"uv": [0, 1, 2, 13], "texture": "#0"}
			}
		},
		{
			"name": "Table",
			"from": [0, 3.5, 14],
			"to": [2, 15.5, 16],
			"shade": false,
			"faces": {
				"north": {"uv": [14, 1, 16, 13], "texture": "#0"},
				"east": {"uv": [0, 1, 2, 13], "texture": "#0"},
				"south": {"uv": [0, 1, 2, 13], "texture": "#0", "cullface": "south"},
				"west": {"uv": [14, 1, 16, 13], "texture": "#0", "cullface": "west"}
			}
		},
		{
			"name": "Table",
			"from": [0, 3.5, 0],
			"to": [2, 15.5, 2],
			"shade": false,
			"faces": {
				"north": {"uv": [14, 1, 16, 13], "texture": "#0", "cullface": "north"},
				"east": {"uv": [14, 1, 16, 13], "texture": "#0"},
				"south": {"uv": [0, 1, 2, 13], "texture": "#0"},
				"west": {"uv": [0, 1, 2, 13], "texture": "#0", "cullface": "west"}
			}
		},
		{
			"from": [14.5, 8.5, 1.5],
			"to": [1.5, 15.5, 14.5],
			"shade": false,
			"rotation": {"angle": 0, "axis": "y", "origin": [34.5, 12, 10]},
			"faces": {
				"north": {"uv": [2, 1, 14, 8], "texture": "#0"},
				"east": {"uv": [2, 1, 14, 8], "texture": "#0"},
				"south": {"uv": [2, 1, 14, 8], "texture": "#0"},
				"west": {"uv": [2, 1, 14, 8], "texture": "#0"}
			}
		},
		{
			"from": [0.75, 4.5, 13],
			"to": [15.25, 6.5, 14],
			"shade": false,
			"faces": {
				"north": {"uv": [13, 9.5, 14, 11.5], "texture": "#0"},
				"east": {"uv": [13, 9.5, 14, 11.5], "texture": "#0"},
				"west": {"uv": [13, 9.5, 14, 11.5], "texture": "#0"},
				"up": {"uv": [13, 9.5, 14, 10], "texture": "#0"},
				"down": {"uv": [13, 11, 14, 11.5], "texture": "#0"}
			}
		},
		{
			"from": [0.5, 5.5, 3],
			"to": [15.5, 6.5, 4.5],
			"shade": false,
			"faces": {
				"north": {"uv": [4, 9.5, 4.5, 10.5], "texture": "#0"},
				"east": {"uv": [3, 9.5, 4.5, 10.5], "texture": "#0"},
				"south": {"uv": [3, 9.5, 3.5, 10.5], "texture": "#0"},
				"west": {"uv": [3, 9.5, 4.5, 10.5], "texture": "#0"},
				"up": {"uv": [3, 9.5, 4.5, 10], "rotation": 90, "texture": "#0"},
				"down": {"uv": [3, 10, 4.5, 10.5], "texture": "#0"}
			}
		},
		{
			"from": [-0.5, 1.5, 7],
			"to": [16.5, 2.5, 9],
			"shade": false,
			"faces": {
				"north": {"uv": [7, 13.5, 7.5, 14.5], "texture": "#0"},
				"east": {"uv": [7, 13.5, 9, 14.5], "texture": "#0", "cullface": "east"},
				"south": {"uv": [8.5, 13.5, 9, 14.5], "texture": "#0"},
				"west": {"uv": [7, 13.5, 9, 14.5], "texture": "#0", "cullface": "west"},
				"up": {"uv": [7, 13.5, 9, 14], "rotation": 90, "texture": "#0"},
				"down": {"uv": [7, 14, 9, 14.5], "texture": "#0"}
			}
		},
		{
			"from": [7, 1.5, -0.5],
			"to": [9, 2.5, 16.5],
			"shade": false,
			"faces": {
				"north": {"uv": [7, 13.5, 9, 14.5], "texture": "#0", "cullface": "north"},
				"east": {"uv": [8.5, 13.5, 9, 14.5], "texture": "#0"},
				"south": {"uv": [7, 13.5, 9, 14.5], "texture": "#0", "cullface": "south"},
				"west": {"uv": [7, 13.5, 7.5, 14.5], "texture": "#0"},
				"up": {"uv": [7, 13.5, 9, 14], "texture": "#0"},
				"down": {"uv": [7, 14, 9, 14.5], "texture": "#0"}
			}
		},
		{
			"from": [3, 5, 0.75],
			"to": [3.5, 6, 15.25],
			"shade": false,
			"faces": {
				"north": {"uv": [12.5, 10, 13, 11], "texture": "#0"},
				"east": {"uv": [12.5, 10, 13, 11], "texture": "#0"},
				"south": {"uv": [12.5, 10, 13, 11], "texture": "#0"},
				"up": {"uv": [12.5, 10, 13, 10.5], "texture": "#0"},
				"down": {"uv": [12.5, 10.5, 13, 11], "texture": "#0"}
			}
		},
		{
			"from": [2, 4.5, 0.75],
			"to": [3, 6.5, 15.25],
			"shade": false,
			"faces": {
				"north": {"uv": [13, 9.5, 14, 11.5], "texture": "#0"},
				"east": {"uv": [13, 9.5, 14, 11.5], "texture": "#0"},
				"south": {"uv": [13, 9.5, 14, 11.5], "texture": "#0"},
				"up": {"uv": [13, 9.5, 14, 10], "texture": "#0"},
				"down": {"uv": [13, 11, 14, 11.5], "texture": "#0"}
			}
		},
		{
			"from": [11.5, 5.5, 0.5],
			"to": [13, 6.5, 15.5],
			"shade": false,
			"faces": {
				"north": {"uv": [3, 9.5, 4.5, 10.5], "texture": "#0"},
				"east": {"uv": [3, 9.5, 4.5, 10.5], "texture": "#0"},
				"south": {"uv": [3, 9.5, 4.5, 10.5], "texture": "#0"},
				"west": {"uv": [3, 9.5, 4.5, 10.5], "texture": "#0"},
				"up": {"uv": [3, 9.5, 4.5, 10], "texture": "#0"},
				"down": {"uv": [3, 10, 4.5, 10.5], "texture": "#0"}
			}
		},
		{
			"from": [0.75, 5, 12.5],
			"to": [15.25, 6, 13],
			"shade": false,
			"faces": {
				"north": {"uv": [12.5, 10, 13, 11], "texture": "#0"},
				"east": {"uv": [12.5, 10, 13, 11], "texture": "#0"},
				"west": {"uv": [12.5, 10, 13, 11], "texture": "#0"},
				"up": {"uv": [12.5, 10, 13, 10.5], "texture": "#0"},
				"down": {"uv": [12.5, 10.5, 13, 11], "texture": "#0"}
			}
		},
		{
			"from": [7.5, 8.5, 7.5],
			"to": [8.5, 22, 8.5],
			"shade": false,
			"rotation": {"angle": 45, "axis": "y", "origin": [7.98735, 15.24998, 8.01268]},
			"faces": {
				"north": {"uv": [0, 0, 11, 1], "rotation": 90, "texture": "#0"},
				"east": {"uv": [0, 0, 11, 1], "rotation": 90, "texture": "#0"},
				"south": {"uv": [0, 0, 11, 1], "rotation": 90, "texture": "#0"},
				"west": {"uv": [0, 0, 11, 1], "rotation": 90, "texture": "#0"},
				"up": {"uv": [11, 0, 12, 1], "rotation": 90, "texture": "#0", "cullface": "up"},
				"down": {"uv": [0, 0, 11, 1], "rotation": 90, "texture": "#0"}
			}
		},
		{
			"from": [0.75, 3.5, 2],
			"to": [15.25, 8, 5.5],
			"faces": {
				"east": {"uv": [2, 8, 5.5, 12.5], "texture": "#0"},
				"south": {"uv": [5, 8, 5.5, 12.5], "texture": "#0"},
				"west": {"uv": [2, 8, 5.5, 12.5], "texture": "#0"},
				"up": {"uv": [5.5, 8, 2, 8.5], "rotation": 270, "texture": "#0"}
			}
		},
		{
			"from": [-0.25, 0.5, 2],
			"to": [16.25, 3, 14],
			"faces": {
				"north": {"uv": [2, 13, 14, 15.5], "texture": "#0"},
				"east": {"uv": [2, 13, 14, 15.5], "texture": "#0", "cullface": "east"},
				"south": {"uv": [2, 13, 14, 15.5], "texture": "#0"},
				"west": {"uv": [2, 13, 14, 15.5], "texture": "#0", "cullface": "west"},
				"up": {"uv": [2, 13, 14, 13.5], "rotation": 90, "texture": "#0"},
				"down": {"uv": [2, 15, 14, 15.5], "rotation": 90, "texture": "#0"}
			}
		},
		{
			"from": [2, 0.5, -0.25],
			"to": [14, 3, 16.25],
			"faces": {
				"north": {"uv": [2, 13, 14, 15.5], "texture": "#0", "cullface": "north"},
				"east": {"uv": [2, 13, 14, 15.5], "texture": "#0"},
				"south": {"uv": [2, 13, 14, 15.5], "texture": "#0", "cullface": "south"},
				"west": {"uv": [2, 13, 14, 15.5], "texture": "#0"},
				"up": {"uv": [2, 13, 14, 13.5], "rotation": 180, "texture": "#0"},
				"down": {"uv": [2, 15, 14, 15.5], "rotation": 180, "texture": "#0"}
			}
		},
		{
			"from": [10.5, 3.5, 0.75],
			"to": [14, 8, 15.25],
			"faces": {
				"north": {"uv": [2, 8, 5.5, 12.5], "texture": "#0"},
				"south": {"uv": [5.5, 8, 2, 12.5], "texture": "#0"},
				"west": {"uv": [5, 8, 5.5, 12.5], "texture": "#0"},
				"up": {"uv": [5.5, 8, 2, 8.5], "texture": "#0"}
			}
		},
		{
			"from": [9.5, 8.5, 9.5],
			"to": [10, 9, 13.25],
			"shade": false,
			"rotation": {"angle": 22.5, "axis": "y", "origin": [10.50524, 8.74781, 10.7543]},
			"faces": {
				"north": {"uv": [4.5, 4.5, 6, 5], "texture": "#8"},
				"south": {"uv": [4.5, 11.5, 5.5, 12], "texture": "#8"},
				"west": {"uv": [4.5, 4.5, 5, 12], "rotation": 270, "texture": "#8"},
				"up": {"uv": [4.5, 4.5, 5.5, 12], "texture": "#8"}
			}
		},
		{
			"from": [11.5, 8.5, 9.5],
			"to": [12, 9, 13.25],
			"shade": false,
			"rotation": {"angle": 22.5, "axis": "y", "origin": [10.50524, 8.74781, 10.7543]},
			"faces": {
				"north": {"uv": [10, 4.5, 11.5, 5], "texture": "#8"},
				"east": {"uv": [11, 4.5, 11.5, 12], "rotation": 90, "texture": "#8"},
				"south": {"uv": [10, 11.5, 11, 12], "texture": "#8"},
				"up": {"uv": [10, 4.5, 11, 12], "texture": "#8"}
			}
		},
		{
			"from": [10, 8.5, 9.25],
			"to": [11.5, 9, 13.5],
			"shade": false,
			"rotation": {"angle": 22.5, "axis": "y", "origin": [10.50524, 8.74781, 10.7543]},
			"faces": {
				"north": {"uv": [6, 4, 10, 4.5], "texture": "#8"},
				"east": {"uv": [9.5, 4, 10, 12.5], "rotation": 90, "texture": "#8"},
				"south": {"uv": [6, 12, 10, 12.5], "texture": "#8"},
				"west": {"uv": [6, 4, 6.5, 12.5], "rotation": 270, "texture": "#8"},
				"up": {"uv": [6, 4, 10, 12.5], "texture": "#8"}
			}
		},
		{
			"from": [11, 8.625, 9],
			"to": [11.5, 8.875, 9.25],
			"shade": false,
			"rotation": {"angle": 22.5, "axis": "y", "origin": [10.50524, 8.74781, 10.7543]},
			"faces": {
				"east": {"uv": [9.5, 3.5, 10, 4], "rotation": 90, "texture": "#8"},
				"west": {"uv": [9, 3, 9.5, 4], "rotation": 270, "texture": "#8"},
				"up": {"uv": [9, 3.5, 10, 4], "texture": "#8"}
			}
		},
		{
			"from": [10, 8.625, 9],
			"to": [10.5, 8.875, 9.25],
			"shade": false,
			"rotation": {"angle": 22.5, "axis": "y", "origin": [10.50524, 8.74781, 10.7543]},
			"faces": {
				"east": {"uv": [6.5, 3, 7, 4], "rotation": 90, "texture": "#8"},
				"west": {"uv": [6, 3.5, 6.5, 4], "rotation": 270, "texture": "#8"},
				"up": {"uv": [6, 3.5, 7, 4], "texture": "#8"}
			}
		},
		{
			"from": [10, 8.625, 8.75],
			"to": [11.5, 8.875, 9],
			"shade": false,
			"rotation": {"angle": 22.5, "axis": "y", "origin": [10.50524, 8.74781, 10.7543]},
			"faces": {
				"north": {"uv": [6.5, 2.5, 9.5, 3], "rotation": 180, "texture": "#8"},
				"east": {"uv": [9, 2.5, 9.5, 3], "rotation": 90, "texture": "#8"},
				"south": {"uv": [6.5, 2.5, 9.5, 3], "texture": "#8"},
				"west": {"uv": [6.5, 2.5, 7, 3], "texture": "#8"},
				"up": {"uv": [6.5, 2.5, 9.5, 3], "texture": "#8"}
			}
		},
		{
			"from": [10.25, 8.625, 8.5],
			"to": [11.25, 8.875, 8.75],
			"shade": false,
			"rotation": {"angle": 22.5, "axis": "y", "origin": [10.50524, 8.74781, 10.7543]},
			"faces": {
				"north": {"uv": [7, 2, 9, 2.5], "texture": "#8"},
				"east": {"uv": [8.5, 2, 9, 2.5], "texture": "#8"},
				"west": {"uv": [7, 2, 7.5, 2.5], "texture": "#8"},
				"up": {"uv": [7, 2, 9, 2.5], "texture": "#8"}
			}
		},
		{
			"from": [9.25, 8.5, 9.75],
			"to": [9.5, 9, 13],
			"shade": false,
			"rotation": {"angle": 22.5, "axis": "y", "origin": [10.50524, 8.74781, 10.7543]},
			"faces": {
				"north": {"uv": [3.5, 5, 4.5, 5.5], "texture": "#8"},
				"south": {"uv": [3.5, 11, 4, 11.5], "texture": "#8"},
				"west": {"uv": [3.5, 5, 4, 11.5], "rotation": 270, "texture": "#8"},
				"up": {"uv": [3.5, 5, 4, 11.5], "texture": "#8"}
			}
		},
		{
			"from": [12, 8.5, 9.75],
			"to": [12.25, 9, 13],
			"shade": false,
			"rotation": {"angle": 22.5, "axis": "y", "origin": [10.50524, 8.74781, 10.7543]},
			"faces": {
				"north": {"uv": [11.5, 5, 12.5, 5.5], "texture": "#8"},
				"east": {"uv": [12, 5, 12.5, 11.5], "rotation": 90, "texture": "#8"},
				"south": {"uv": [12, 11, 12.5, 11.5], "texture": "#8"},
				"up": {"uv": [12, 5, 12.5, 11.5], "texture": "#8"}
			}
		},
		{
			"from": [9, 8.5, 10],
			"to": [9.25, 9, 12.75],
			"shade": false,
			"rotation": {"angle": 22.5, "axis": "y", "origin": [10.50524, 8.74781, 10.7543]},
			"faces": {
				"north": {"uv": [3, 5.5, 3.5, 6], "texture": "#8"},
				"south": {"uv": [3, 10.5, 3.5, 11], "texture": "#8"},
				"west": {"uv": [3, 5.5, 3.5, 11], "rotation": 270, "texture": "#8"},
				"up": {"uv": [3, 5.5, 3.5, 11], "texture": "#8"}
			}
		},
		{
			"from": [12.25, 8.5, 10],
			"to": [12.5, 9, 12.75],
			"shade": false,
			"rotation": {"angle": 22.5, "axis": "y", "origin": [10.50524, 8.74781, 10.7543]},
			"faces": {
				"north": {"uv": [12.5, 5.5, 13, 6], "texture": "#8"},
				"east": {"uv": [12.5, 5.5, 13, 11], "rotation": 90, "texture": "#8"},
				"south": {"uv": [12.5, 10.5, 13, 11], "texture": "#8"},
				"up": {"uv": [12.5, 5.5, 13, 11], "texture": "#8"}
			}
		},
		{
			"from": [8.75, 8.5, 10.25],
			"to": [9, 9, 12.5],
			"shade": false,
			"rotation": {"angle": 22.5, "axis": "y", "origin": [10.50524, 8.74781, 10.7543]},
			"faces": {
				"north": {"uv": [2.5, 6, 3, 6.5], "texture": "#8"},
				"south": {"uv": [2.5, 10, 3, 10.5], "texture": "#8"},
				"west": {"uv": [2.5, 6, 3, 10.5], "rotation": 270, "texture": "#8"},
				"up": {"uv": [2.5, 6, 3, 10.5], "texture": "#8"}
			}
		},
		{
			"from": [12.5, 8.5, 10.25],
			"to": [12.75, 9, 12.5],
			"shade": false,
			"rotation": {"angle": 22.5, "axis": "y", "origin": [10.50524, 8.74781, 10.7543]},
			"faces": {
				"north": {"uv": [13, 6, 13.5, 6.5], "texture": "#8"},
				"east": {"uv": [13, 6, 13.5, 10.5], "rotation": 90, "texture": "#8"},
				"south": {"uv": [13, 10, 13.5, 10.5], "texture": "#8"},
				"up": {"uv": [13, 6, 13.5, 10.5], "texture": "#8"}
			}
		},
		{
			"from": [8.5, 8.5, 10.5],
			"to": [8.75, 9, 12.25],
			"shade": false,
			"rotation": {"angle": 22.5, "axis": "y", "origin": [10.50524, 8.74781, 10.7543]},
			"faces": {
				"north": {"uv": [2, 6.5, 2.5, 7], "texture": "#8"},
				"south": {"uv": [2, 9.5, 2.5, 10], "texture": "#8"},
				"west": {"uv": [2, 6.5, 2.5, 10], "rotation": 270, "texture": "#8"},
				"up": {"uv": [2, 6.5, 2.5, 10], "texture": "#8"}
			}
		},
		{
			"from": [12.75, 8.5, 10.5],
			"to": [13, 9, 12.25],
			"shade": false,
			"rotation": {"angle": 22.5, "axis": "y", "origin": [10.50524, 8.74781, 10.7543]},
			"faces": {
				"north": {"uv": [13.5, 6.5, 14, 7], "texture": "#8"},
				"east": {"uv": [13.5, 6.5, 14, 10], "rotation": 90, "texture": "#8"},
				"south": {"uv": [13.5, 9.5, 14, 10], "texture": "#8"},
				"up": {"uv": [13.5, 6.5, 14, 10], "texture": "#8"}
			}
		},
		{
			"from": [8.25, 8.5, 11],
			"to": [8.5, 9, 11.75],
			"shade": false,
			"rotation": {"angle": 22.5, "axis": "y", "origin": [10.50524, 8.74781, 10.7543]},
			"faces": {
				"north": {"uv": [1.5, 7.5, 2, 8], "texture": "#8"},
				"south": {"uv": [1.5, 8.5, 2, 9], "texture": "#8"},
				"west": {"uv": [1.5, 7.5, 2, 9], "rotation": 270, "texture": "#8"},
				"up": {"uv": [1.5, 7.5, 2, 9], "texture": "#8"}
			}
		},
		{
			"from": [13, 8.5, 11],
			"to": [13.25, 9, 11.75],
			"shade": false,
			"rotation": {"angle": 22.5, "axis": "y", "origin": [10.50524, 8.74781, 10.7543]},
			"faces": {
				"north": {"uv": [14, 7.5, 14.5, 8], "texture": "#8"},
				"east": {"uv": [14, 7.5, 14.5, 9], "rotation": 90, "texture": "#8"},
				"south": {"uv": [14, 8.5, 14.5, 9], "texture": "#8"},
				"up": {"uv": [14, 7.5, 14.5, 9], "texture": "#8"}
			}
		},
		{
			"from": [3.5, 8.5, 1.75],
			"to": [5.75, 8.75, 7.25],
			"shade": false,
			"rotation": {"angle": -45, "axis": "y", "origin": [5.43221, 8.62429, 5.3435]},
			"faces": {
				"north": {"uv": [4, 2, 8.5, 2.5], "rotation": 180, "texture": "#9"},
				"east": {"uv": [8, 2, 8.5, 2.5], "texture": "#9"},
				"south": {"uv": [4, 12.5, 8.5, 13], "texture": "#9"},
				"west": {"uv": [4, 2, 4.5, 13], "rotation": 270, "texture": "#9"},
				"up": {"uv": [4, 2, 8.5, 13], "texture": "#9"}
			}
		},
		{
			"from": [5.75, 8.5, 2],
			"to": [7.75, 8.75, 7],
			"shade": false,
			"rotation": {"angle": -45, "axis": "y", "origin": [5.43221, 8.62429, 5.3435]},
			"faces": {
				"north": {"uv": [8.5, 2.5, 12.5, 3], "rotation": 180, "texture": "#9"},
				"east": {"uv": [12, 2.5, 12.5, 12.5], "rotation": 90, "texture": "#9"},
				"south": {"uv": [8.5, 12, 12.5, 12.5], "texture": "#9"},
				"up": {"uv": [8.5, 2.5, 12.5, 12.5], "texture": "#9"}
			}
		},
		{
			"from": [7.75, 8.5, 2.25],
			"to": [8.25, 8.75, 5.75],
			"shade": false,
			"rotation": {"angle": -45, "axis": "y", "origin": [5.43221, 8.62429, 5.3435]},
			"faces": {
				"north": {"uv": [12.5, 3, 13.5, 3.5], "rotation": 180, "texture": "#9"},
				"east": {"uv": [13, 3, 13.5, 10], "rotation": 90, "texture": "#9"},
				"south": {"uv": [13, 9.5, 13.5, 10], "texture": "#9"},
				"up": {"uv": [12.5, 3, 13.5, 10], "texture": "#9"}
			}
		},
		{
			"from": [3, 8.5, 3.25],
			"to": [3.5, 8.75, 7.25],
			"shade": false,
			"rotation": {"angle": -45, "axis": "y", "origin": [5.43221, 8.62429, 5.3435]},
			"faces": {
				"north": {"uv": [3, 5, 3.5, 5.5], "texture": "#9"},
				"south": {"uv": [3, 12.5, 4, 13], "texture": "#9"},
				"west": {"uv": [3, 5, 3.5, 13], "rotation": 270, "texture": "#9"},
				"up": {"uv": [3, 5, 4, 13], "texture": "#9"}
			}
		},
		{
			"from": [4.5, 8.5, 7],
			"to": [7.5, 8.75, 7.75],
			"shade": false,
			"rotation": {"angle": -45, "axis": "y", "origin": [5.43221, 8.62429, 5.3435]},
			"faces": {
				"east": {"uv": [11.5, 12.5, 12, 14], "rotation": 90, "texture": "#9"},
				"south": {"uv": [6, 13.5, 12, 14], "texture": "#9"},
				"west": {"uv": [6, 13.5, 6.5, 14], "texture": "#9"},
				"up": {"uv": [6, 12.5, 12, 14], "texture": "#9"}
			}
		},
		{
			"from": [5.75, 8.5, 7.75],
			"to": [7.25, 8.75, 8],
			"shade": false,
			"rotation": {"angle": -45, "axis": "y", "origin": [5.43221, 8.62429, 5.3435]},
			"faces": {
				"east": {"uv": [11, 14, 11.5, 14.5], "texture": "#9"},
				"south": {"uv": [8.5, 14, 11.5, 14.5], "texture": "#9"},
				"west": {"uv": [8.5, 14, 9, 14.5], "texture": "#9"},
				"up": {"uv": [8.5, 14, 11.5, 14.5], "texture": "#9"}
			}
		},
		{
			"from": [6.5, 8.5, 8],
			"to": [7, 8.75, 8.25],
			"shade": false,
			"rotation": {"angle": -45, "axis": "y", "origin": [5.43221, 8.62429, 5.3435]},
			"faces": {
				"east": {"uv": [10.5, 14.5, 11, 15], "texture": "#9"},
				"south": {"uv": [10, 14.5, 11, 15], "texture": "#9"},
				"west": {"uv": [10, 14.5, 10.5, 15], "texture": "#9"},
				"up": {"uv": [10, 14.5, 11, 15], "texture": "#9"}
			}
		},
		{
			"from": [4, 8.5, 7.25],
			"to": [4.5, 8.75, 7.5],
			"shade": false,
			"rotation": {"angle": -45, "axis": "y", "origin": [5.43221, 8.62429, 5.3435]},
			"faces": {
				"south": {"uv": [5, 13, 6, 13.5], "texture": "#9"},
				"west": {"uv": [5, 13, 5.5, 13.5], "texture": "#9"},
				"up": {"uv": [5, 13, 6, 13.5], "texture": "#9"}
			}
		},
		{
			"from": [2.25, 8.5, 5.5],
			"to": [3, 8.75, 7.25],
			"shade": false,
			"rotation": {"angle": -45, "axis": "y", "origin": [5.43221, 8.62429, 5.3435]},
			"faces": {
				"north": {"uv": [1.5, 9.5, 2, 10], "texture": "#9"},
				"south": {"uv": [1.5, 12.5, 3, 13], "texture": "#9"},
				"west": {"uv": [1.5, 9.5, 2, 13], "rotation": 270, "texture": "#9"},
				"up": {"uv": [1.5, 9.5, 3, 13], "texture": "#9"}
			}
		},
		{
			"from": [2.5, 8.5, 4.75],
			"to": [3, 8.75, 5.5],
			"shade": false,
			"rotation": {"angle": -45, "axis": "y", "origin": [5.43221, 8.62429, 5.3435]},
			"faces": {
				"north": {"uv": [2, 8, 2.5, 8.5], "texture": "#9"},
				"west": {"uv": [2, 8, 2.5, 9.5], "rotation": 270, "texture": "#9"},
				"up": {"uv": [2, 8, 3, 9.5], "texture": "#9"}
			}
		},
		{
			"from": [2.75, 8.5, 4],
			"to": [3, 8.75, 4.75],
			"shade": false,
			"rotation": {"angle": -45, "axis": "y", "origin": [5.43221, 8.62429, 5.3435]},
			"faces": {
				"north": {"uv": [2.5, 6.5, 3, 7], "texture": "#9"},
				"west": {"uv": [2.5, 6.5, 3, 8], "texture": "#9"},
				"up": {"uv": [2.5, 6.5, 3, 8], "texture": "#9"}
			}
		},
		{
			"from": [1.75, 8.5, 6.25],
			"to": [2.25, 8.75, 7],
			"shade": false,
			"rotation": {"angle": -45, "axis": "y", "origin": [5.43221, 8.62429, 5.3435]},
			"faces": {
				"north": {"uv": [0.5, 11, 1, 11.5], "texture": "#9"},
				"south": {"uv": [0.5, 12, 1.5, 12.5], "texture": "#9"},
				"west": {"uv": [0.5, 11, 1, 12.5], "rotation": 270, "texture": "#9"},
				"up": {"uv": [0.5, 11, 1.5, 12.5], "texture": "#9"}
			}
		},
		{
			"from": [2, 8.5, 6],
			"to": [2.25, 8.75, 6.25],
			"shade": false,
			"rotation": {"angle": -45, "axis": "y", "origin": [5.43221, 8.62429, 5.3435]},
			"faces": {
				"north": {"uv": [1, 10.5, 1.5, 11], "texture": "#9"},
				"west": {"uv": [1, 10.5, 1.5, 11], "texture": "#9"},
				"up": {"uv": [1, 10.5, 1.5, 11], "texture": "#9"}
			}
		},
		{
			"from": [3.25, 8.5, 2.5],
			"to": [3.5, 8.75, 3.25],
			"shade": false,
			"rotation": {"angle": -45, "axis": "y", "origin": [5.43221, 8.62429, 5.3435]},
			"faces": {
				"north": {"uv": [4, 2, 4.5, 2.5], "texture": "#9"},
				"west": {"uv": [3.5, 3.5, 4, 5], "rotation": 90, "texture": "#9"},
				"up": {"uv": [3.5, 3.5, 4, 5], "texture": "#9"}
			}
		},
		{
			"from": [3.75, 8.5, 1.5],
			"to": [5, 8.75, 1.75],
			"shade": false,
			"rotation": {"angle": -45, "axis": "y", "origin": [5.43221, 8.62429, 5.3435]},
			"faces": {
				"north": {"uv": [4.5, 1.5, 7, 2], "rotation": 180, "texture": "#9"},
				"east": {"uv": [6.5, 1.5, 7, 2], "texture": "#9"},
				"west": {"uv": [4.5, 1.5, 5, 2], "texture": "#9"},
				"up": {"uv": [4.5, 1.5, 7, 2], "texture": "#9"}
			}
		},
		{
			"from": [8.25, 8.5, 2.25],
			"to": [9, 8.75, 3.5],
			"shade": false,
			"rotation": {"angle": -45, "axis": "y", "origin": [5.43221, 8.62429, 5.3435]},
			"faces": {
				"north": {"uv": [13.5, 3, 15, 3.5], "rotation": 180, "texture": "#9"},
				"east": {"uv": [14.5, 4.5, 15, 5.5], "rotation": 90, "texture": "#9"},
				"south": {"uv": [14, 6, 14.5, 6.5], "texture": "#9"},
				"up": {"uv": [13.5, 3, 15, 5.5], "texture": "#9"}
			}
		},
		{
			"from": [8.25, 8.5, 3.5],
			"to": [8.75, 8.75, 4],
			"shade": false,
			"rotation": {"angle": -45, "axis": "y", "origin": [5.43221, 8.62429, 5.3435]},
			"faces": {
				"east": {"uv": [14, 5.5, 14.5, 6.5], "rotation": 90, "texture": "#9"},
				"south": {"uv": [14, 6, 14.5, 6.5], "texture": "#9"},
				"up": {"uv": [13.5, 5.5, 14.5, 6.5], "texture": "#9"}
			}
		},
		{
			"from": [8.25, 8.5, 4],
			"to": [8.5, 8.75, 4.25],
			"shade": false,
			"rotation": {"angle": -45, "axis": "y", "origin": [5.43221, 8.62429, 5.3435]},
			"faces": {
				"east": {"uv": [13.5, 6.5, 14, 7], "texture": "#9"},
				"south": {"uv": [13.5, 6.5, 14, 7], "texture": "#9"},
				"up": {"uv": [13.5, 6.5, 14, 7], "texture": "#9"}
			}
		},
		{
			"from": [9, 8.5, 2.5],
			"to": [9.25, 8.75, 3],
			"shade": false,
			"rotation": {"angle": -45, "axis": "y", "origin": [5.43221, 8.62429, 5.3435]},
			"faces": {
				"north": {"uv": [15, 3.5, 15.5, 4], "texture": "#9"},
				"east": {"uv": [15, 3.5, 15.5, 4.5], "rotation": 90, "texture": "#9"},
				"south": {"uv": [15, 4, 15.5, 4.5], "texture": "#9"},
				"up": {"uv": [15, 3.5, 15.5, 4.5], "texture": "#9"}
			}
		},
		{
			"from": [7.75, 8.5, 5.75],
			"to": [8, 8.75, 6.5],
			"shade": false,
			"rotation": {"angle": -45, "axis": "y", "origin": [5.43221, 8.62429, 5.3435]},
			"faces": {
				"east": {"uv": [12.5, 10, 13, 11.5], "rotation": 90, "texture": "#9"},
				"south": {"uv": [12.5, 11, 13, 11.5], "texture": "#9"},
				"up": {"uv": [12.5, 10, 13, 11.5], "texture": "#9"}
			}
		}
	],
	"display": {
		"thirdperson_righthand": {
			"rotation": [75, 45, 0],
			"translation": [0, 2.5, 0],
			"scale": [0.375, 0.375, 0.375]
		},
		"thirdperson_lefthand": {
			"rotation": [75, 45, 0],
			"translation": [0, 2.5, 0],
			"scale": [0.375, 0.375, 0.375]
		},
		"firstperson_righthand": {
			"rotation": [0, 45, 0],
			"scale": [0.4, 0.4, 0.4]
		},
		"firstperson_lefthand": {
			"rotation": [0, 225, 0],
			"scale": [0.4, 0.4, 0.4]
		},
		"ground": {
			"translation": [0, 3, 0],
			"scale": [0.25, 0.25, 0.25]
		},
		"gui": {
			"rotation": [30, 225, 0],
			"scale": [0.625, 0.625, 0.625]
		},
		"fixed": {
			"scale": [0.5, 0.5, 0.5]
		}
	},
	"groups": [
		{
			"name": "Globe",
			"origin": [8, 8, 8],
			"children": [
				{
					"name": "Yellow",
					"origin": [8, 8, 8],
					"children": [0, 1, 2, 3, 4, 5, 6, 7, 8]
				},
				{
					"name": "Red",
					"origin": [8, 8, 8],
					"children": [9, 10, 11, 12, 13, 14, 15, 16, 17]
				},
				{
					"name": "Blue",
					"origin": [8, 8, 8],
					"children": [18, 19, 20]
				}
			]
		},
		{
			"name": "Table",
			"origin": [8, 8, 8],
			"children": [21, 22, 23, 24, 25, 26, 27, 28, 29, 30, 31, 32, 33, 34, 35, 36, 37, 38, 39, 40, 41]
		},
		{
			"name": "compass",
			"origin": [3, 8, 8],
			"children": [42, 43, 44, 45, 46, 47, 48, 49, 50, 51, 52, 53, 54, 55, 56, 57, 58]
		},
		{
			"name": "map",
			"origin": [8, 8, 8],
			"children": [59, 60, 61, 62, 63, 64, 65, 66, 67, 68, 69, 70, 71, 72, 73, 74, 75, 76, 77, 78]
		}
	]
}