{
	"credit": "Made By WantedRobot",
	"textures": {
		"0": "block/composter_side",
		"2": "block/composter_bottom",
		"3": "block/composter_compost",
		"4": "block/composter_ready",
		"5": "block/composter_top",
		"particle": "block/composter_side"
	},
	"elements": [
		{
			"name": "bottom",
			"from": [0, 0, 0],
			"to": [16, 2, 16],
			"faces": {
				"north": {"uv": [0, 14, 16, 16], "texture": "#0", "cullface": "north"},
				"east": {"uv": [0, 14, 16, 16], "texture": "#0", "cullface": "east"},
				"south": {"uv": [0, 14, 16, 16], "texture": "#0", "cullface": "south"},
				"west": {"uv": [0, 14, 16, 16], "texture": "#0", "cullface": "west"},
				"up": {"uv": [0, 0, 16, 16], "texture": "#2"},
				"down": {"uv": [0, 0, 16, 16], "texture": "#2", "cullface": "down"}
			}
		},
		{
			"from": [2, 2, 2],
			"to": [14, 15, 14],
			"faces": {
				"north": {"uv": [2, 1, 14, 14], "texture": "#3"},
				"east": {"uv": [2, 1, 14, 14], "texture": "#3"},
				"south": {"uv": [2, 1, 14, 14], "texture": "#3"},
				"west": {"uv": [2, 1, 14, 14], "texture": "#3"},
				"up": {"uv": [2, 2, 14, 14], "texture": "#4"}
			}
		},
		{
			"from": [14, 13.5, 2],
			"to": [16, 14, 3.5],
			"faces": {
				"east": {"uv": [12.5, 14, 14, 14.5], "texture": "#0", "cullface": "east"},
				"south": {"uv": [0.5, 12.5, 2.5, 13], "texture": "#0"}
			}
		},
		{
			"from": [0, 13.5, 2],
			"to": [2, 14, 3.5],
			"faces": {
				"south": {"uv": [0.5, 12.5, 2.5, 13], "rotation": 180, "texture": "#0"},
				"west": {"uv": [2, 13.5, 3.5, 14], "texture": "#0", "cullface": "west"}
			}
		},
		{
			"from": [12.5, 13.5, 0],
			"to": [14, 14, 2],
			"faces": {
				"north": {"uv": [2, 13.5, 3.5, 14], "texture": "#0", "cullface": "north"},
				"west": {"uv": [0.5, 12.5, 2.5, 13], "rotation": 180, "texture": "#0"}
			}
		},
		{
			"from": [14, 13.5, 12.5],
			"to": [16, 14, 14],
			"faces": {
				"north": {"uv": [0.5, 12.5, 2.5, 13], "rotation": 180, "texture": "#0"},
				"east": {"uv": [2, 13.5, 3.5, 14], "texture": "#0", "cullface": "east"}
			}
		},
		{
			"from": [2, 13.5, 14],
			"to": [3.5, 14, 16],
			"faces": {
				"east": {"uv": [0.5, 12.5, 2.5, 13], "rotation": 180, "texture": "#0"},
				"south": {"uv": [2, 13.5, 3.5, 14], "texture": "#0", "cullface": "south"}
			}
		},
		{
			"from": [2, 13.5, 0],
			"to": [3.5, 14, 2],
			"faces": {
				"north": {"uv": [12.5, 14, 14, 14.5], "texture": "#0", "cullface": "north"},
				"east": {"uv": [0.5, 12.5, 2.5, 13], "texture": "#0"}
			}
		},
		{
			"from": [0, 13.5, 12.5],
			"to": [2, 14, 14],
			"faces": {
				"north": {"uv": [0.5, 12.5, 2.5, 13], "texture": "#0"},
				"west": {"uv": [12.5, 14, 14, 14.5], "texture": "#0", "cullface": "west"}
			}
		},
		{
			"from": [12.5, 13.5, 14],
			"to": [14, 14, 16],
			"faces": {
				"south": {"uv": [12.5, 14, 14, 14.5], "texture": "#0", "cullface": "south"},
				"west": {"uv": [0.5, 12.5, 2.5, 13], "texture": "#0"}
			}
		},
		{
			"from": [12.5, 2, 14],
			"to": [14, 2.5, 16],
			"faces": {
				"south": {"uv": [12.5, 14, 14, 14.5], "texture": "#0", "cullface": "south"},
				"west": {"uv": [0.5, 12.5, 2.5, 13], "texture": "#0"}
			}
		},
		{
			"from": [0, 2, 12.5],
			"to": [2, 2.5, 14],
			"faces": {
				"north": {"uv": [0.5, 12.5, 2.5, 13], "texture": "#0"},
				"west": {"uv": [12.5, 14, 14, 14.5], "texture": "#0", "cullface": "west"}
			}
		},
		{
			"from": [2, 2, 0],
			"to": [3.5, 2.5, 2],
			"faces": {
				"north": {"uv": [12.5, 14, 14, 14.5], "texture": "#0", "cullface": "north"},
				"east": {"uv": [0.5, 12.5, 2.5, 13], "texture": "#0"}
			}
		},
		{
			"from": [2, 2, 14],
			"to": [3.5, 2.5, 16],
			"faces": {
				"east": {"uv": [0.5, 12.5, 2.5, 13], "rotation": 180, "texture": "#0"},
				"south": {"uv": [2, 13.5, 3.5, 14], "texture": "#0", "cullface": "south"}
			}
		},
		{
			"from": [14, 2, 12.5],
			"to": [16, 2.5, 14],
			"faces": {
				"north": {"uv": [0.5, 12.5, 2.5, 13], "rotation": 180, "texture": "#0"},
				"east": {"uv": [2, 13.5, 3.5, 14], "texture": "#0", "cullface": "east"}
			}
		},
		{
			"from": [12.5, 2, 0],
			"to": [14, 2.5, 2],
			"faces": {
				"north": {"uv": [2, 13.5, 3.5, 14], "texture": "#0", "cullface": "north"},
				"west": {"uv": [0.5, 12.5, 2.5, 13], "rotation": 180, "texture": "#0"}
			}
		},
		{
			"from": [0, 2, 2],
			"to": [2, 2.5, 3.5],
			"faces": {
				"south": {"uv": [0.5, 12.5, 2.5, 13], "rotation": 180, "texture": "#0"},
				"west": {"uv": [2, 13.5, 3.5, 14], "texture": "#0", "cullface": "west"}
			}
		},
		{
			"from": [14, 2, 2],
			"to": [16, 2.5, 3.5],
			"faces": {
				"east": {"uv": [12.5, 14, 14, 14.5], "texture": "#0", "cullface": "east"},
				"south": {"uv": [0.5, 12.5, 2.5, 13], "texture": "#0"}
			}
		},
		{
			"from": [2, 2.5, 0],
			"to": [14, 5.5, 2],
			"faces": {
				"north": {"uv": [2, 10.5, 14, 13.5], "texture": "#0", "cullface": "north"},
				"up": {"uv": [2, 11, 14, 13], "texture": "#0"},
				"down": {"uv": [2, 7, 14, 9], "texture": "#0"}
			}
		},
		{
			"from": [2, 6.5, 0],
			"to": [14, 9.5, 2],
			"faces": {
				"north": {"uv": [2, 6.5, 14, 9.5], "texture": "#0", "cullface": "north"},
				"up": {"uv": [2, 11, 14, 13], "texture": "#0"},
				"down": {"uv": [2, 7, 14, 9], "texture": "#0"}
			}
		},
		{
			"from": [2, 10.5, 0],
			"to": [14, 13.5, 2],
			"faces": {
				"north": {"uv": [2, 2.5, 14, 5.5], "texture": "#0", "cullface": "north"},
				"up": {"uv": [2, 11, 14, 13], "texture": "#0"},
				"down": {"uv": [2, 7, 14, 9], "texture": "#0"}
			}
		},
		{
			"from": [14, 2.5, 2],
			"to": [16, 5.5, 14],
			"faces": {
				"east": {"uv": [2, 10.5, 14, 13.5], "texture": "#0", "cullface": "east"},
				"up": {"uv": [2, 11, 14, 13], "rotation": 90, "texture": "#0"},
				"down": {"uv": [2, 7, 14, 9], "rotation": 270, "texture": "#0"}
			}
		},
		{
			"from": [14, 6.5, 2],
			"to": [16, 9.5, 14],
			"faces": {
				"east": {"uv": [2, 6.5, 14, 9.5], "texture": "#0", "cullface": "east"},
				"up": {"uv": [2, 11, 14, 13], "rotation": 90, "texture": "#0"},
				"down": {"uv": [2, 7, 14, 9], "rotation": 270, "texture": "#0"}
			}
		},
		{
			"from": [14, 10.5, 2],
			"to": [16, 13.5, 14],
			"faces": {
				"east": {"uv": [2, 2.5, 14, 5.5], "texture": "#0", "cullface": "east"},
				"up": {"uv": [2, 11, 14, 13], "rotation": 90, "texture": "#0"},
				"down": {"uv": [2, 7, 14, 9], "rotation": 270, "texture": "#0"}
			}
		},
		{
			"from": [0, 2.5, 2],
			"to": [2, 5.5, 14],
			"faces": {
				"west": {"uv": [2, 10.5, 14, 13.5], "texture": "#0", "cullface": "west"},
				"up": {"uv": [2, 11, 14, 13], "rotation": 270, "texture": "#0"},
				"down": {"uv": [2, 7, 14, 9], "rotation": 90, "texture": "#0"}
			}
		},
		{
			"from": [0, 6.5, 2],
			"to": [2, 9.5, 14],
			"faces": {
				"west": {"uv": [2, 6.5, 14, 9.5], "texture": "#0", "cullface": "west"},
				"up": {"uv": [2, 11, 14, 13], "rotation": 270, "texture": "#0"},
				"down": {"uv": [2, 7, 14, 9], "rotation": 90, "texture": "#0"}
			}
		},
		{
			"from": [0, 10.5, 2],
			"to": [2, 13.5, 14],
			"faces": {
				"west": {"uv": [2, 2.5, 14, 5.5], "texture": "#0", "cullface": "west"},
				"up": {"uv": [2, 11, 14, 13], "rotation": 270, "texture": "#0"},
				"down": {"uv": [2, 7, 14, 9], "rotation": 90, "texture": "#0"}
			}
		},
		{
			"from": [2, 2.5, 14],
			"to": [14, 5.5, 16],
			"faces": {
				"south": {"uv": [2, 10.5, 14, 13.5], "texture": "#0", "cullface": "south"},
				"up": {"uv": [2, 11, 14, 13], "rotation": 180, "texture": "#0"},
				"down": {"uv": [2, 7, 14, 9], "rotation": 180, "texture": "#0"}
			}
		},
		{
			"from": [2, 6.5, 14],
			"to": [14, 9.5, 16],
			"faces": {
				"south": {"uv": [2, 6.5, 14, 9.5], "texture": "#0", "cullface": "south"},
				"up": {"uv": [2, 11, 14, 13], "rotation": 180, "texture": "#0"},
				"down": {"uv": [2, 7, 14, 9], "rotation": 180, "texture": "#0"}
			}
		},
		{
			"from": [2, 10.5, 14],
			"to": [14, 13.5, 16],
			"faces": {
				"south": {"uv": [2, 2.5, 14, 5.5], "texture": "#0", "cullface": "south"},
				"up": {"uv": [2, 11, 14, 13], "rotation": 180, "texture": "#0"},
				"down": {"uv": [2, 7, 14, 9], "rotation": 180, "texture": "#0"}
			}
		},
		{
			"name": "top",
			"from": [2, 14, 0],
			"to": [14, 16, 2],
			"faces": {
				"north": {"uv": [2, 0, 14, 2], "texture": "#0", "cullface": "north"},
				"south": {"uv": [2, 0, 14, 2], "texture": "#5"},
				"up": {"uv": [2, 0, 14, 2], "texture": "#5", "cullface": "up"},
				"down": {"uv": [2, 0, 14, 2], "texture": "#5"}
			}
		},
		{
			"name": "top",
			"from": [2, 14, 14],
			"to": [14, 16, 16],
			"faces": {
				"north": {"uv": [2, 0, 14, 2], "texture": "#5"},
				"south": {"uv": [2, 0, 14, 2], "texture": "#0", "cullface": "south"},
				"up": {"uv": [2, 14, 14, 16], "texture": "#5", "cullface": "up"},
				"down": {"uv": [2, 14, 14, 16], "texture": "#5"}
			}
		},
		{
			"name": "top",
			"from": [0, 14, 2],
			"to": [2, 16, 14],
			"faces": {
				"east": {"uv": [2, 0, 14, 2], "texture": "#5"},
				"west": {"uv": [2, 0, 14, 2], "texture": "#0", "cullface": "west"},
				"up": {"uv": [0, 2, 2, 14], "texture": "#5", "cullface": "up"},
				"down": {"uv": [0, 2, 2, 14], "texture": "#5"}
			}
		},
		{
			"name": "top",
			"from": [14, 14, 2],
			"to": [16, 16, 14],
			"faces": {
				"east": {"uv": [2, 0, 14, 2], "texture": "#0", "cullface": "east"},
				"west": {"uv": [2, 0, 14, 2], "texture": "#5"},
				"up": {"uv": [14, 2, 16, 14], "texture": "#5", "cullface": "up"},
				"down": {"uv": [14, 2, 16, 14], "texture": "#5"}
			}
		},
		{
			"name": "upward slats",
			"from": [14, 2, 0],
			"to": [16, 16, 2],
			"faces": {
				"north": {"uv": [0, 0, 2, 14], "texture": "#0", "cullface": "north"},
				"east": {"uv": [14, 0, 16, 14], "texture": "#0", "cullface": "east"},
				"south": {"uv": [14, 0, 16, 14], "texture": "#0"},
				"west": {"uv": [0, 0, 2, 14], "texture": "#0"},
				"up": {"uv": [14, 0, 16, 2], "texture": "#5", "cullface": "up"}
			}
		},
		{
			"name": "upward slats",
			"from": [0, 2, 0],
			"to": [2, 16, 2],
			"faces": {
				"north": {"uv": [14, 0, 16, 14], "texture": "#0", "cullface": "north"},
				"east": {"uv": [14, 0, 16, 14], "texture": "#0"},
				"south": {"uv": [0, 0, 2, 14], "texture": "#0"},
				"west": {"uv": [0, 0, 2, 14], "texture": "#0", "cullface": "west"},
				"up": {"uv": [0, 0, 2, 2], "texture": "#5", "cullface": "up"}
			}
		},
		{
			"name": "upward slats",
			"from": [0, 2, 14],
			"to": [2, 16, 16],
			"faces": {
				"north": {"uv": [14, 0, 16, 14], "texture": "#0"},
				"east": {"uv": [0, 0, 2, 14], "texture": "#0"},
				"south": {"uv": [0, 0, 2, 14], "texture": "#0", "cullface": "south"},
				"west": {"uv": [14, 0, 16, 14], "texture": "#0", "cullface": "west"},
				"up": {"uv": [0, 14, 2, 16], "texture": "#5", "cullface": "up"}
			}
		},
		{
			"name": "upward slats",
			"from": [14, 2, 14],
			"to": [16, 16, 16],
			"faces": {
				"north": {"uv": [0, 0, 2, 14], "texture": "#0"},
				"east": {"uv": [0, 0, 2, 14], "texture": "#0", "cullface": "east"},
				"south": {"uv": [14, 0, 16, 14], "texture": "#0", "cullface": "south"},
				"west": {"uv": [14, 0, 16, 14], "texture": "#0"},
				"up": {"uv": [14, 14, 16, 16], "texture": "#5", "cullface": "up"}
			}
		}
	]
}