{
	"__comment": "Created by Filal",
	"textures": {
		"particle": "block/acacia_door_bottom",
		"0": "block/acacia_door_bottom",
		"1": "block/acacia_door_edge"
	},
	"elements": [ 	 
		{
			"from": [ 0, 0, 13.5 ],
			"to": [ 2.5, 16, 15.5 ],
			"faces": {
				"down": { "uv": [ 6.5, 13.5, 8.48, 15.98 ], "texture": "#1", "rotation": 90 },
				"up": { "uv": [ 6.5, 0, 8.48, 2.48 ], "texture": "#1", "rotation": 270 },
				"north": { "uv": [ 13.51, 0.01, 15.99, 15.99 ], "texture": "#0" },
				"south": { "uv": [ 15.99, 0.01, 13.53, 15.99 ], "texture": "#0" },
				"west": { "uv": [ 13.5, 0.02, 15.48, 16 ], "texture": "#1" },
				"east": { "uv": [ 13.5, 0.02, 15.48, 16 ], "texture": "#1" }
			}
		},
		{
			"from": [ 13.5, 0, 13.5 ],
			"to": [ 16, 16, 15.5 ],
			"faces": {
				"down": { "uv": [ 6.5, 13.5, 8.48, 15.98 ], "texture": "#1", "rotation": 270 },
				"up": { "uv": [ 6.5, 0, 8.48, 2.48 ], "texture": "#1", "rotation": 90 },
				"north": { "uv": [ 0.01, 0.01, 2.49, 15.99 ], "texture": "#0" },
				"south": { "uv": [ 2.49, 0.01, 0.01, 15.99 ], "texture": "#0" },
				"west": { "uv": [ 13.5, 0, 15.48, 15.98 ], "texture": "#1" },
				"east": { "uv": [ 0.51, 0.01, 2.49, 15.99 ], "texture": "#1" }
			}
		},
		{
			"from": [ 2.5, 0, 13.5 ],
			"to": [ 13.5, 10.5, 15.5 ],
			"faces": {
				"down": { "uv": [ 6.5, 2.5, 8.48, 13.48 ], "texture": "#1", "rotation": 90 },
				"up": { "uv": [ 6.5, 2.5, 8.48, 13.48 ], "texture": "#1", "rotation": 90 },
				"north": { "uv": [ 2.51, 5.51, 13.49, 15.99 ], "texture": "#0" },
				"south": { "uv": [ 13.49, 5.51, 2.51, 15.99 ], "texture": "#0" }
			}
		},
		{
			"from": [ 2, 2, 13 ],
			"to": [ 14, 9, 16 ],
			"faces": {
				"down": { "uv": [ 2.01, 13.51, 13.99, 13.99 ], "texture": "#0", "rotation": 180 },
				"up": { "uv": [ 2.01, 7.01, 13.99, 7.49 ], "texture": "#0", "rotation": 180 },
				"north": { "uv": [ 2.01, 7.01, 13.99, 13.99 ], "texture": "#0" },
				"south": { "uv": [ 13.99, 7.01, 2.01, 13.99 ], "texture": "#0" },
				"west": { "uv": [ 13.51, 7.01, 13.99, 13.99 ], "texture": "#0" },
				"east": { "uv": [ 2.01, 7.01, 2.49, 13.99 ], "texture": "#0" }
			}
		},
		{
			"from": [ 14.5, 0.5, 13 ],
			"to": [ 15.5, 16, 16 ],
			"faces": {
				"down": { "uv": [ 6, 0.5, 8.98, 1.48 ], "texture": "#1", "rotation": 90 },
				"up": { "uv": [ 6, 0.5, 8.98, 1.48 ], "texture": "#1", "rotation": 90 },
				"north": { "uv": [ 0.51, 0.01, 1.49, 15.49 ], "texture": "#0" },
				"south": { "uv": [ 1.49, 0.01, 0.51, 15.49 ], "texture": "#0" },
				"west": { "uv": [ 1.01, 0.01, 1.49, 15.49 ], "texture": "#0" },
				"east": { "uv": [ 0.51, 0.01, 0.99, 15.49 ], "texture": "#0" }
			}
		},
		{
			"from": [ 0.5, 0.5, 13 ],
			"to": [ 1.5, 16, 16 ],
			"faces": {
				"down": { "uv": [ 6, 0.5, 8.98, 1.48 ], "texture": "#1", "rotation": 90 },
				"up": { "uv": [ 6, 0.5, 8.98, 1.48 ], "texture": "#1", "rotation": 270 },
				"north": { "uv": [ 14.51, 0.01, 15.49, 15.49 ], "texture": "#0" },
				"south": { "uv": [ 15.49, 0.01, 14.51, 15.49 ], "texture": "#0" },
				"west": { "uv": [ 15.01, 0.01, 15.49, 15.49 ], "texture": "#0" },
				"east": { "uv": [ 14.51, 0.01, 14.99, 15.49 ], "texture": "#0" }
			}
		},
		{
			"from": [ 1.5, 0.5, 13 ],
			"to": [ 14.5, 1, 16 ],
			"faces": {
				"down": { "uv": [ 6, 1.5, 9, 14.5 ], "texture": "#1", "rotation": 90 },
				"up": { "uv": [ 1.51, 15.01, 14.49, 15.49 ], "texture": "#0" },
				"north": { "uv": [ 1.51, 15.01, 14.49, 15.49 ], "texture": "#0" },
				"south": { "uv": [ 14.49, 15.01, 1.51, 15.49 ], "texture": "#0" }
			}
		},
		{
			"from": [ 1.5, 1.5, 13 ],
			"to": [ 14.5, 2, 16 ],
			"faces": {
				"down": { "uv": [ 1.51, 14.01, 14.49, 14.49 ], "texture": "#0", "rotation": 180 },
				"up": { "uv": [ 1.51, 14.01, 14.49, 14.49 ], "texture": "#0", "rotation": 180 },
				"north": { "uv": [ 1.51, 14.01, 14.49, 14.49 ], "texture": "#0" },
				"south": { "uv": [ 14.49, 14.01, 1.51, 14.49 ], "texture": "#0" }
			}
		},
		{
			"from": [ 2.01, 9.5, 13 ],
			"to": [ 14.01, 10, 16 ],
			"faces": {
				"down": { "uv": [ 2.01, 6.01, 13.99, 6.49 ], "texture": "#0", "rotation": 180 },
				"up": { "uv": [ 2.01, 6.01, 13.99, 6.49 ], "texture": "#0", "rotation": 180 },
				"north": { "uv": [ 2.01, 6.01, 13.99, 6.49 ], "texture": "#0" },
				"south": { "uv": [ 13.99, 6.01, 2.01, 6.49 ], "texture": "#0" },
				"west": { "uv": [ 13.51, 6.01, 13.99, 6.49 ], "texture": "#0" },
				"east": { "uv": [ 2.01, 6.01, 2.49, 6.49 ], "texture": "#0" }
			}
		},
		{
			"from": [ 3.5, 10.5, 14 ],
			"to": [ 4.51, 16, 15 ],
			"faces": {
				"north": { "uv": [ 4.01, 0.01, 4.99, 5.5 ], "texture": "#0" },
				"south": { "uv": [ 4.01, 0.01, 4.99, 5.5 ], "texture": "#0" },
				"west": { "uv": [ 3.51, 0.01, 4.49, 5.5 ], "texture": "#0" },
				"east": { "uv": [ 3.51, 0.01, 4.49, 5.5 ], "texture": "#0" }
			}
		},
		{
			"from": [ 5.51, 10.5, 14 ],
			"to": [ 6.51, 16, 15 ],
			"faces": {
				"north": { "uv": [ 11.51, 0.01, 12.49, 5.5 ], "texture": "#0" },
				"south": { "uv": [ 11.51, 0.01, 12.49, 5.5 ], "texture": "#0" },
				"west": { "uv": [ 11.01, 0.01, 11.99, 5.5 ], "texture": "#0" },
				"east": { "uv": [ 11.01, 0.01, 11.99, 5.5 ], "texture": "#0" }
			}
		},
		{
			"from": [ 7.51, 10.5, 14 ],
			"to": [ 8.5, 16, 15 ],
			"faces": {
				"north": { "uv": [ 9.01, 0.01, 9.99, 5.5 ], "texture": "#0" },
				"south": { "uv": [ 9.01, 0.01, 9.99, 5.5 ], "texture": "#0" },
				"west": { "uv": [ 8.51, 0.01, 9.49, 5.5 ], "texture": "#0" },
				"east": { "uv": [ 8.51, 0.01, 9.49, 5.5 ], "texture": "#0" }
			}
		},
		{
			"from": [ 9.5, 10.5, 14 ],
			"to": [ 10.5, 16, 15 ],
			"faces": {
				"north": { "uv": [ 6.51, 0.01, 7.49, 5.5 ], "texture": "#0" },
				"south": { "uv": [ 6.51, 0.01, 7.49, 5.5 ], "texture": "#0" },
				"west": { "uv": [ 6.01, 0.01, 6.99, 5.5 ], "texture": "#0" },
				"east": { "uv": [ 6.01, 0.01, 6.99, 5.5 ], "texture": "#0" }
			}
		},
		{
			"from": [ 11.5, 10.5, 14 ],
			"to": [ 12.5, 16, 15 ],
			"faces": {
				"north": { "uv": [ 4.01, 0.01, 4.99, 5.5 ], "texture": "#0" },
				"south": { "uv": [ 4.01, 0.01, 4.99, 5.5 ], "texture": "#0" },
				"west": { "uv": [ 3.51, 0.01, 4.49, 5.5 ], "texture": "#0" },
				"east": { "uv": [ 3.51, 0.01, 4.49, 5.5 ], "texture": "#0" }
			}
		},
		{
			"from": [ 1, 15.5, 16 ],
			"to": [ 2, 16, 16.5 ],
			"faces": {
				"down": { "uv": [ 14.01, 0.01, 14.99, 0.49 ], "texture": "#0", "rotation": 180 },
				"up": { "uv": [ 14.01, 0.01, 14.99, 0.49 ], "texture": "#0", "rotation": 180 },
				"north": { "uv": [ 14.01, 0.01, 14.99, 0.49 ], "texture": "#0" },
				"south": { "uv": [ 14.01, 0.01, 14.99, 0.49 ], "texture": "#0", "rotation": 180 },
				"west": { "uv": [ 14.51, 0.01, 14.99, 0.49 ], "texture": "#0" },
				"east": { "uv": [ 14.01, 0.01, 14.49, 0.49 ], "texture": "#0" }
			}
		},
		{
			"from": [ 1, 15.5, 12.5 ],
			"to": [ 2, 16, 13 ],
			"faces": {
				"down": { "uv": [ 14.01, 0.01, 14.99, 0.49 ], "texture": "#0", "rotation": 180 },
				"up": { "uv": [ 14.01, 0.01, 14.99, 0.49 ], "texture": "#0", "rotation": 180 },
				"north": { "uv": [ 14.01, 0.01, 14.99, 0.49 ], "texture": "#0" },
				"south": { "uv": [ 14.01, 0.01, 14.99, 0.49 ], "texture": "#0" },
				"west": { "uv": [ 14.51, 0.01, 14.99, 0.49 ], "texture": "#0" },
				"east": { "uv": [ 14.01, 0.01, 14.49, 0.49 ], "texture": "#0" }
			}
		}
	]
}