{
	"__comment": "Created by Filal",
	"textures": {
		"particle": "block/acacia_door_top",
		"0": "block/acacia_door_top",
		"1": "block/acacia_door_edge"
	},
	"elements": [ 	 
		{
			"__comment": "Element",
			"from": [ 0, 0, 13.5 ],
			"to": [ 2.5, 16, 15.5 ],
			"faces": {
				"down": { "uv": [ 6.5, 13.52, 8.48, 16 ], "texture": "#1", "rotation": 90 },
				"up": { "uv": [ 6.5, 13.5, 8.48, 15.98 ], "texture": "#1", "rotation": 90 },
				"north": { "uv": [ 2.49, 0.01, 0.01, 15.99 ], "texture": "#0" },
				"south": { "uv": [ 2.49, 0.01, 0.01, 15.99 ], "texture": "#0" },
				"west": { "uv": [ 10.5, 0, 12.48, 15.98 ], "texture": "#1" },
				"east": { "uv": [ 13.5, 0, 15.48, 15.98 ], "texture": "#1" }
			}
		},
		{
			"__comment": "Element",
			"from": [ 13.5, 0, 13.5 ],
			"to": [ 16, 16, 15.5 ],
			"faces": {
				"down": { "uv": [ 6.5, 0, 8.48, 2.48 ], "texture": "#1", "rotation": 90 },
				"up": { "uv": [ 6.5, 0, 8.5, 2.5 ], "texture": "#1", "rotation": 90 },
				"north": { "uv": [ 0.01, 0.01, 2.49, 15.99 ], "texture": "#0" },
				"south": { "uv": [ 2.49, 0.01, 0.01, 15.99 ], "texture": "#0" },
				"west": { "uv": [ 13.5, 0, 15.48, 15.98 ], "texture": "#1" },
				"east": { "uv": [ 3.5, 0, 5.48, 15.98 ], "texture": "#1" }
			}
		},
		{
			"__comment": "Element",
			"from": [ 2.5, 13.5, 13.5 ],
			"to": [ 13.5, 16, 15.5 ],
			"faces": {
				"down": { "uv": [ 6.5, 2.5, 8.48, 13.48 ], "texture": "#1", "rotation": 90 },
				"up": { "uv": [ 6.5, 2.5, 8.48, 13.48 ], "texture": "#1", "rotation": 90 },
				"north": { "uv": [ 2.51, 0.01, 13.49, 2.49 ], "texture": "#0" },
				"south": { "uv": [ 2.51, 0.01, 13.49, 2.49 ], "texture": "#0" }
			}
		},
		{
			"__comment": "Element",
			"from": [ 14.5, 0, 13 ],
			"to": [ 15.5, 15, 16 ],
			"faces": {
				"down": { "uv": [ 6, 0.5, 8.98, 1.48 ], "texture": "#1", "rotation": 90 },
				"north": { "uv": [ 0.51, 1.01, 1.49, 15.99 ], "texture": "#0" },
				"south": { "uv": [ 1.49, 1.01, 0.51, 15.99 ], "texture": "#0" },
				"west": { "uv": [ 1.01, 1.01, 1.49, 15.99 ], "texture": "#0" },
				"east": { "uv": [ 0.51, 1.01, 0.99, 15.99 ], "texture": "#0" }
			}
		},
		{
			"__comment": "Element",
			"from": [ 0.5, 0, 13 ],
			"to": [ 1.5, 15, 16 ],
			"faces": {
				"down": { "uv": [ 6, 14.5, 8.98, 15.48 ], "texture": "#1", "rotation": 90 },
				"north": { "uv": [ 14.51, 1.01, 15.49, 15.99 ], "texture": "#0" },
				"south": { "uv": [ 15.49, 1.01, 14.51, 15.99 ], "texture": "#0" },
				"west": { "uv": [ 15.01, 1.01, 15.49, 15.99 ], "texture": "#0" },
				"east": { "uv": [ 0.51, 1.01, 0.99, 15.99 ], "texture": "#0" }
			}
		},
		{
			"__comment": "Element",
			"from": [ 0.5, 15, 13 ],
			"to": [ 15.5, 15.5, 16 ],
			"faces": {
				"down": { "uv": [ 0.51, 0.51, 15.49, 0.99 ], "texture": "#0", "rotation": 180 },
				"up": { "uv": [ 0.51, 0.51, 15.49, 0.99 ], "texture": "#0", "rotation": 180 },
				"north": { "uv": [ 0.51, 0.51, 15.49, 0.99 ], "texture": "#0" },
				"south": { "uv": [ 15.49, 0.51, 0.51, 0.99 ], "texture": "#0" },
				"west": { "uv": [ 15.01, 0.51, 15.49, 0.99 ], "texture": "#0" },
				"east": { "uv": [ 0.51, 0.51, 0.99, 0.99 ], "texture": "#0" }
			}
		},
		{
			"__comment": "Element",
			"from": [ 0, 0, 13 ],
			"to": [ 0.5, 3, 16 ],
			"faces": {
				"down": { "uv": [ 6, 15.5, 8.98, 15.98 ], "texture": "#1", "rotation": 90 },
				"up": { "uv": [ 15.51, 13.01, 15.99, 13.49 ], "texture": "#0" },
				"north": { "uv": [ 15.51, 13.01, 15.99, 15.99 ], "texture": "#0" },
				"south": { "uv": [ 15.51, 13.01, 15.99, 15.99 ], "texture": "#0" },
				"west": { "uv": [ 10, 13.02, 12.98, 16 ], "texture": "#1" }
			}
		},
		{
			"__comment": "Element",
			"from": [ 1.5, 0, 13 ],
			"to": [ 2, 3, 16 ],
			"faces": {
				"down": { "uv": [ 6, 14, 8.98, 14.48 ], "texture": "#1", "rotation": 90 },
				"up": { "uv": [ 14.01, 13.01, 14.49, 13.49 ], "texture": "#0" },
				"north": { "uv": [ 14.01, 13.01, 14.49, 15.99 ], "texture": "#0" },
				"south": { "uv": [ 14.01, 13.01, 14.49, 15.99 ], "texture": "#0" },
				"east": { "uv": [ 6.51, 2.01, 6.99, 5.049999 ], "texture": "#0" }
			}
		},
		{
			"__comment": "Element",
			"from": [ 1, 0, 12.5 ],
			"to": [ 2, 2, 13 ],
			"faces": {
				"up": { "uv": [ 14.01, 14.01, 14.99, 14.49 ], "texture": "#0" },
				"north": { "uv": [ 14.01, 14.01, 14.99, 15.99 ], "texture": "#0" },
				"west": { "uv": [ 14.51, 14.01, 14.99, 15.99 ], "texture": "#0" },
				"east": { "uv": [ 14.01, 14.01, 14.49, 15.99 ], "texture": "#0" }
			}
		},
		{
			"__comment": "Element",
			"from": [ 0.5, 0, 12.5 ],
			"to": [ 1, 1.5, 13 ],
			"faces": {
				"down": { "uv": [ 15.01, 15.51, 15.49, 15.99 ], "texture": "#0" },
				"up": { "uv": [ 15.01, 14.51, 15.49, 14.99 ], "texture": "#0" },
				"north": { "uv": [ 15.01, 14.51, 15.49, 15.99 ], "texture": "#0" },
				"west": { "uv": [ 15.01, 14.51, 15.49, 15.99 ], "texture": "#0" }
			}
		},
		{
			"__comment": "Element",
			"from": [ 2, 0.5, 12.5 ],
			"to": [ 5.51, 2, 13 ],
			"faces": {
				"down": { "uv": [ 10.51, 15.01, 13.99, 15.49 ], "texture": "#0", "rotation": 180 },
				"up": { "uv": [ 10.51, 14.01, 13.99, 14.49 ], "texture": "#0" },
				"north": { "uv": [ 10.51, 14.01, 13.99, 15.49 ], "texture": "#0" },
				"south": { "uv": [ 13.99, 14.01, 10.51, 15.49 ], "texture": "#0" },
				"east": { "uv": [ 10.51, 14.01, 10.99, 15.49 ], "texture": "#0" }
			}
		},
		{
			"__comment": "Element",
			"from": [ 2, 0, 12.5 ],
			"to": [ 2.5, 0.5, 13 ],
			"faces": {
				"down": { "uv": [ 13.51, 15.51, 13.99, 15.99 ], "texture": "#0" },
				"north": { "uv": [ 13.51, 15.51, 13.99, 15.99 ], "texture": "#0" },
				"south": { "uv": [ 13.51, 15.51, 13.99, 15.99 ], "texture": "#0" },
				"east": { "uv": [ 13.51, 15.51, 13.99, 15.99 ], "texture": "#0" }
			}
		},
		{
			"__comment": "Element",
			"from": [ 5.51, 0.5, 12.5 ],
			"to": [ 6, 1.5, 13 ],
			"faces": {
				"down": { "uv": [ 10.01, 15.01, 10.49, 15.49 ], "texture": "#0" },
				"up": { "uv": [ 10.01, 14.51, 10.49, 14.99 ], "texture": "#0" },
				"north": { "uv": [ 10.01, 14.51, 10.49, 15.49 ], "texture": "#0" },
				"south": { "uv": [ 10.01, 14.51, 10.49, 15.49 ], "texture": "#0" },
				"east": { "uv": [ 10.01, 14.51, 10.49, 15.49 ], "texture": "#0" }
			}
		},
		{
			"__comment": "Element",
			"from": [ 5.51, 0.5, 16 ],
			"to": [ 6, 1.5, 16.5 ],
			"faces": {
				"down": { "uv": [ 10.01, 15.01, 10.49, 15.49 ], "texture": "#0" },
				"up": { "uv": [ 10.01, 14.51, 10.49, 14.99 ], "texture": "#0" },
				"north": { "uv": [ 10.01, 14.51, 10.49, 15.49 ], "texture": "#0" },
				"south": { "uv": [ 10.01, 14.51, 10.49, 15.49 ], "texture": "#0" },
				"east": { "uv": [ 10.01, 14.51, 10.49, 15.49 ], "texture": "#0" }
			}
		},
		{
			"__comment": "Element",
			"from": [ 2, 0, 16 ],
			"to": [ 2.5, 0.5, 16.5 ],
			"faces": {
				"down": { "uv": [ 13.51, 15.51, 13.99, 15.99 ], "texture": "#0" },
				"north": { "uv": [ 13.51, 15.51, 13.99, 15.99 ], "texture": "#0" },
				"south": { "uv": [ 13.51, 15.51, 13.99, 15.99 ], "texture": "#0" },
				"east": { "uv": [ 13.51, 15.51, 13.99, 15.99 ], "texture": "#0" }
			}
		},
		{
			"__comment": "Element",
			"from": [ 2, 0.5, 16 ],
			"to": [ 5.51, 2, 16.5 ],
			"faces": {
				"down": { "uv": [ 10.51, 15.01, 13.99, 15.49 ], "texture": "#0" },
				"up": { "uv": [ 10.51, 14.01, 13.99, 14.49 ], "texture": "#0" },
				"north": { "uv": [ 10.51, 14.01, 13.99, 15.49 ], "texture": "#0" },
				"south": { "uv": [ 13.99, 14.01, 10.51, 15.49 ], "texture": "#0" },
				"east": { "uv": [ 10.51, 14.01, 10.99, 15.49 ], "texture": "#0" }
			}
		},
		{
			"__comment": "Element",
			"from": [ 0.5, 0, 16 ],
			"to": [ 1, 1.5, 16.5 ],
			"faces": {
				"down": { "uv": [ 15.01, 15.51, 15.49, 15.99 ], "texture": "#0" },
				"up": { "uv": [ 15.01, 14.51, 15.49, 14.99 ], "texture": "#0" },
				"south": { "uv": [ 15.01, 14.51, 15.49, 15.99 ], "texture": "#0" },
				"west": { "uv": [ 15.01, 14.51, 15.49, 15.99 ], "texture": "#0" }
			}
		},
		{
			"__comment": "Element",
			"from": [ 1, 0, 16 ],
			"to": [ 2, 2, 16.5 ],
			"faces": {
				"up": { "uv": [ 14.01, 14.01, 14.99, 14.49 ], "texture": "#0" },
				"south": { "uv": [ 14.99, 14.01, 14.01, 15.99 ], "texture": "#0" },
				"west": { "uv": [ 14.51, 14.01, 14.99, 15.99 ], "texture": "#0" },
				"east": { "uv": [ 14.01, 14.01, 14.49, 15.99 ], "texture": "#0" }
			}
		},
		{
			"__comment": "Element",
			"from": [ 3.5, 1.5, 14 ],
			"to": [ 4.51, 13.5, 15 ],
			"faces": {
				"north": { "uv": [ 4.01, 2.51, 4.99, 14.49 ], "texture": "#0" },
				"south": { "uv": [ 4.01, 2.51, 4.99, 14.49 ], "texture": "#0" },
				"west": { "uv": [ 3.51, 2.51, 4.49, 14.49 ], "texture": "#0" },
				"east": { "uv": [ 3.51, 2.51, 4.49, 14.49 ], "texture": "#0" }
			}
		},
		{
			"__comment": "Element",
			"from": [ 5.51, 1.5, 14 ],
			"to": [ 6.51, 13.5, 15 ],
			"faces": {
				"north": { "uv": [ 6.51, 2.51, 7.49, 14.49 ], "texture": "#0" },
				"south": { "uv": [ 6.51, 2.51, 7.49, 14.49 ], "texture": "#0" },
				"west": { "uv": [ 6.01, 2.51, 6.99, 14.49 ], "texture": "#0" },
				"east": { "uv": [ 6.01, 2.51, 6.99, 14.49 ], "texture": "#0" }
			}
		},
		{
			"__comment": "Element",
			"from": [ 7.51, 1.5, 14 ],
			"to": [ 8.5, 13.5, 15 ],
			"faces": {
				"north": { "uv": [ 9.01, 2.51, 9.99, 14.49 ], "texture": "#0" },
				"south": { "uv": [ 9.01, 2.51, 9.99, 14.49 ], "texture": "#0" },
				"west": { "uv": [ 8.51, 2.51, 9.49, 14.49 ], "texture": "#0" },
				"east": { "uv": [ 8.51, 2.51, 9.49, 14.49 ], "texture": "#0" }
			}
		},
		{
			"__comment": "Element",
			"from": [ 9.5, 1.5, 14 ],
			"to": [ 10.5, 13.5, 15 ],
			"faces": {
				"north": { "uv": [ 11.51, 2.51, 12.49, 14.49 ], "texture": "#0" },
				"south": { "uv": [ 11.51, 2.51, 12.49, 14.49 ], "texture": "#0" },
				"west": { "uv": [ 11.01, 2.51, 11.99, 14.49 ], "texture": "#0" },
				"east": { "uv": [ 11.01, 2.51, 11.99, 14.49 ], "texture": "#0" }
			}
		},
		{
			"__comment": "Element",
			"from": [ 11.5, 1.5, 14 ],
			"to": [ 12.5, 13.5, 15 ],
			"faces": {
				"north": { "uv": [ 4.01, 2.51, 4.99, 14.49 ], "texture": "#0" },
				"south": { "uv": [ 4.01, 2.51, 4.99, 14.49 ], "texture": "#0" },
				"west": { "uv": [ 3.51, 2.51, 4.49, 14.49 ], "texture": "#0" },
				"east": { "uv": [ 3.51, 2.51, 4.49, 14.49 ], "texture": "#0" }
			}
		},
		{
			"__comment": "Element",
			"from": [ 2.5, 0, 13.5 ],
			"to": [ 13.5, 1.5, 15.5 ],
			"faces": {
				"down": { "uv": [ 6.5, 2.5, 8.48, 13.48 ], "texture": "#1", "rotation": 90 },
				"up": { "uv": [ 6.5, 2.5, 8.48, 13.48 ], "texture": "#1", "rotation": 270 },
				"north": { "uv": [ 7, 2.5, 8.48, 13.48 ], "texture": "#1", "rotation": 90 },
				"south": { "uv": [ 7, 2.5, 8.48, 13.48 ], "texture": "#1", "rotation": 90 }
			}
		}
	]
}