{
	"__comment": "Created by Filal",
	"textures": {
		"particle": "block/allium",
		"0": "block/allium",
		"1": "block/allium1",
		"2": "block/allium2",
		"3": "block/allium3"
	},
	"elements": [ 	 
		{
			"__comment": "PlaneX1",
			"from": [ 5.5, 0, -1 ],
			"to": [ 5.501, 12, 15 ],
			"rotation": { "origin": [ 5.5, 0, -1 ], "axis": "y", "angle": -22.5 },
			"shade": false,
			"faces": {
				"west": { "uv": [ 0, 4, 16, 16 ], "texture": "#0" },
				"east": { "uv": [ 16, 4, 0, 16 ], "texture": "#0" }
			}
		},
		{
			"__comment": "PlaneX2",
			"from": [ -0.5, 0, 5 ],
			"to": [ -0.499, 13.5, 21 ],
			"rotation": { "origin": [ -0.5, 0, 5 ], "axis": "y", "angle": 45 },
			"shade": false,
			"faces": {
				"west": { "uv": [ 16, 2.5, 0, 16 ], "texture": "#1" },
				"east": { "uv": [ 0, 2.5, 16, 16 ], "texture": "#1" }
			}
		},
		{
			"__comment": "PlaneX2",
			"from": [ 4, 0, 14.499 ],
			"to": [ 20, 13.5, 14.5 ],
			"rotation": { "origin": [ 4, 0, 14.5 ], "axis": "y", "angle": 45 },
			"shade": false,
			"faces": {
				"north": { "uv": [ 16, 2.5, 0, 16 ], "texture": "#2" },
				"south": { "uv": [ 0, 2.5, 16, 16 ], "texture": "#2" }
			}
		},
		{
			"__comment": "PlaneX2",
			"from": [ 13.999, 0, -5 ],
			"to": [ 14, 13.5, 11 ],
			"rotation": { "origin": [ 14, 0, 11 ], "axis": "y", "angle": 45 },
			"shade": false,
			"faces": {
				"west": { "uv": [ 16, 2.5, 0, 16 ], "texture": "#3" },
				"east": { "uv": [ 0, 2.5, 16, 16 ], "texture": "#3" }
			}
		},
		{
			"__comment": "PlaneX2",
			"from": [ -5, 0, 0 ],
			"to": [ 11, 13.5, 0.001 ],
			"rotation": { "origin": [ 11, 0, 0 ], "axis": "y", "angle": 22.5 },
			"shade": false,
			"faces": {
				"north": { "uv": [ 16, 2.5, 0, 16 ], "texture": "#1" },
				"south": { "uv": [ 0, 2.5, 16, 16 ], "texture": "#1" }
			}
		},
		{
			"__comment": "Box6",
			"from": [ 0.5, 11.5, 6.5 ],
			"to": [ 1.5, 13.5, 7.5 ],
			"rotation": { "origin": [ 0.5, 11.5, 6.5 ], "axis": "y", "angle": 45 },
			"shade": false,
			"faces": {
				"down": { "uv": [ 9, 0.5, 10, 1.5 ], "texture": "#0" },
				"up": { "uv": [ 9, 0.5, 10, 1.5 ], "texture": "#0" },
				"north": { "uv": [ 9, 0, 10, 2 ], "texture": "#0" },
				"south": { "uv": [ 9, 0, 10, 2 ], "texture": "#0" },
				"west": { "uv": [ 9, 0, 10, 2 ], "texture": "#0" },
				"east": { "uv": [ 9, 0, 10, 2 ], "texture": "#0" }
			}
		},
		{
			"__comment": "Box6",
			"from": [ 0.5, 12, 6 ],
			"to": [ 1.5, 13, 8 ],
			"rotation": { "origin": [ 0.5, 11.5, 6.5 ], "axis": "y", "angle": 45 },
			"shade": false,
			"faces": {
				"down": { "uv": [ 8.5, 0.5, 10.5, 1.5 ], "texture": "#0", "rotation": 90 },
				"up": { "uv": [ 8.5, 0.5, 10.5, 1.5 ], "texture": "#0", "rotation": 90 },
				"north": { "uv": [ 9, 0.5, 10, 1.5 ], "texture": "#0" },
				"south": { "uv": [ 9, 0.5, 10, 1.5 ], "texture": "#0" },
				"west": { "uv": [ 8.5, 0.5, 10.5, 1.5 ], "texture": "#0" },
				"east": { "uv": [ 8.5, 0.5, 10.5, 1.5 ], "texture": "#0" }
			}
		},
		{
			"__comment": "Box6",
			"from": [ 0, 12, 6.5 ],
			"to": [ 2, 13, 7.5 ],
			"rotation": { "origin": [ 0.5, 11.5, 6.5 ], "axis": "y", "angle": 45 },
			"shade": false,
			"faces": {
				"down": { "uv": [ 8.5, 0.5, 10.5, 1.5 ], "texture": "#0", "rotation": 180 },
				"up": { "uv": [ 8.5, 0.5, 10.5, 1.5 ], "texture": "#0", "rotation": 180 },
				"north": { "uv": [ 8.5, 0.5, 10.5, 1.5 ], "texture": "#0" },
				"south": { "uv": [ 8.5, 0.5, 10.5, 1.5 ], "texture": "#0" },
				"west": { "uv": [ 9, 0.5, 10, 1.5 ], "texture": "#0" },
				"east": { "uv": [ 9, 0.5, 10, 1.5 ], "texture": "#0" }
			}
		},
		{
			"__comment": "Box6",
			"from": [ 8.5, 12.5, 5.5 ],
			"to": [ 9.5, 13.5, 7.5 ],
			"shade": false,
			"faces": {
				"down": { "uv": [ 4, 0.5, 6, 1.5 ], "texture": "#0", "rotation": 90 },
				"up": { "uv": [ 4, 0.5, 6, 1.5 ], "texture": "#0", "rotation": 90 },
				"north": { "uv": [ 4.5, 0.5, 5.5, 1.5 ], "texture": "#0" },
				"south": { "uv": [ 4.5, 0.5, 5.5, 1.5 ], "texture": "#0" },
				"west": { "uv": [ 4, 0.5, 6, 1.5 ], "texture": "#0" },
				"east": { "uv": [ 4, 0.5, 6, 1.5 ], "texture": "#0" }
			}
		},
		{
			"__comment": "Box6",
			"from": [ 8, 12.5, 6 ],
			"to": [ 10, 13.5, 7 ],
			"shade": false,
			"faces": {
				"down": { "uv": [ 4, 0.5, 6, 1.5 ], "texture": "#0", "rotation": 180 },
				"up": { "uv": [ 4, 0.5, 6, 1.5 ], "texture": "#0", "rotation": 180 },
				"north": { "uv": [ 4, 0.5, 6, 1.5 ], "texture": "#0" },
				"south": { "uv": [ 4, 0.5, 6, 1.5 ], "texture": "#0" },
				"west": { "uv": [ 4.5, 0.5, 5.5, 1.5 ], "texture": "#0" },
				"east": { "uv": [ 4.5, 0.5, 5.5, 1.5 ], "texture": "#0" }
			}
		},
		{
			"__comment": "Box6",
			"from": [ 8.5, 12, 6 ],
			"to": [ 9.5, 14, 7 ],
			"shade": false,
			"faces": {
				"down": { "uv": [ 4.5, 0.5, 5.5, 1.5 ], "texture": "#0" },
				"up": { "uv": [ 4.5, 0.5, 5.5, 1.5 ], "texture": "#0" },
				"north": { "uv": [ 4.5, 0, 5.5, 2 ], "texture": "#0" },
				"south": { "uv": [ 4.5, 0, 5.5, 2 ], "texture": "#0" },
				"west": { "uv": [ 4.5, 0, 5.5, 2 ], "texture": "#0" },
				"east": { "uv": [ 4.5, 0, 5.5, 2 ], "texture": "#0" }
			}
		},
		{
			"__comment": "Box6",
			"from": [ 13.5, 9, 3.5 ],
			"to": [ 14.5, 11, 4.5 ],
			"rotation": { "origin": [ 13.5, 9, 3.5 ], "axis": "y", "angle": -22.5 },
			"shade": false,
			"faces": {
				"down": { "uv": [ 4.5, 0.5, 5.5, 1.5 ], "texture": "#0" },
				"up": { "uv": [ 4.5, 0.5, 5.5, 1.5 ], "texture": "#0" },
				"north": { "uv": [ 4.5, 0, 5.5, 2 ], "texture": "#0" },
				"south": { "uv": [ 4.5, 0, 5.5, 2 ], "texture": "#0" },
				"west": { "uv": [ 4.5, 0, 5.5, 2 ], "texture": "#0" },
				"east": { "uv": [ 4.5, 0, 5.5, 2 ], "texture": "#0" }
			}
		},
		{
			"__comment": "Box6",
			"from": [ 13.5, 9.5, 3 ],
			"to": [ 14.5, 10.5, 5 ],
			"rotation": { "origin": [ 13.5, 9, 3.5 ], "axis": "y", "angle": -22.5 },
			"shade": false,
			"faces": {
				"down": { "uv": [ 4, 0.5, 6, 1.5 ], "texture": "#0", "rotation": 90 },
				"up": { "uv": [ 4, 0.5, 6, 1.5 ], "texture": "#0", "rotation": 90 },
				"north": { "uv": [ 4.5, 0.5, 5.5, 1.5 ], "texture": "#0" },
				"south": { "uv": [ 4.5, 0.5, 5.5, 1.5 ], "texture": "#0" },
				"west": { "uv": [ 4, 0.5, 6, 1.5 ], "texture": "#0" },
				"east": { "uv": [ 4, 0.5, 6, 1.5 ], "texture": "#0" }
			}
		},
		{
			"__comment": "Box6",
			"from": [ 13, 9.5, 3.5 ],
			"to": [ 15, 10.5, 4.5 ],
			"rotation": { "origin": [ 13.5, 9, 3.5 ], "axis": "y", "angle": -22.5 },
			"shade": false,
			"faces": {
				"down": { "uv": [ 4, 0.5, 6, 1.5 ], "texture": "#0", "rotation": 180 },
				"up": { "uv": [ 4, 0.5, 6, 1.5 ], "texture": "#0", "rotation": 180 },
				"north": { "uv": [ 4, 0.5, 6, 1.5 ], "texture": "#0" },
				"south": { "uv": [ 4, 0.5, 6, 1.5 ], "texture": "#0" },
				"west": { "uv": [ 4.5, 0.5, 5.5, 1.5 ], "texture": "#0" },
				"east": { "uv": [ 4.5, 0.5, 5.5, 1.5 ], "texture": "#0" }
			}
		},
		{
			"__comment": "Box24",
			"from": [ 2, 13.5, 2 ],
			"to": [ 3.5, 15, 4.5 ],
			"shade": false,
			"faces": {
				"down": { "uv": [ 6, 0.5, 8.5, 2 ], "texture": "#0", "rotation": 90 },
				"up": { "uv": [ 6, 0.5, 8.5, 2 ], "texture": "#0", "rotation": 90 },
				"north": { "uv": [ 6.5, 0.5, 8, 2 ], "texture": "#0" },
				"south": { "uv": [ 6.5, 0.5, 8, 2 ], "texture": "#0" },
				"west": { "uv": [ 6, 0.5, 8.5, 2 ], "texture": "#0" },
				"east": { "uv": [ 6, 0.5, 8.5, 2 ], "texture": "#0" }
			}
		},
		{
			"__comment": "Box24",
			"from": [ 2, 13, 2.5 ],
			"to": [ 3.5, 15.5, 4 ],
			"shade": false,
			"faces": {
				"down": { "uv": [ 6.5, 0.5, 8, 2 ], "texture": "#0", "rotation": 90 },
				"up": { "uv": [ 6.5, 0.5, 8, 2 ], "texture": "#0", "rotation": 90 },
				"north": { "uv": [ 6.5, 0, 8, 2.5 ], "texture": "#0" },
				"south": { "uv": [ 6.5, 0, 8, 2.5 ], "texture": "#0" },
				"west": { "uv": [ 6, 0.5, 8.5, 2 ], "texture": "#0", "rotation": 90 },
				"east": { "uv": [ 6, 0.5, 8.5, 2 ], "texture": "#0", "rotation": 90 }
			}
		},
		{
			"__comment": "Box24",
			"from": [ 1.5, 13.5, 2.5 ],
			"to": [ 4, 15, 4 ],
			"shade": false,
			"faces": {
				"down": { "uv": [ 6, 0.5, 8.5, 2 ], "texture": "#0", "rotation": 180 },
				"up": { "uv": [ 6, 0.5, 8.5, 2 ], "texture": "#0", "rotation": 180 },
				"north": { "uv": [ 6, 0.5, 8.5, 2 ], "texture": "#0", "rotation": 180 },
				"south": { "uv": [ 6, 0.5, 8.5, 2 ], "texture": "#0" },
				"west": { "uv": [ 6.5, 0.5, 8, 2 ], "texture": "#0", "rotation": 90 },
				"east": { "uv": [ 6.5, 0.5, 8, 2 ], "texture": "#0", "rotation": 90 }
			}
		},
		{
			"__comment": "Box24",
			"from": [ 5, 14, 10 ],
			"to": [ 7.5, 15.5, 11.5 ],
			"rotation": { "origin": [ 5, 14, 10 ], "axis": "y", "angle": -45 },
			"shade": false,
			"faces": {
				"down": { "uv": [ 6, 0.5, 8.5, 2 ], "texture": "#0", "rotation": 180 },
				"up": { "uv": [ 6, 0.5, 8.5, 2 ], "texture": "#0", "rotation": 180 },
				"north": { "uv": [ 6, 0.5, 8.5, 2 ], "texture": "#0", "rotation": 180 },
				"south": { "uv": [ 6, 0.5, 8.5, 2 ], "texture": "#0" },
				"west": { "uv": [ 6.5, 0.5, 8, 2 ], "texture": "#0", "rotation": 90 },
				"east": { "uv": [ 6.5, 0.5, 8, 2 ], "texture": "#0", "rotation": 90 }
			}
		},
		{
			"__comment": "Box24",
			"from": [ 5.5, 13.5, 10 ],
			"to": [ 7, 16, 11.5 ],
			"rotation": { "origin": [ 5, 14, 10 ], "axis": "y", "angle": -45 },
			"shade": false,
			"faces": {
				"down": { "uv": [ 6.5, 0.5, 8, 2 ], "texture": "#0", "rotation": 90 },
				"up": { "uv": [ 6.5, 0.5, 8, 2 ], "texture": "#0", "rotation": 90 },
				"north": { "uv": [ 6.5, 0, 8, 2.5 ], "texture": "#0" },
				"south": { "uv": [ 6.5, 0, 8, 2.5 ], "texture": "#0" },
				"west": { "uv": [ 6, 0.5, 8.5, 2 ], "texture": "#0", "rotation": 90 },
				"east": { "uv": [ 6, 0.5, 8.5, 2 ], "texture": "#0", "rotation": 90 }
			}
		},
		{
			"__comment": "Box24",
			"from": [ 5.5, 14, 9.5 ],
			"to": [ 7, 15.5, 12 ],
			"rotation": { "origin": [ 5, 14, 10 ], "axis": "y", "angle": -45 },
			"shade": false,
			"faces": {
				"down": { "uv": [ 6, 0.5, 8.5, 2 ], "texture": "#0", "rotation": 90 },
				"up": { "uv": [ 6, 0.5, 8.5, 2 ], "texture": "#0", "rotation": 90 },
				"north": { "uv": [ 6.5, 0.5, 8, 2 ], "texture": "#0" },
				"south": { "uv": [ 6.5, 0.5, 8, 2 ], "texture": "#0" },
				"west": { "uv": [ 6, 0.5, 8.5, 2 ], "texture": "#0" },
				"east": { "uv": [ 6, 0.5, 8.5, 2 ], "texture": "#0" }
			}
		}
	]
}