{
	"__comment": "Created by Filal",
	"textures": {
		"particle": "block/azure_bluet",
		"0": "block/azure_bluet",
		"1": "block/azure_bluet3",
		"2": "block/azure_bluet1"
	},
	"elements": [ 	 
		{
			"from": [ 8, 0, 0 ],
			"to": [ 8, 4, 16 ],
			"rotation": { "origin": [ 8, 0, 0 ], "axis": "y", "angle": -22.5 },
			"shade": false,
			"faces": {
				"west": { "uv": [ 16, 12, 0, 16 ], "texture": "#0" },
				"east": { "uv": [ 0, 12, 16, 16 ], "texture": "#0" }
			}
		},
		{
			"from": [ 3, 0, 2.5 ],
			"to": [ 19, 4.5, 2.5 ],
			"rotation": { "origin": [ 3, 0, 2.5 ], "axis": "y", "angle": -22.5 },
			"shade": false,
			"faces": {
				"north": { "uv": [ 0, 11.5, 16, 16 ], "texture": "#1" },
				"south": { "uv": [ 0, 11.5, 16, 16 ], "texture": "#1" }
			}
		},
		{
			"from": [ -2, 0, 9 ],
			"to": [ 14, 4, 9 ],
			"shade": false,
			"faces": {
				"north": { "uv": [ 16, 12, 0, 16 ], "texture": "#0" },
				"south": { "uv": [ 0, 12, 16, 16 ], "texture": "#0" }
			}
		},
		{
			"from": [ 11.999, 0, 0.5 ],
			"to": [ 12, 4.5, 16.5 ],
			"shade": false,
			"faces": {
				"west": { "uv": [ 0, 11.5, 16, 16 ], "texture": "#1" },
				"east": { "uv": [ 0, 11.5, 16, 16 ], "texture": "#1" }
			}
		},
		{
			"from": [ 12.999, 0, 6.5 ],
			"to": [ 13, 3, 13.5 ],
			"rotation": { "origin": [ 13, 0, 13.5 ], "axis": "y", "angle": 45 },
			"shade": false,
			"faces": {
				"west": { "uv": [ 11.5, 13, 4.5, 16 ], "texture": "#2" },
				"east": { "uv": [ 4.5, 13, 11.5, 16 ], "texture": "#2" }
			}
		},
		{
			"from": [ -1, 2.5, 7.5 ],
			"to": [ 1.5, 2.5, 10 ],
			"rotation": { "origin": [ -1, 2.5, 8.75 ], "axis": "x", "angle": -22.5 },
			"shade": false,
			"faces": {
				"down": { "uv": [ 5, 0, 7.5, 2.5 ], "texture": "#0" },
				"up": { "uv": [ 5, 0, 7.5, 2.5 ], "texture": "#0" }
			}
		},
		{
			"from": [ 2.0699, 2.6688, 11.5 ],
			"to": [ 4.0699, 2.6698, 14 ],
			"rotation": { "origin": [ 3, 2.5, 11.5 ], "axis": "z", "angle": 22.5 },
			"shade": false,
			"faces": {
				"down": { "uv": [ 0, 0, 2.5, 2 ], "texture": "#0", "rotation": 90 },
				"up": { "uv": [ 0, 0, 2.5, 2 ], "texture": "#0", "rotation": 90 }
			}
		},
		{
			"from": [ 5, 3.1648, 2.8183 ],
			"to": [ 7.5, 3.1658, 5.3183 ],
			"rotation": { "origin": [ 5, 3, 4 ], "axis": "x", "angle": -22.5 },
			"shade": false,
			"faces": {
				"down": { "uv": [ 6.5, 2.5, 9, 5 ], "texture": "#0" },
				"up": { "uv": [ 6.5, 2.5, 9, 5 ], "texture": "#0" }
			}
		},
		{
			"from": [ 3, 4, 8 ],
			"to": [ 5.5, 4, 10.5 ],
			"rotation": { "origin": [ 3, 4, 9.25 ], "axis": "x", "angle": 22.5 },
			"shade": false,
			"faces": {
				"down": { "uv": [ 1.5, 2.5, 4, 5 ], "texture": "#0" },
				"up": { "uv": [ 1.5, 2.5, 4, 5 ], "texture": "#0" }
			}
		},
		{
			"from": [ 11, 4.5, 6.75 ],
			"to": [ 13.5, 4.5, 9.25 ],
			"rotation": { "origin": [ 12.25, 4.5, 8 ], "axis": "z", "angle": -22.5 },
			"shade": false,
			"faces": {
				"down": { "uv": [ 1.5, 2.5, 4, 5 ], "texture": "#0" },
				"up": { "uv": [ 1.5, 2.5, 4, 5 ], "texture": "#0" }
			}
		},
		{
			"from": [ 8.5, 4.5, 4.5 ],
			"to": [ 11, 4.5, 6.5 ],
			"rotation": { "origin": [ 8.5, 4.5, 5.5 ], "axis": "x", "angle": 22.5 },
			"shade": false,
			"faces": {
				"down": { "uv": [ 2.5, 0, 5, 2 ], "texture": "#0" },
				"up": { "uv": [ 2.5, 0, 5, 2 ], "texture": "#0" }
			}
		},
		{
			"from": [ 11.5, 2, 2 ],
			"to": [ 13, 2, 3.5 ],
			"rotation": { "origin": [ 12, 2, 2 ], "axis": "z", "angle": -45 },
			"shade": false,
			"faces": {
				"down": { "uv": [ 0, 2.5, 1.5, 4 ], "texture": "#0" },
				"up": { "uv": [ 0, 2.5, 1.5, 4 ], "texture": "#0" }
			}
		},
		{
			"from": [ 13, 2.5764, 6.0316 ],
			"to": [ 14.5, 2.5774, 7.5316 ],
			"rotation": { "origin": [ 13, 2.5, 7 ], "axis": "x", "angle": -22.5 },
			"shade": false,
			"faces": {
				"down": { "uv": [ 11.5, 0.5, 13, 2 ], "texture": "#0" },
				"up": { "uv": [ 11.5, 0.5, 13, 2 ], "texture": "#0" }
			}
		},
		{
			"from": [ 7.5, 3, 8 ],
			"to": [ 10, 3, 10.5 ],
			"shade": false,
			"faces": {
				"down": { "uv": [ 4, 2.5, 6.5, 5 ], "texture": "#0" },
				"up": { "uv": [ 4, 2.5, 6.5, 5 ], "texture": "#0" }
			}
		},
		{
			"from": [ 10, 2.5, 10.5 ],
			"to": [ 11.5, 2.5, 12 ],
			"rotation": { "origin": [ 10.5, 2.5, 10.5 ], "axis": "z", "angle": 22.5 },
			"shade": false,
			"faces": {
				"down": { "uv": [ 11.5, 0.5, 13, 2 ], "texture": "#0" },
				"up": { "uv": [ 11.5, 0.5, 13, 2 ], "texture": "#0" }
			}
		},
		{
			"from": [ 12.5, 3, 12.5 ],
			"to": [ 14, 3, 14 ],
			"rotation": { "origin": [ 13, 3, 12.5 ], "axis": "z", "angle": -22.5 },
			"shade": false,
			"faces": {
				"down": { "uv": [ 10, 0.5, 11.5, 2 ], "texture": "#0" },
				"up": { "uv": [ 10, 0.5, 11.5, 2 ], "texture": "#0", "rotation": 180 }
			}
		},
		{
			"from": [ 4.5, 3.5, 6.5 ],
			"to": [ 6, 3.5, 8 ],
			"rotation": { "origin": [ 5, 3.5, 6.5 ], "axis": "z", "angle": -22.5 },
			"shade": false,
			"faces": {
				"down": { "uv": [ 11.5, 0.5, 13, 2 ], "texture": "#0" },
				"up": { "uv": [ 11.5, 0.5, 13, 2 ], "texture": "#0" }
			}
		}
	]
}