{
"__comment": "Created by Filal",
"textures": {
    "particle": "block/bookshelf",
    "1": "block/bookshelf_end",
    "0": "block/bookshelf",
    "2": "block/books"
},
"elements": [ 
{
    "from": [ 0, 0, 0 ],
    "to": [ 16, 3, 16 ],
    "faces": {
        "down":  { "uv": [ 0, 0, 16, 16 ], "texture": "#1", "cullface": "down" },
        "up":    { "uv": [ 0, 0, 16, 16 ], "texture": "#1" },
        "north": { "uv": [ 0, 13, 16, 16 ], "texture": "#0", "cullface": "north" },
        "south": { "uv": [ 0, 13, 16, 16 ], "texture": "#0", "cullface": "south" },
        "west":  { "uv": [ 0, 13, 16, 16 ], "texture": "#0", "cullface": "west" },
        "east":  { "uv": [ 0, 13, 16, 16 ], "texture": "#0", "cullface": "east" }
    }
},
{
    "from": [ 8, 0, 0 ],
    "to": [ 8, 16, 16 ],
    "rotation": { "origin": [ 8.0, 8.0, 8.0 ], "axis": "y", "angle": 45.0, "rescale": true },
    "faces": {
        "west":  { "uv": [ 0, 0, 16, 16 ], "texture": "#1" },
        "east":  { "uv": [ 0, 0, 16, 16 ], "texture": "#1" }
    }
},
{
    "from": [ 0, 0, 8 ],
    "to": [ 16, 16, 8 ],
    "rotation": { "origin": [ 8.0, 8.0, 8.0 ], "axis": "y", "angle": 45.0, "rescale": true },
    "faces": {
        "north": { "uv": [ 0, 0, 16, 16 ], "texture": "#1" },
        "south": { "uv": [ 0, 0, 16, 16 ], "texture": "#1" }
    }
},
{
    "from": [ -0.498, 0.002, -0.498 ],
    "to": [ 0.498, 15.998, 0.498 ],
    "faces": {
        "down":  { "uv": [ 0, 15, 1, 16 ], "rotation": 180, "texture": "#1" },
        "up":    { "uv": [ 0, 0, 1, 1 ], "rotation": 180, "texture": "#1" },
        "north": { "uv": [ 0, 0, 1, 16 ], "texture": "#0" },
        "south": { "uv": [ 0, 0, 1, 16 ], "texture": "#0" },
        "west":  { "uv": [ 1, 0, 0, 16 ], "texture": "#0" },
        "east":  { "uv": [ 1, 0, 0, 16 ], "texture": "#0" }
    }
},
{
    "from": [ 15.498, 0.004, -0.502 ],
    "to": [ 16.502, 15.996, 0.502 ],
    "faces": {
        "down":  { "uv": [ 15, 15, 16, 16 ], "rotation": 180, "texture": "#1" },
        "up":    { "uv": [ 15, 0, 16, 1 ], "rotation": 180, "texture": "#1" },
        "north": { "uv": [ 15, 0, 16, 16 ], "texture": "#0" },
        "south": { "uv": [ 15, 0, 16, 16 ], "texture": "#0" },
        "west":  { "uv": [ 16, 0, 15, 16 ], "texture": "#0" },
        "east":  { "uv": [ 16, 0, 15, 16 ], "texture": "#0" }
    }
},
{
    "from": [ -0.504, 0.006, 15.496 ],
    "to": [ 0.504, 15.994, 16.504 ],
    "faces": {
        "down":  { "uv": [ 0, 0, 1, 1 ], "rotation": 180, "texture": "#1" },
        "up":    { "uv": [ 0, 15, 1, 16 ], "rotation": 180, "texture": "#1" },
        "north": { "uv": [ 15, 0, 16, 16 ], "texture": "#0" },
        "south": { "uv": [ 15, 0, 16, 16 ], "texture": "#0" },
        "west":  { "uv": [ 16, 0, 15, 16 ], "texture": "#0" },
        "east":  { "uv": [ 16, 0, 15, 16 ], "texture": "#0" }
    }
},
{
    "from": [ 15.494, 0.008, 15.494 ],
    "to": [ 16.506, 15.992, 16.506 ],
    "faces": {
        "down":  { "uv": [ 15, 15, 16, 16 ], "rotation": 90, "texture": "#1" },
        "up":    { "uv": [ 15, 15, 16, 16 ], "rotation": 180, "texture": "#1" },
        "north": { "uv": [ 0, 0, 1, 16 ], "texture": "#0" },
        "south": { "uv": [ 0, 0, 1, 16 ], "texture": "#0" },
        "west":  { "uv": [ 1, 0, 0, 16 ], "texture": "#0" },
        "east":  { "uv": [ 1, 0, 0, 16 ], "texture": "#0" }
    }
},
{
    "from": [ 0, 7.5, 0 ],
    "to": [ 16, 9, 16 ],
    "faces": {
        "down":  { "uv": [ 0, 0, 16, 16 ], "texture": "#1" },
        "up":    { "uv": [ 0, 0, 16, 16 ], "texture": "#1" },
        "north": { "uv": [ 0, 7, 16, 8.5 ], "texture": "#0", "cullface": "north" },
        "south": { "uv": [ 0, 7, 16, 8.5 ], "texture": "#0", "cullface": "south" },
        "west":  { "uv": [ 0, 7, 16, 8.5 ], "texture": "#0", "cullface": "west" },
        "east":  { "uv": [ 0, 7, 16, 8.5 ], "texture": "#0", "cullface": "east" }
    }
},
{
    "from": [ 0, 14, 0 ],
    "to": [ 16, 16, 16 ],
    "faces": {
        "down":  { "uv": [ 0, 0, 16, 16 ], "texture": "#1" },
        "up":    { "uv": [ 0, 0, 16, 16 ], "texture": "#1", "cullface": "up" },
        "north": { "uv": [ 0, 0, 16, 2 ], "texture": "#0", "cullface": "north" },
        "south": { "uv": [ 0, 0, 16, 2 ], "texture": "#0", "cullface": "south" },
        "west":  { "uv": [ 0, 0, 16, 2 ], "texture": "#0", "cullface": "west" },
        "east":  { "uv": [ 0, 0, 16, 2 ], "texture": "#0", "cullface": "east" }
    }
},
{
    "from": [ 1, 3, 0 ],
    "to": [ 2.506, 7, 2.506 ],
    "shade": false,
    "faces": {
        "up":    { "uv": [ 6, 12, 11.5, 14.5 ], "texture": "#2", "cullface": "north" },
        "north": { "uv": [ 13, 9, 14.5, 13 ], "texture": "#0", "cullface": "north" },
        "south": { "uv": [ 0.5, 10, 2.0, 14 ], "texture": "#2", "cullface": "north" },
        "west":  { "uv": [ 0, 10, 2.5, 14 ], "texture": "#2", "cullface": "north" },
        "east":  { "uv": [ 2.5, 14, 5, 10 ], "texture": "#2", "cullface": "north" }
    }
},
{
    "from": [ 3.2, 3, 0.2 ],
    "to": [ 4.7, 7, 2.2 ],
    "rotation": { "origin": [ 3.7, 5.0, 0.0 ], "axis": "z", "angle": 22.5 },
    "faces": {
        "down":  { "uv": [ 6, 11, 11.5, 13 ], "texture": "#2", "cullface": "north" },
        "up":    { "uv": [ 6, 11, 11.5, 13 ], "texture": "#2", "cullface": "north" },
        "north": { "uv": [ 11, 9, 12.5, 13 ], "texture": "#0", "cullface": "north" },
        "west":  { "uv": [ 9.5, 6, 11.5, 10 ], "texture": "#2", "cullface": "north" },
        "east":  { "uv": [ 12.5, 6, 14.5, 10 ], "texture": "#2", "cullface": "north" }
    }
},
{
    "from": [ 6, 3, 1.02 ],
    "to": [ 8, 7, 5 ],
    "faces": {
        "up":    { "uv": [ 6, 10, 11, 14 ], "texture": "#2", "cullface": "north" },
        "north": { "uv": [ 8, 9, 10, 13 ], "texture": "#0", "cullface": "north" },
        "west":  { "uv": [ 9.5, 6, 13.5, 10 ], "texture": "#2", "cullface": "north" },
        "east":  { "uv": [ 10.5, 6, 14.5, 10 ], "texture": "#2", "cullface": "north" }
    }
},
{
    "from": [ 8.5, 3, 0.7 ],
    "to": [ 10.5, 7, 3.7 ],
    "faces": {
        "up":    { "uv": [ 6, 10, 11, 13 ], "texture": "#2", "cullface": "north" },
        "north": { "uv": [ 5.5, 9, 7.5, 13 ], "texture": "#0", "cullface": "north" },
        "west":  { "uv": [ 5, 6, 8.5, 10 ], "texture": "#2", "cullface": "north" },
        "east":  { "uv": [ 9, 6, 5, 10 ], "texture": "#2", "cullface": "north" }
    }
},
{
    "from": [ 11.2, 3.1, 1.02 ],
    "to": [ 12.7, 7.1, 3 ],
    "rotation": { "origin": [ 11.8, 5.3, 1.0 ], "axis": "z", "angle": 22.5 },
    "faces": {
        "down":  { "uv": [ 6, 10, 11.5, 12 ], "texture": "#2", "cullface": "north" },
        "up":    { "uv": [ 6, 10, 11.5, 12 ], "texture": "#2", "cullface": "north" },
        "north": { "uv": [ 3.5, 9, 5, 13 ], "texture": "#0", "cullface": "north" },
        "west":  { "uv": [ 14.5, 0, 12, 4 ], "texture": "#2", "cullface": "north" },
        "east":  { "uv": [ 11.5, 4, 9.5, 0 ], "texture": "#2", "cullface": "north" }
    }
},
{
    "from": [ 13.5, 9, 0.2 ],
    "to": [ 15, 13.5, 2 ],
    "faces": {
        "up":    { "uv": [ 6, 10, 11.5, 12 ], "texture": "#2", "cullface": "north" },
        "north": { "uv": [ 1.5, 2, 3, 7 ], "texture": "#0", "cullface": "north" },
        "south": { "uv": [ 1, 0, 2.5, 4.5 ], "texture": "#2", "cullface": "north" },
        "west":  { "uv": [ 0, 0, 1.8, 4.5 ], "texture": "#2", "cullface": "north" },
        "east":  { "uv": [ 2, 0, 0, 4.5 ], "texture": "#2", "cullface": "north" }
    }
},
{
    "from": [ 11, 9, 0 ],
    "to": [ 13, 13.5, 3 ],
    "faces": {
        "up":    { "uv": [ 6, 10, 11, 13 ], "texture": "#2", "cullface": "north" },
        "north": { "uv": [ 3.5, 2, 5.5, 7 ], "texture": "#0", "cullface": "north" },
        "west":  { "uv": [ 5, 0, 9, 5 ], "texture": "#2", "cullface": "north" },
        "east":  { "uv": [ 6.5, 0, 9.5, 5 ], "texture": "#2", "cullface": "north" }
    }
},
{
    "from": [ 7.3, 9.3, 0.7 ],
    "to": [ 8.8, 13.8, 4.7 ],
    "rotation": { "origin": [ 8.0, 8.0, 8.0 ], "axis": "z", "angle": -22.5 },
    "faces": {
        "down":  { "uv": [ 6, 10, 11.5, 14 ], "texture": "#2", "cullface": "north" },
        "up":    { "uv": [ 6, 10, 11.5, 14 ], "texture": "#2", "cullface": "north" },
        "north": { "uv": [ 6, 2, 7.5, 7 ], "texture": "#0", "cullface": "north" },
        "west":  { "uv": [ 0, 5, 4, 10 ], "texture": "#2", "cullface": "north" },
        "east":  { "uv": [ 1.5, 5, 5, 10 ], "texture": "#2", "cullface": "north" }
    }
},
{
    "from": [ 5.51, 9, 0.506 ],
    "to": [ 7.51, 13.5, 4.51 ],
    "faces": {
        "up":    { "uv": [ 6, 10, 11, 14 ], "texture": "#2", "cullface": "north" },
        "north": { "uv": [ 8, 2, 10, 7 ], "texture": "#0", "cullface": "north" },
        "west":  { "uv": [ 9.5, 0, 13.5, 5 ], "texture": "#2", "cullface": "north" },
        "east":  { "uv": [ 10.5, 0, 14.5, 5 ], "texture": "#2", "cullface": "north" }
    }
},
{
    "from": [ 3.5, 9, 0.7 ],
    "to": [ 5, 13.5, 3.7 ],
    "faces": {
        "up":    { "uv": [ 6, 10, 11.5, 13 ], "texture": "#2", "cullface": "north" },
        "north": { "uv": [ 10.5, 2, 12, 7 ], "texture": "#0", "cullface": "north" },
        "south": { "uv": [ 0, 0, 1.5, 4.5 ], "texture": "#2", "cullface": "north" },
        "west":  { "uv": [ 0, 5, 3, 10 ], "texture": "#2", "cullface": "north" },
        "east":  { "uv": [ 2, 5, 5, 10 ], "texture": "#2", "cullface": "north" }
    }
},
{
    "from": [ 1, 9, 0.336 ],
    "to": [ 3, 13.5, 2.34 ],
    "faces": {
        "up":    { "uv": [ 6, 10, 11, 12 ], "texture": "#2", "cullface": "north" },
        "north": { "uv": [ 12.5, 2, 14.5, 7 ], "texture": "#0", "cullface": "north" },
        "west":  { "uv": [ 0, 5, 2, 10 ], "texture": "#2", "cullface": "north" },
        "east":  { "uv": [ 3, 5, 5, 10 ], "texture": "#2", "cullface": "north" }
    }
},
{
    "from": [ 1.5, 3, 14.5 ],
    "to": [ 3, 7, 16 ],
    "faces": {
        "up":    { "uv": [ 6, 11, 11.5, 12.5 ], "texture": "#2", "cullface": "south" },
        "south": { "uv": [ 13, 9, 14.5, 13 ], "texture": "#0", "cullface": "south" },
        "west":  { "uv": [ 3.5, 10, 5, 14 ], "texture": "#2", "cullface": "south" },
        "east":  { "uv": [ 0, 10, 1.5, 14 ], "texture": "#2", "cullface": "south" }
    }
},
{
    "from": [ 3.8, 2.9, 13.2 ],
    "to": [ 5.3, 6.9, 15.7 ],
    "rotation": { "origin": [ 4.0, 5.0, 14.0 ], "axis": "z", "angle": 22.5 },
    "faces": {
        "down":  { "uv": [ 6, 10, 11.5, 12.5 ], "texture": "#2", "cullface": "south" },
        "up":    { "uv": [ 6, 10, 11.5, 12.5 ], "texture": "#2", "cullface": "south" },
        "south": { "uv": [ 11, 9, 12.5, 13 ], "texture": "#0", "cullface": "south" },
        "west":  { "uv": [ 12, 6, 14.5, 10 ], "texture": "#2", "cullface": "south" },
        "east":  { "uv": [ 9.5, 6, 12, 10 ], "texture": "#2", "cullface": "south" }
    }
},
{
    "from": [ 6, 3, 11.5 ],
    "to": [ 8, 7, 15 ],
    "faces": {
        "up":    { "uv": [ 6, 10, 11, 13.5 ], "texture": "#2", "cullface": "south" },
        "south": { "uv": [ 8, 9, 10, 13 ], "texture": "#0", "cullface": "south" },
        "west":  { "uv": [ 11, 6, 14.5, 10 ], "texture": "#2", "cullface": "south" },
        "east":  { "uv": [ 9.5, 6, 13, 10 ], "texture": "#2", "cullface": "south" }
    }
},
{
    "from": [ 8.5, 3, 11.3 ],
    "to": [ 10.5, 7, 15.3 ],
    "faces": {
        "up":    { "uv": [ 6, 10, 11, 14 ], "texture": "#2", "cullface": "south" },
        "south": { "uv": [ 5.5, 9, 7.5, 13 ], "texture": "#0", "cullface": "south" },
        "west":  { "uv": [ 5.5, 6, 9.5, 10 ], "texture": "#2", "cullface": "south" },
        "east":  { "uv": [ 5, 6, 9, 10 ], "texture": "#2", "cullface": "south" }
    }
},
{
    "from": [ 11.2, 3.1, 13 ],
    "to": [ 12.7, 7.1, 15 ],
    "rotation": { "origin": [ 12.0, 5.0, 14.0 ], "axis": "z", "angle": 22.5 },
    "faces": {
        "down":  { "uv": [ 6, 10, 11.5, 12 ], "texture": "#2", "cullface": "south" },
        "up":    { "uv": [ 6, 10, 11.5, 12 ], "texture": "#2", "cullface": "south" },
        "south": { "uv": [ 3.5, 9, 5, 13 ], "texture": "#0", "cullface": "south" },
        "west":  { "uv": [ 12.5, 0, 14.5, 4 ], "texture": "#2", "cullface": "south" },
        "east":  { "uv": [ 9.5, 0, 11.5, 4 ], "texture": "#2", "cullface": "south" }
    }
},
{
    "from": [ 13.5, 9, 13.8 ],
    "to": [ 15, 13.5, 15.8 ],
    "faces": {
        "up":    { "uv": [ 6, 10, 11.5, 12 ], "texture": "#2", "cullface": "south" },
        "south": { "uv": [ 1.5, 2, 3, 6.5 ], "texture": "#0", "cullface": "south" },
        "west":  { "uv": [ 3, 0, 5, 4.5 ], "texture": "#2", "cullface": "south" },
        "east":  { "uv": [ 0, 0, 2, 4.5 ], "texture": "#2", "cullface": "south" }
    }
},
{
    "from": [ 11, 9, 13 ],
    "to": [ 13, 13.5, 16 ],
    "faces": {
        "up":    { "uv": [ 6, 10, 11, 13 ], "texture": "#2", "cullface": "south" },
        "south": { "uv": [ 3.5, 2, 5.5, 6.5 ], "texture": "#0", "cullface": "south" },
        "west":  { "uv": [ 6.5, 0, 9.5, 4.5 ], "texture": "#2", "cullface": "south" },
        "east":  { "uv": [ 5, 0, 8, 4.5 ], "texture": "#2", "cullface": "south" }
    }
},
{
    "from": [ 8.6, 9, 11.8 ],
    "to": [ 10.1, 13.5, 14.8 ],
    "rotation": { "origin": [ 9.5, 11.0, 14.0 ], "axis": "z", "angle": -22.5 },
    "faces": {
        "down":  { "uv": [ 6, 10, 11.5, 13 ], "texture": "#2", "cullface": "south" },
        "up":    { "uv": [ 6, 10, 11.5, 13 ], "texture": "#2", "cullface": "south" },
        "south": { "uv": [ 6, 2.5, 7.5, 7 ], "texture": "#0", "cullface": "south" },
        "west":  { "uv": [ 2, 5, 5, 9.5 ], "texture": "#2", "cullface": "south" },
        "east":  { "uv": [ 0, 5, 3, 9.5 ], "texture": "#2", "cullface": "south" }
    }
},
{
    "from": [ 5.5, 9, 12 ],
    "to": [ 7.5, 13.5, 15.5 ],
    "faces": {
        "up":    { "uv": [ 6, 10, 11, 13.5 ], "texture": "#2", "cullface": "south" },
        "north": { "uv": [ 0, 0, 2, 4.5 ], "texture": "#2", "cullface": "south" },
        "south": { "uv": [ 8, 2, 10, 6.5 ], "texture": "#0", "cullface": "south" },
        "west":  { "uv": [ 11, 0, 14.5, 4.5 ], "texture": "#2", "cullface": "south" },
        "east":  { "uv": [ 9.5, 0, 13, 4.5 ], "texture": "#2", "cullface": "south" }
    }
},
{
    "from": [ 3.506, 9, 12.3 ],
    "to": [ 5, 13.5, 15.3 ],
    "faces": {
        "up":    { "uv": [ 6, 10, 11.5, 13 ], "texture": "#2", "cullface": "south" },
        "south": { "uv": [ 10.5, 2, 12, 6.5 ], "texture": "#0", "cullface": "south" },
        "west":  { "uv": [ 2, 5, 5, 9.5 ], "texture": "#2", "cullface": "south" },
        "east":  { "uv": [ 0, 5, 3, 9.5 ], "texture": "#2", "cullface": "south" }
    }
},
{
    "from": [ 1, 9, 14 ],
    "to": [ 3, 13.5, 15.7 ],
    "faces": {
        "up":    { "uv": [ 6, 10, 11, 11.7 ], "texture": "#2", "cullface": "south" },
        "south": { "uv": [ 12.5, 2.5, 14.5, 7 ], "texture": "#0", "cullface": "south" },
        "west":  { "uv": [ 3, 5, 4.7, 9.5 ], "texture": "#2", "cullface": "south" },
        "east":  { "uv": [ 0, 5, 1.7, 9.5 ], "texture": "#2", "cullface": "south" }
    }
},
{
    "from": [ 14, 3.34, 11.8 ],
    "to": [ 16, 7.3, 13.3 ],
    "rotation": { "origin": [ 14.0, 5.0, 13.0 ], "axis": "x", "angle": -22.5 },
    "faces": {
        "down":  { "uv": [ 6, 10, 8, 15.5 ], "texture": "#2", "cullface": "east" },
        "up":    { "uv": [ 6, 10, 8, 15.5 ], "texture": "#2", "cullface": "east" },
        "north": { "uv": [ 9.5, 0, 11.5, 4 ], "texture": "#2", "cullface": "east" },
        "south": { "uv": [ 12.5, 0, 14.5, 4 ], "texture": "#2", "cullface": "east" },
        "east":  { "uv": [ 3.5, 9, 5, 13 ], "texture": "#0", "cullface": "east" }
    }
},
{
    "from": [ 12.2, 3, 9 ],
    "to": [ 15.2, 7, 11 ],
    "faces": {
        "up":    { "uv": [ 6, 10, 9, 16 ], "texture": "#2", "cullface": "east" },
        "north": { "uv": [ 5, 6, 8, 10 ], "texture": "#2", "cullface": "east" },
        "south": { "uv": [ 6.5, 6, 9.5, 10 ], "texture": "#2", "cullface": "east" },
        "east":  { "uv": [ 5.5, 9, 7.5, 13 ], "texture": "#0", "cullface": "east" }
    }
},
{
    "from": [ 12.5, 3, 6.5 ],
    "to": [ 15.5, 7, 8.5 ],
    "faces": {
        "up":    { "uv": [ 6, 10, 9, 16 ], "texture": "#2", "cullface": "east" },
        "north": { "uv": [ 9.5, 6, 12.5, 10 ], "texture": "#2", "cullface": "east" },
        "south": { "uv": [ 11.4, 6, 14.4, 10 ], "texture": "#2", "cullface": "east" },
        "east":  { "uv": [ 8, 9, 10, 13 ], "texture": "#0", "cullface": "east" }
    }
},
{
    "from": [ 13, 3.1, 4.2 ],
    "to": [ 15, 7.1, 5.7 ],
    "rotation": { "origin": [ 15.0, 5.0, 5.0 ], "axis": "x", "angle": -22.5 },
    "faces": {
        "down":  { "uv": [ 6, 10, 8, 15.5 ], "texture": "#2", "cullface": "east" },
        "up":    { "uv": [ 6, 10, 8, 15.5 ], "texture": "#2", "cullface": "east" },
        "north": { "uv": [ 9.5, 6, 11.5, 10 ], "texture": "#2", "cullface": "east" },
        "south": { "uv": [ 12.5, 6, 14.5, 10 ], "texture": "#2", "cullface": "east" },
        "east":  { "uv": [ 11, 9, 12.5, 13 ], "texture": "#0", "cullface": "east" }
    }
},
{
    "from": [ 14, 3, 2 ],
    "to": [ 16, 7, 3.506 ],
    "faces": {
        "up":    { "uv": [ 6, 10, 8, 15.5 ], "texture": "#2", "cullface": "east" },
        "north": { "uv": [ 0, 10, 2, 14 ], "texture": "#2", "cullface": "east" },
        "south": { "uv": [ 3, 10, 5, 14 ], "texture": "#2", "cullface": "east" },
        "east":  { "uv": [ 13, 9, 14.5, 13 ], "texture": "#0", "cullface": "east" }
    }
},
{
    "from": [ 13.6, 9, 13.5 ],
    "to": [ 15.7, 13.5, 15 ],
    "faces": {
        "up":    { "uv": [ 6, 10, 8.1, 15.5 ], "texture": "#2", "cullface": "east" },
        "north": { "uv": [ 0, 0, 2.1, 4.5 ], "texture": "#2", "cullface": "east" },
        "south": { "uv": [ 2.9, 0, 5, 4.5 ], "texture": "#2", "cullface": "east" },
        "east":  { "uv": [ 1.5, 2, 3, 6.5 ], "texture": "#0", "cullface": "east" }
    }
},
{
    "from": [ 12.3, 9, 11 ],
    "to": [ 15.3, 13.5, 13 ],
    "faces": {
        "up":    { "uv": [ 6, 10, 9, 16 ], "texture": "#2", "cullface": "east" },
        "north": { "uv": [ 5, 0, 8, 4.5 ], "texture": "#2", "cullface": "east" },
        "south": { "uv": [ 6.5, 0.5, 9.5, 5 ], "texture": "#2", "cullface": "east" },
        "east":  { "uv": [ 3.5, 2.5, 5.5, 7 ], "texture": "#0", "cullface": "east" }
    }
},
{
    "from": [ 12, 9.2, 8.6 ],
    "to": [ 15, 13.7, 10.1 ],
    "rotation": { "origin": [ 14.0, 11.0, 9.0 ], "axis": "x", "angle": 22.5 },
    "faces": {
        "down":  { "uv": [ 6, 10, 9, 15.5 ], "texture": "#2", "cullface": "east" },
        "up":    { "uv": [ 6, 10, 9, 15.5 ], "texture": "#2", "cullface": "east" },
        "north": { "uv": [ 0, 5.5, 3, 10 ], "texture": "#2", "cullface": "east" },
        "south": { "uv": [ 2, 5, 5, 9.5 ], "texture": "#2", "cullface": "east" },
        "east":  { "uv": [ 6, 2, 7.5, 6.5 ], "texture": "#0", "cullface": "east" }
    }
},
{
    "from": [ 12.4, 9, 5.5 ],
    "to": [ 15.4, 13.5, 7.5 ],
    "faces": {
        "up":    { "uv": [ 6, 10, 8, 16 ], "texture": "#2", "cullface": "east" },
        "north": { "uv": [ 9.5, 0, 12.5, 4.5 ], "texture": "#2", "cullface": "east" },
        "south": { "uv": [ 11.5, 0, 14.5, 4.5 ], "texture": "#2", "cullface": "east" },
        "east":  { "uv": [ 8, 2, 10, 6.5 ], "texture": "#0", "cullface": "east" }
    }
},
{
    "from": [ 13, 9, 3.506 ],
    "to": [ 15, 13.5, 5 ],
    "faces": {
        "up":    { "uv": [ 6, 10, 8, 15.5 ], "texture": "#2", "cullface": "east" },
        "north": { "uv": [ 0, 5.5, 2, 10 ], "texture": "#2", "cullface": "east" },
        "south": { "uv": [ 3, 5, 5, 9.5 ], "texture": "#2", "cullface": "east" },
        "east":  { "uv": [ 10.5, 2, 12, 6.5 ], "texture": "#0", "cullface": "east" }
    }
},
{
    "from": [ 13.7, 9, 1 ],
    "to": [ 15.2, 13.5, 3 ],
    "faces": {
        "up":    { "uv": [ 6, 10, 7.5, 16 ], "texture": "#2", "cullface": "east" },
        "north": { "uv": [ 0, 5, 1.5, 9.5 ], "texture": "#2", "cullface": "east" },
        "south": { "uv": [ 3.5, 5, 5, 9.5 ], "texture": "#2", "cullface": "east" },
        "east":  { "uv": [ 12.5, 2.5, 14.5, 7 ], "texture": "#0", "cullface": "east" }
    }
},
{
    "from": [ 0.2, 9, 13.5 ],
    "to": [ 2.7, 13.5, 15 ],
    "faces": {
        "up":    { "uv": [ 6, 10, 7.5, 15.5 ], "texture": "#2", "cullface": "west" },
        "north": { "uv": [ 2.5, 0, 5, 4.5 ], "texture": "#2", "cullface": "west" },
        "south": { "uv": [ 0, 0, 2.5, 4.5 ], "texture": "#2", "cullface": "west" },
        "west":  { "uv": [ 1.5, 2, 3, 6.5 ], "texture": "#0", "cullface": "west" }
    }
},
{
    "from": [ 0.5, 9, 11 ],
    "to": [ 3, 13.5, 13 ],
    "faces": {
        "up":    { "uv": [ 6, 10, 8.5, 16 ], "texture": "#2", "cullface": "west" },
        "north": { "uv": [ 7, 0, 9.5, 4.5 ], "texture": "#2", "cullface": "west" },
        "south": { "uv": [ 5, 0, 7.5, 4.5 ], "texture": "#2", "cullface": "west" },
        "west":  { "uv": [ 3.5, 2, 5.5, 6.5 ], "texture": "#0", "cullface": "west" }
    }
},
{
    "from": [ 0.4, 9.2, 8.5 ],
    "to": [ 4.4, 13.7, 10 ],
    "rotation": { "origin": [ 2.0, 11.0, 9.0 ], "axis": "x", "angle": 22.5 },
    "faces": {
        "down":  { "uv": [ 6, 10, 10, 15.5 ], "texture": "#2", "cullface": "west" },
        "up":    { "uv": [ 6, 10, 10, 15.5 ], "texture": "#2", "cullface": "west" },
        "north": { "uv": [ 1, 5, 5, 9.5 ], "texture": "#2", "cullface": "west" },
        "south": { "uv": [ 0, 5, 4, 9.5 ], "texture": "#2", "cullface": "west" },
        "west":  { "uv": [ 6, 2.5, 7.5, 7 ], "texture": "#0", "cullface": "west" }
    }
},
{
    "from": [ 1, 9, 5.51 ],
    "to": [ 4, 13.5, 7.51 ],
    "faces": {
        "up":    { "uv": [ 6, 10, 9, 16 ], "texture": "#2", "cullface": "west" },
        "north": { "uv": [ 11.5, 0, 14.5, 4.5 ], "texture": "#2", "cullface": "west" },
        "south": { "uv": [ 9.5, 0, 12.5, 4.5 ], "texture": "#2", "cullface": "west" },
        "west":  { "uv": [ 8, 2.5, 10, 7 ], "texture": "#0", "cullface": "west" }
    }
},
{
    "from": [ 0.4, 9, 3.506 ],
    "to": [ 3.4, 13.5, 5 ],
    "faces": {
        "up":    { "uv": [ 6, 10, 9, 15.5 ], "texture": "#2", "cullface": "west" },
        "north": { "uv": [ 2, 5, 5, 9.5 ], "texture": "#2", "cullface": "west" },
        "south": { "uv": [ 0, 5.5, 3, 10 ], "texture": "#2", "cullface": "west" },
        "west":  { "uv": [ 10.5, 2, 12, 6.5 ], "texture": "#0", "cullface": "west" }
    }
},
{
    "from": [ 0.336, 9, 1 ],
    "to": [ 2.8, 13.5, 3 ],
    "faces": {
        "up":    { "uv": [ 6, 10, 8.5, 16 ], "texture": "#2", "cullface": "west" },
        "north": { "uv": [ 2.5, 5, 5, 9.5 ], "texture": "#2", "cullface": "west" },
        "south": { "uv": [ 0, 5, 2.5, 9.5 ], "texture": "#2", "cullface": "west" },
        "west":  { "uv": [ 12.5, 2.5, 14.5, 7 ], "texture": "#0", "cullface": "west" }
    }
},
{
    "from": [ 0.336, 3, 1 ],
    "to": [ 1.34, 7, 2.506 ],
    "faces": {
        "up":    { "uv": [ 6, 10, 7, 15.5 ], "texture": "#2", "cullface": "west" },
        "north": { "uv": [ 4, 10, 5, 14 ], "texture": "#2", "cullface": "west" },
        "south": { "uv": [ 0, 10, 1, 14 ], "texture": "#2", "cullface": "west" },
        "west":  { "uv": [ 13, 9, 14.5, 13 ], "texture": "#0", "cullface": "west" }
    }
},
{
    "from": [ 0.2, 3.1, 3.34 ],
    "to": [ 3.2, 7.1, 4.8 ],
    "rotation": { "origin": [ 1.0, 5.0, 4.0 ], "axis": "x", "angle": -22.5 },
    "faces": {
        "down":  { "uv": [ 6, 10, 9, 15.5 ], "texture": "#2", "cullface": "west" },
        "up":    { "uv": [ 6, 10, 9, 15.5 ], "texture": "#2", "cullface": "west" },
        "north": { "uv": [ 2, 5, 5, 9 ], "texture": "#2", "cullface": "west" },
        "south": { "uv": [ 0, 5, 3, 9 ], "texture": "#2", "cullface": "west" },
        "west":  { "uv": [ 11, 9, 12.5, 13 ], "texture": "#0", "cullface": "west" }
    }
},
{
    "from": [ 1.11, 3, 6 ],
    "to": [ 5.1, 7, 8 ],
    "faces": {
        "up":    { "uv": [ 6, 10, 10, 16 ], "texture": "#2", "cullface": "west" },
        "north": { "uv": [ 1, 6, 5, 10 ], "texture": "#2", "cullface": "west" },
        "south": { "uv": [ 0, 5, 4, 9 ], "texture": "#2", "cullface": "west" },
        "west":  { "uv": [ 8, 9, 10, 13 ], "texture": "#0", "cullface": "west" }
    }
},
{
    "from": [ 0.7, 3, 8.5 ],
    "to": [ 4.7, 7, 10.5 ],
    "faces": {
        "up":    { "uv": [ 6, 10, 10, 16 ], "texture": "#2", "cullface": "west" },
        "north": { "uv": [ 5.5, 6, 9.5, 10 ], "texture": "#2", "cullface": "west" },
        "south": { "uv": [ 5, 6, 9, 10 ], "texture": "#2", "cullface": "west" },
        "west":  { "uv": [ 7.5, 9, 5.5, 13 ], "texture": "#0", "cullface": "west" }
    }
},
{
    "from": [ 0.1, 3.1, 11.3 ],
    "to": [ 2.6, 7.1, 12.8 ],
    "rotation": { "origin": [ 1.0, 5.0, 12.0 ], "axis": "x", "angle": -22.5 },
    "faces": {
        "down":  { "uv": [ 7, 10, 9.5, 15.5 ], "texture": "#2", "cullface": "west" },
        "up":    { "uv": [ 6, 10, 8.5, 15.5 ], "texture": "#2", "cullface": "west" },
        "north": { "uv": [ 12, 0, 14.5, 4 ], "texture": "#2", "cullface": "west" },
        "south": { "uv": [ 9.5, 0, 12, 4 ], "texture": "#2", "cullface": "west" },
        "west":  { "uv": [ 3.5, 9, 5, 13 ], "texture": "#0", "cullface": "west" }
    }
}
],
	"display": {
		"thirdperson_righthand": {
			"rotation":  [ 75, 45, 0 ],
			"translation":  [ 0, 2.5, 0 ],
			"scale":  [ 0.375, 0.375, 0.375 ]
		},
		"thirdperson_lefthand": {
			"rotation":  [ 75, 45, 0 ],
			"translation":  [ 0, 2.5, 0 ],
			"scale":  [ 0.375, 0.375, 0.375 ]
		},
		"firstperson_righthand": {
			"rotation":  [ 0, 45, 0 ],
			"scale":  [ 0.4, 0.4, 0.4 ]
		},
		"firstperson_lefthand": {
			"rotation":  [ 0, 45, 0 ],
			"scale":  [ 0.4, 0.4, 0.4 ]
		},
		"gui": {
			"rotation":  [ 30, 225, 0 ],
			"scale":  [ 0.625, 0.625, 0.625 ]
		},
		"ground": {
			"translation":  [ 0, 3, 0 ],
			"scale":  [ 0.25, 0.25, 0.25 ]
		},
		"fixed": {
			"scale":  [ 0.5, 0.5, 0.5 ]
		}
	}
}