{
	"__comment": "Created by Filal",
	"textures": {
		"particle": "block/bricks",
		"0": "block/bricks2",
		"1": "block/bricks_top",
		"2": "block/bricks_bottom"
	},
	"elements": [ 	 
		{
			"from": [ 0, 0, 0 ],
			"to": [ 16, 8, 16 ],
			"faces": {
				"down": { "uv": [ 0.01, 0.01, 15.99, 15.99 ], "texture": "#2", "cullface": "down" },
				"up": { "uv": [ 0.01, 0.01, 15.99, 15.99 ], "texture": "#1" },
				"north": { "uv": [ 0.01, 8.01, 15.99, 15.99 ], "texture": "#0", "cullface": "north" },
				"south": { "uv": [ 0.01, 8.01, 15.99, 15.99 ], "texture": "#0", "cullface": "south" },
				"west": { "uv": [ 0.01, 8.01, 15.99, 15.99 ], "texture": "#0", "cullface": "west" },
				"east": { "uv": [ 0.01, 8.01, 15.99, 15.99 ], "texture": "#0", "cullface": "east" }
			}
		},
		{
			"from": [ 0.501, 8.001, 0.001 ],
			"to": [ 10.499, 8.499, 4.999 ],
			"faces": {
				"up": { "uv": [ 0.51, 0.01, 10.49, 4.99 ], "texture": "#1", "cullface": "up" },
				"north": { "uv": [ 10.49, 0.01, 0.51, 0.49 ], "texture": "#1", "cullface": "up" },
				"south": { "uv": [ 0.51, 4.51, 10.49, 4.99 ], "texture": "#1", "cullface": "up" },
				"west": { "uv": [ 0.51, 4.99, 0.99, 0.01 ], "texture": "#1", "cullface": "up", "rotation": 90 },
				"east": { "uv": [ 10.01, 0.01, 10.49, 4.99 ], "texture": "#1", "cullface": "up", "rotation": 90 }
			}
		},
		{
			"from": [ 0.501, 8.001, 5.501 ],
			"to": [ 4.999, 8.499, 15.499 ],
			"faces": {
				"up": { "uv": [ 0.51, 5.51, 4.99, 15.49 ], "texture": "#1", "cullface": "up" },
				"north": { "uv": [ 4.99, 5.51, 0.51, 5.99 ], "texture": "#1", "cullface": "up" },
				"south": { "uv": [ 0.51, 15.01, 4.99, 15.49 ], "texture": "#1", "cullface": "up" },
				"west": { "uv": [ 0.51, 15.49, 0.99, 5.51 ], "texture": "#1", "cullface": "up", "rotation": 90 },
				"east": { "uv": [ 4.51, 5.51, 4.99, 15.49 ], "texture": "#1", "cullface": "up", "rotation": 90 }
			}
		},
		{
			"from": [ 11.001, 8.001, 0.001 ],
			"to": [ 15.999, 8.499, 10.499 ],
			"faces": {
				"up": { "uv": [ 11.01, 0.01, 15.99, 10.49 ], "texture": "#1", "cullface": "up" },
				"north": { "uv": [ 15.99, 0.01, 11.01, 0.49 ], "texture": "#1", "cullface": "up" },
				"south": { "uv": [ 11.01, 10.01, 15.99, 10.49 ], "texture": "#1", "cullface": "up" },
				"west": { "uv": [ 11.01, 10.49, 11.49, 0.01 ], "texture": "#1", "cullface": "up", "rotation": 90 },
				"east": { "uv": [ 15.51, 0.01, 15.99, 10.49 ], "texture": "#1", "cullface": "up", "rotation": 90 }
			}
		},
		{
			"from": [ 5.501, 8.001, 11.001 ],
			"to": [ 15.999, 8.499, 15.499 ],
			"faces": {
				"up": { "uv": [ 5.51, 11.01, 15.99, 15.49 ], "texture": "#1", "cullface": "up" },
				"north": { "uv": [ 5.51, 11.49, 15.99, 11.01 ], "texture": "#1", "cullface": "up" },
				"south": { "uv": [ 5.51, 15.01, 15.99, 15.49 ], "texture": "#1", "cullface": "up" },
				"west": { "uv": [ 5.51, 15.49, 5.99, 11.01 ], "texture": "#1", "cullface": "up", "rotation": 90 },
				"east": { "uv": [ 15.51, 11.01, 15.99, 15.49 ], "texture": "#1", "cullface": "up", "rotation": 90 }
			}
		},
		{
			"from": [ 5.501, 8.001, 5.501 ],
			"to": [ 10.499, 8.499, 10.499 ],
			"faces": {
				"up": { "uv": [ 5.51, 5.51, 10.49, 10.49 ], "texture": "#1", "cullface": "up" },
				"north": { "uv": [ 10.49, 5.51, 5.51, 5.99 ], "texture": "#1", "cullface": "up" },
				"south": { "uv": [ 5.51, 10.01, 10.49, 10.49 ], "texture": "#1", "cullface": "up" },
				"west": { "uv": [ 5.51, 10.49, 5.99, 5.51 ], "texture": "#1", "cullface": "up", "rotation": 90 },
				"east": { "uv": [ 10.01, 5.51, 10.49, 10.49 ], "texture": "#1", "cullface": "up", "rotation": 90 }
			}
		},
		{
			"from": [ 0.501, 0.501, -0.499 ],
			"to": [ 4.999, 3.999, -0.001 ],
			"faces": {
				"down": { "uv": [ 15.49, 15.01, 11.01, 15.49 ], "texture": "#0", "cullface": "north" },
				"up": { "uv": [ 15.49, 12.01, 11.01, 12.49 ], "texture": "#0", "cullface": "north" },
				"north": { "uv": [ 11.01, 12.01, 15.49, 15.49 ], "texture": "#0", "cullface": "north" },
				"west": { "uv": [ 15.01, 12.01, 15.49, 15.49 ], "texture": "#0", "cullface": "north" },
				"east": { "uv": [ 11.01, 12.01, 11.49, 15.49 ], "texture": "#0", "cullface": "north" }
			}
		},
		{
			"from": [ 16.001, 0.501, 0.501 ],
			"to": [ 16.499, 3.999, 4.999 ],
			"faces": {
				"down": { "uv": [ 15.49, 15.01, 11.01, 15.49 ], "texture": "#0", "cullface": "east", "rotation": 270 },
				"up": { "uv": [ 15.49, 12.01, 11.01, 12.49 ], "texture": "#0", "cullface": "east", "rotation": 90 },
				"north": { "uv": [ 15.01, 12.01, 15.49, 15.49 ], "texture": "#0", "cullface": "east" },
				"south": { "uv": [ 11.01, 12.01, 11.49, 15.49 ], "texture": "#0", "cullface": "east" },
				"east": { "uv": [ 11.01, 12.01, 15.49, 15.49 ], "texture": "#0", "cullface": "east" }
			}
		},
		{
			"from": [ 11.001, 0.501, 16.001 ],
			"to": [ 15.499, 3.999, 16.499 ],
			"faces": {
				"down": { "uv": [ 15.49, 15.01, 11.01, 15.49 ], "texture": "#0", "cullface": "south", "rotation": 180 },
				"up": { "uv": [ 15.49, 12.01, 11.01, 12.49 ], "texture": "#0", "cullface": "south", "rotation": 180 },
				"south": { "uv": [ 11.01, 12.01, 15.49, 15.49 ], "texture": "#0", "cullface": "south" },
				"west": { "uv": [ 11.01, 12.01, 11.49, 15.49 ], "texture": "#0", "cullface": "south" },
				"east": { "uv": [ 15.01, 12.01, 15.49, 15.49 ], "texture": "#0", "cullface": "south" }
			}
		},
		{
			"from": [ -0.499, 0.501, 11.001 ],
			"to": [ -0.001, 3.999, 15.499 ],
			"faces": {
				"down": { "uv": [ 15.49, 15.01, 11.01, 15.49 ], "texture": "#0", "cullface": "west", "rotation": 90 },
				"up": { "uv": [ 15.49, 12.01, 11.01, 12.49 ], "texture": "#0", "cullface": "west", "rotation": 270 },
				"north": { "uv": [ 11.01, 12.01, 11.49, 15.49 ], "texture": "#0", "cullface": "west" },
				"south": { "uv": [ 15.01, 12.01, 15.49, 15.49 ], "texture": "#0", "cullface": "west" },
				"west": { "uv": [ 11.01, 12.01, 15.49, 15.49 ], "texture": "#0", "cullface": "west" }
			}
		},
		{
			"from": [ 5.501, 0.501, -0.499 ],
			"to": [ 15.999, 3.999, -0.001 ],
			"faces": {
				"down": { "uv": [ 10.49, 15.01, 0.01, 15.49 ], "texture": "#0", "cullface": "north" },
				"up": { "uv": [ 10.49, 12.01, 0.01, 12.49 ], "texture": "#0", "cullface": "north" },
				"north": { "uv": [ 0.01, 12.01, 10.49, 15.49 ], "texture": "#0", "cullface": "north" },
				"west": { "uv": [ 10.01, 12.01, 10.49, 15.49 ], "texture": "#0", "cullface": "north" },
				"east": { "uv": [ 0.01, 12.01, 0.49, 15.49 ], "texture": "#0", "cullface": "north" }
			}
		},
		{
			"from": [ 16.001, 0.501, 5.501 ],
			"to": [ 16.499, 3.999, 15.999 ],
			"faces": {
				"down": { "uv": [ 10.49, 15.01, 0.01, 15.49 ], "texture": "#0", "cullface": "east", "rotation": 270 },
				"up": { "uv": [ 10.49, 12.01, 0.01, 12.49 ], "texture": "#0", "cullface": "east", "rotation": 90 },
				"north": { "uv": [ 10.01, 12.01, 10.49, 15.49 ], "texture": "#0", "cullface": "east" },
				"south": { "uv": [ 0.01, 12.01, 0.49, 15.49 ], "texture": "#0", "cullface": "east" },
				"east": { "uv": [ 0.01, 12.01, 10.49, 15.49 ], "texture": "#0", "cullface": "east" }
			}
		},
		{
			"from": [ 0.001, 0.501, 16.001 ],
			"to": [ 10.499, 3.999, 16.499 ],
			"faces": {
				"down": { "uv": [ 10.49, 15.01, 0.01, 15.49 ], "texture": "#0", "cullface": "south", "rotation": 180 },
				"up": { "uv": [ 10.49, 12.01, 0.01, 12.49 ], "texture": "#0", "cullface": "south", "rotation": 180 },
				"south": { "uv": [ 0.01, 12.01, 10.49, 15.49 ], "texture": "#0", "cullface": "south" },
				"west": { "uv": [ 0.01, 12.01, 0.49, 15.49 ], "texture": "#0", "cullface": "south" },
				"east": { "uv": [ 10.01, 12.01, 10.49, 15.49 ], "texture": "#0", "cullface": "south" }
			}
		},
		{
			"from": [ -0.499, 0.501, 0.001 ],
			"to": [ -0.001, 3.999, 10.499 ],
			"faces": {
				"down": { "uv": [ 10.49, 15.01, 0.01, 15.49 ], "texture": "#0", "cullface": "west", "rotation": 90 },
				"up": { "uv": [ 10.49, 12.01, 0.01, 12.49 ], "texture": "#0", "cullface": "west", "rotation": 270 },
				"north": { "uv": [ 0.01, 12.01, 0.49, 15.49 ], "texture": "#0", "cullface": "west" },
				"south": { "uv": [ 10.01, 12.01, 10.49, 15.49 ], "texture": "#0", "cullface": "west" },
				"west": { "uv": [ 0.01, 12.01, 10.49, 15.49 ], "texture": "#0", "cullface": "west" }
			}
		},
		{
			"from": [ 0.001, 4.501, -0.499 ],
			"to": [ 5.999, 7.999, -0.001 ],
			"faces": {
				"down": { "uv": [ 15.99, 11.01, 10.01, 11.49 ], "texture": "#0", "cullface": "north" },
				"up": { "uv": [ 15.99, 8.01, 10.01, 8.49 ], "texture": "#0", "cullface": "north" },
				"north": { "uv": [ 10.01, 8.01, 15.99, 11.49 ], "texture": "#0", "cullface": "north" },
				"west": { "uv": [ 15.51, 8.01, 15.99, 11.49 ], "texture": "#0", "cullface": "north" },
				"east": { "uv": [ 10.01, 8.01, 10.49, 11.49 ], "texture": "#0", "cullface": "north" }
			}
		},
		{
			"from": [ 12.501, 4.501, -0.499 ],
			"to": [ 15.999, 7.999, -0.001 ],
			"faces": {
				"down": { "uv": [ 3.49, 11.01, 0.01, 11.49 ], "texture": "#0", "cullface": "north" },
				"up": { "uv": [ 3.49, 8.01, 0.01, 8.49 ], "texture": "#0", "cullface": "north" },
				"north": { "uv": [ 0.01, 8.01, 3.49, 11.49 ], "texture": "#0", "cullface": "north" },
				"west": { "uv": [ 3.01, 8.01, 3.49, 11.49 ], "texture": "#0", "cullface": "north" },
				"east": { "uv": [ 0.01, 8.01, 0.49, 11.49 ], "texture": "#0", "cullface": "north" }
			}
		},
		{
			"from": [ 16.001, 4.501, 12.501 ],
			"to": [ 16.499, 7.999, 15.999 ],
			"faces": {
				"down": { "uv": [ 3.49, 11.01, 0.01, 11.49 ], "texture": "#0", "cullface": "east", "rotation": 270 },
				"up": { "uv": [ 3.49, 8.01, 0.01, 8.49 ], "texture": "#0", "cullface": "east", "rotation": 90 },
				"north": { "uv": [ 3.01, 8.01, 3.49, 11.49 ], "texture": "#0", "cullface": "east" },
				"south": { "uv": [ 0.01, 8.01, 0.49, 11.49 ], "texture": "#0", "cullface": "east" },
				"east": { "uv": [ 0.01, 8.01, 3.49, 11.49 ], "texture": "#0", "cullface": "east" }
			}
		},
		{
			"from": [ 0.001, 4.501, 16.001 ],
			"to": [ 3.499, 7.999, 16.499 ],
			"faces": {
				"down": { "uv": [ 3.49, 11.01, 0.01, 11.49 ], "texture": "#0", "cullface": "south", "rotation": 180 },
				"up": { "uv": [ 3.49, 8.01, 0.01, 8.49 ], "texture": "#0", "cullface": "south", "rotation": 180 },
				"south": { "uv": [ 0.01, 8.01, 3.49, 11.49 ], "texture": "#0", "cullface": "south" },
				"west": { "uv": [ 0.01, 8.01, 0.49, 11.49 ], "texture": "#0", "cullface": "south" },
				"east": { "uv": [ 3.01, 8.01, 3.49, 11.49 ], "texture": "#0", "cullface": "south" }
			}
		},
		{
			"from": [ -0.499, 4.501, 0.001 ],
			"to": [ -0.001, 7.999, 3.499 ],
			"faces": {
				"down": { "uv": [ 3.49, 11.01, 0.01, 11.49 ], "texture": "#0", "cullface": "west", "rotation": 90 },
				"up": { "uv": [ 3.49, 8.01, 0.01, 8.49 ], "texture": "#0", "cullface": "west", "rotation": 270 },
				"north": { "uv": [ 0.01, 8.01, 0.49, 11.49 ], "texture": "#0", "cullface": "west" },
				"south": { "uv": [ 3.01, 8.01, 3.49, 11.49 ], "texture": "#0", "cullface": "west" },
				"west": { "uv": [ 0.01, 8.01, 3.49, 11.49 ], "texture": "#0", "cullface": "west" }
			}
		},
		{
			"from": [ 0.501, -0.499, 0.501 ],
			"to": [ 4.999, -0.001, 10.499 ],
			"faces": {
				"down": { "uv": [ 0.51, 5.51, 4.99, 15.49 ], "texture": "#2", "cullface": "down" },
				"north": { "uv": [ 4.99, 15.01, 0.51, 15.49 ], "texture": "#2", "cullface": "down" },
				"south": { "uv": [ 0.51, 5.51, 4.99, 5.99 ], "texture": "#2", "cullface": "down" },
				"west": { "uv": [ 0.51, 5.51, 0.99, 15.49 ], "texture": "#2", "cullface": "down", "rotation": 90 },
				"east": { "uv": [ 4.51, 15.49, 4.99, 5.51 ], "texture": "#2", "cullface": "down", "rotation": 90 }
			}
		},
		{
			"from": [ 0.501, -0.499, 11.001 ],
			"to": [ 10.499, -0.001, 15.999 ],
			"faces": {
				"down": { "uv": [ 0.51, 0.01, 10.49, 4.99 ], "texture": "#2", "cullface": "down" },
				"north": { "uv": [ 10.49, 4.51, 0.51, 4.99 ], "texture": "#2", "cullface": "down" },
				"south": { "uv": [ 0.51, 0.01, 10.49, 0.49 ], "texture": "#2", "cullface": "down" },
				"west": { "uv": [ 0.51, 0.01, 0.99, 4.99 ], "texture": "#2", "cullface": "down", "rotation": 90 },
				"east": { "uv": [ 10.01, 4.99, 10.49, 0.01 ], "texture": "#2", "cullface": "down", "rotation": 90 }
			}
		},
		{
			"from": [ 11.001, -0.499, 5.501 ],
			"to": [ 15.999, -0.001, 15.999 ],
			"faces": {
				"down": { "uv": [ 11.01, 0.01, 15.99, 10.49 ], "texture": "#2", "cullface": "down" },
				"north": { "uv": [ 15.99, 10.01, 11.01, 10.49 ], "texture": "#2", "cullface": "down" },
				"south": { "uv": [ 11.01, 0.01, 15.99, 0.49 ], "texture": "#2", "cullface": "down" },
				"west": { "uv": [ 11.01, 0.01, 11.49, 10.49 ], "texture": "#2", "cullface": "down", "rotation": 90 },
				"east": { "uv": [ 15.51, 10.49, 15.99, 0.01 ], "texture": "#2", "cullface": "down", "rotation": 90 }
			}
		},
		{
			"from": [ 5.501, -0.499, 0.501 ],
			"to": [ 15.999, -0.001, 4.999 ],
			"faces": {
				"down": { "uv": [ 5.51, 11.01, 15.99, 15.49 ], "texture": "#2", "cullface": "down" },
				"north": { "uv": [ 15.99, 15.01, 5.51, 15.49 ], "texture": "#2", "cullface": "down" },
				"south": { "uv": [ 5.51, 11.01, 15.99, 11.49 ], "texture": "#2", "cullface": "down" },
				"west": { "uv": [ 5.51, 11.01, 5.99, 15.49 ], "texture": "#2", "cullface": "down", "rotation": 90 },
				"east": { "uv": [ 15.51, 15.49, 15.99, 11.01 ], "texture": "#2", "cullface": "down", "rotation": 90 }
			}
		},
		{
			"from": [ 5.501, -0.499, 5.501 ],
			"to": [ 10.499, -0.001, 10.499 ],
			"faces": {
				"down": { "uv": [ 5.51, 5.51, 10.49, 10.49 ], "texture": "#2", "cullface": "down" },
				"north": { "uv": [ 10.49, 10.01, 5.51, 10.49 ], "texture": "#2", "cullface": "down" },
				"south": { "uv": [ 5.51, 5.51, 10.49, 5.99 ], "texture": "#2", "cullface": "down" },
				"west": { "uv": [ 5.51, 5.51, 5.99, 10.49 ], "texture": "#2", "cullface": "down", "rotation": 90 },
				"east": { "uv": [ 10.01, 10.49, 10.49, 5.51 ], "texture": "#2", "cullface": "down", "rotation": 90 }
			}
		},
		{
			"from": [ 6.501, 4.501, -0.499 ],
			"to": [ 11.999, 7.999, -0.001 ],
			"faces": {
				"down": { "uv": [ 9.49, 11.01, 4.01, 11.49 ], "texture": "#0", "cullface": "north" },
				"up": { "uv": [ 9.49, 8.01, 4.01, 8.49 ], "texture": "#0", "cullface": "north" },
				"north": { "uv": [ 4.01, 8.01, 9.49, 11.49 ], "texture": "#0", "cullface": "north" },
				"west": { "uv": [ 9.01, 8.01, 9.49, 11.49 ], "texture": "#0", "cullface": "north" },
				"east": { "uv": [ 4.01, 8.01, 4.49, 11.49 ], "texture": "#0", "cullface": "north" }
			}
		},
		{
			"from": [ 16.001, 4.501, 0.001 ],
			"to": [ 16.501, 7.999, 5.999 ],
			"faces": {
				"down": { "uv": [ 15.99, 11.01, 10.01, 11.49 ], "texture": "#0", "cullface": "east", "rotation": 270 },
				"up": { "uv": [ 15.99, 8.01, 10.01, 8.49 ], "texture": "#0", "cullface": "east", "rotation": 90 },
				"north": { "uv": [ 15.51, 8.01, 15.99, 11.49 ], "texture": "#0", "cullface": "east" },
				"south": { "uv": [ 10.01, 8.01, 10.49, 11.49 ], "texture": "#0", "cullface": "east" },
				"east": { "uv": [ 10.01, 8.01, 15.99, 11.49 ], "texture": "#0", "cullface": "east" }
			}
		},
		{
			"from": [ 10.001, 4.5, 16.001 ],
			"to": [ 16.001, 7.999, 16.5 ],
			"faces": {
				"down": { "uv": [ 15.99, 11.01, 10.01, 11.49 ], "texture": "#0", "cullface": "south", "rotation": 180 },
				"up": { "uv": [ 15.99, 8.01, 10.01, 8.49 ], "texture": "#0", "cullface": "south", "rotation": 180 },
				"south": { "uv": [ 10.01, 8.01, 15.99, 11.49 ], "texture": "#0", "cullface": "south" },
				"west": { "uv": [ 10.01, 8.01, 10.49, 11.49 ], "texture": "#0", "cullface": "south" },
				"east": { "uv": [ 15.51, 8.01, 15.99, 11.49 ], "texture": "#0", "cullface": "south" }
			}
		},
		{
			"from": [ -0.499, 4.501, 10.001 ],
			"to": [ -0.001, 7.999, 15.999 ],
			"faces": {
				"down": { "uv": [ 15.99, 11.01, 10.01, 11.49 ], "texture": "#0", "cullface": "west", "rotation": 90 },
				"up": { "uv": [ 15.99, 8.01, 10.01, 8.49 ], "texture": "#0", "cullface": "west", "rotation": 270 },
				"north": { "uv": [ 10.01, 8.01, 10.49, 11.49 ], "texture": "#0", "cullface": "west" },
				"south": { "uv": [ 15.51, 8.01, 15.99, 11.49 ], "texture": "#0", "cullface": "west" },
				"west": { "uv": [ 10.01, 8.01, 15.99, 11.49 ], "texture": "#0", "cullface": "west" }
			}
		},
		{
			"from": [ 16.001, 4.501, 6.501 ],
			"to": [ 16.499, 7.999, 11.999 ],
			"faces": {
				"down": { "uv": [ 9.49, 11.01, 4.01, 11.49 ], "texture": "#0", "cullface": "east", "rotation": 270 },
				"up": { "uv": [ 9.49, 8.01, 4.01, 8.49 ], "texture": "#0", "cullface": "east", "rotation": 90 },
				"north": { "uv": [ 9.01, 8.01, 9.49, 11.49 ], "texture": "#0", "cullface": "east" },
				"south": { "uv": [ 4.01, 8.01, 4.49, 11.49 ], "texture": "#0", "cullface": "east" },
				"east": { "uv": [ 4.01, 8.01, 9.49, 11.49 ], "texture": "#0", "cullface": "east" }
			}
		},
		{
			"from": [ 4.001, 4.501, 16.001 ],
			"to": [ 9.499, 7.999, 16.499 ],
			"faces": {
				"down": { "uv": [ 9.49, 11.01, 4.01, 11.49 ], "texture": "#0", "cullface": "south", "rotation": 180 },
				"up": { "uv": [ 9.49, 8.01, 4.01, 8.49 ], "texture": "#0", "cullface": "south", "rotation": 180 },
				"south": { "uv": [ 4.01, 8.01, 9.49, 11.49 ], "texture": "#0", "cullface": "south" },
				"west": { "uv": [ 4.01, 8.01, 4.49, 11.49 ], "texture": "#0", "cullface": "south" },
				"east": { "uv": [ 9.01, 8.01, 9.49, 11.49 ], "texture": "#0", "cullface": "south" }
			}
		},
		{
			"from": [ -0.499, 4.501, 4.001 ],
			"to": [ -0.001, 7.999, 9.499 ],
			"faces": {
				"down": { "uv": [ 9.49, 11.01, 4.01, 11.49 ], "texture": "#0", "cullface": "west", "rotation": 90 },
				"up": { "uv": [ 9.49, 8.01, 4.01, 8.49 ], "texture": "#0", "cullface": "west", "rotation": 270 },
				"north": { "uv": [ 4.01, 8.01, 4.49, 11.49 ], "texture": "#0", "cullface": "west" },
				"south": { "uv": [ 9.01, 8.01, 9.49, 11.49 ], "texture": "#0", "cullface": "west" },
				"west": { "uv": [ 4.01, 8.01, 9.49, 11.49 ], "texture": "#0", "cullface": "west" }
			}
		}
	]
}