{
	"__comment": "Created by Filal",
	"ambientocclusion": false,
	"textures": {
		"particle": "block/chiseled_stone_bricks",
		"block": "block/chiseled_stone_bricks"
	},
	"elements": [
		{
			"__comment": "Cube1",
			"from": [ 0, 0, 0 ],
			"to": [ 16, 16, 16 ],
			"faces": {
				"down": { "uv": [ 0, 0, 16, 16 ], "texture": "#block" },
				"up": { "uv": [ 0, 0, 16, 16 ], "texture": "#block" },
				"north": { "uv": [ 16, 0, 0, 16 ], "texture": "#block" },
				"south": { "uv": [ 16, 0, 0, 16 ], "texture": "#block" },
				"west": { "uv": [ 16, 0, 0, 16 ], "texture": "#block" },
				"east": { "uv": [ 16, 0, 0, 16 ], "texture": "#block" }
			}
		},
		{
			"__comment": "Cube2",
			"from": [ -0.5, 2.5, 2.5001 ],
			"to": [ 0, 13.5, 13.5001 ],
			"faces": {
				"down": { "uv": [ 2.5, 13, 13.5, 13.5 ], "texture": "#block", "cullface": "west", "rotation": 90 },
				"up": { "uv": [ 2.5, 3, 13.5, 2.5 ], "texture": "#block", "cullface": "west", "rotation": 270 },
				"north": { "uv": [ 13, 2.5, 13.5, 13.5 ], "texture": "#block", "cullface": "west" },
				"south": { "uv": [ 2.5, 13.5, 3, 2.5 ], "texture": "#block", "cullface": "west", "rotation": 180 },
				"west": { "uv": [ 2.5, 13.5, 13.5, 2.5 ], "texture": "#block", "cullface": "west", "rotation": 180 }
			}
		},
		{
			"__comment": "Cube3",
			"from": [ -0.5, 14, 8.5001 ],
			"to": [ 0, 15.5, 13.5001 ],
			"faces": {
				"down": { "uv": [ 2.5, 1.5, 7.5, 2 ], "texture": "#block", "cullface": "west", "rotation": 90 },
				"up": { "uv": [ 2.5, 1, 7.5, 0.5 ], "texture": "#block", "cullface": "west", "rotation": 270 },
				"north": { "uv": [ 7, 0.5, 7.5, 2 ], "texture": "#block", "cullface": "west" },
				"south": { "uv": [ 2.5, 0.5, 3, 2 ], "texture": "#block", "cullface": "west" },
				"west": { "uv": [ 2.5, 2, 7.5, 0.5 ], "texture": "#block", "cullface": "west", "rotation": 180 }
			}
		},
		{
			"__comment": "Cube3",
			"from": [ -0.4999, 8, 14.0001 ],
			"to": [ 0.0001000166, 15.5, 15.5001 ],
			"faces": {
				"down": { "uv": [ 0.5, 7.5, 2, 8 ], "texture": "#block", "cullface": "west", "rotation": 90 },
				"up": { "uv": [ 0.5, 1, 2, 0.5 ], "texture": "#block", "cullface": "west", "rotation": 270 },
				"north": { "uv": [ 1.5, 0.5, 2, 8 ], "texture": "#block", "cullface": "west" },
				"south": { "uv": [ 0.5, 0.5, 1, 8 ], "texture": "#block", "cullface": "west" },
				"west": { "uv": [ 0.5, 8, 2, 0.5 ], "texture": "#block", "cullface": "west", "rotation": 180 }
			}
		},
		{
			"__comment": "Cube3",
			"from": [ -0.4999, 2.5, 14.0001 ],
			"to": [ 0.0001000166, 7.5, 15.5001 ],
			"faces": {
				"down": { "uv": [ 0.5, 13, 2, 13.5 ], "texture": "#block", "cullface": "west", "rotation": 90 },
				"up": { "uv": [ 0.5, 9, 2, 8.5 ], "texture": "#block", "cullface": "west", "rotation": 270 },
				"north": { "uv": [ 1.5, 8.5, 2, 13.5 ], "texture": "#block", "cullface": "west" },
				"south": { "uv": [ 0.5, 8.5, 1, 13.5 ], "texture": "#block", "cullface": "west" },
				"west": { "uv": [ 0.5, 13.5, 2, 8.5 ], "texture": "#block", "cullface": "west", "rotation": 180 }
			}
		},
		{
			"__comment": "Cube3",
			"from": [ -0.4999, 0.5, 8.0001 ],
			"to": [ 0.0001000166, 2, 15.5001 ],
			"faces": {
				"down": { "uv": [ 0.5, 15, 8, 15.5 ], "texture": "#block", "cullface": "west", "rotation": 90 },
				"up": { "uv": [ 0.5, 14.5, 8, 14 ], "texture": "#block", "cullface": "west", "rotation": 270 },
				"north": { "uv": [ 7.5, 14, 8, 15.5 ], "texture": "#block", "cullface": "west" },
				"south": { "uv": [ 0.5, 14, 1, 15.5 ], "texture": "#block", "cullface": "west" },
				"west": { "uv": [ 0.5, 15.5, 8, 14 ], "texture": "#block", "cullface": "west", "rotation": 180 }
			}
		},
		{
			"__comment": "Cube3",
			"from": [ -0.5, 0.5, 0.5001 ],
			"to": [ 0, 2, 7.5001 ],
			"faces": {
				"down": { "uv": [ 8.5, 15, 15.5, 15.5 ], "texture": "#block", "cullface": "west", "rotation": 90 },
				"up": { "uv": [ 8.5, 14.5, 15.5, 14 ], "texture": "#block", "cullface": "west", "rotation": 270 },
				"north": { "uv": [ 15, 14, 15.5, 15.5 ], "texture": "#block", "cullface": "west" },
				"south": { "uv": [ 8.5, 14, 9, 15.5 ], "texture": "#block", "cullface": "west" },
				"west": { "uv": [ 8.5, 15.5, 15.5, 14 ], "texture": "#block", "cullface": "west", "rotation": 180 }
			}
		},
		{
			"__comment": "Cube3",
			"from": [ -0.5001, 2.5, 0.5001 ],
			"to": [ -0.0001000166, 8, 2.0001 ],
			"faces": {
				"down": { "uv": [ 14, 13, 15.5, 13.5 ], "texture": "#block", "cullface": "west", "rotation": 90 },
				"up": { "uv": [ 14, 8.5, 15.5, 8 ], "texture": "#block", "cullface": "west", "rotation": 270 },
				"north": { "uv": [ 15, 8, 15.5, 13.5 ], "texture": "#block", "cullface": "west" },
				"south": { "uv": [ 14, 8, 14.5, 13.5 ], "texture": "#block", "cullface": "west" },
				"west": { "uv": [ 15.5, 8, 14, 13.5 ], "texture": "#block", "cullface": "west" }
			}
		},
		{
			"__comment": "Cube3",
			"from": [ -0.5001, 8.5, 0.5001 ],
			"to": [ -0.0001000166, 13.5, 2.0001 ],
			"faces": {
				"down": { "uv": [ 14, 7, 15.5, 7.5 ], "texture": "#block", "cullface": "west", "rotation": 90 },
				"up": { "uv": [ 14, 3, 15.5, 2.5 ], "texture": "#block", "cullface": "west", "rotation": 270 },
				"north": { "uv": [ 15, 2.5, 15.5, 7.5 ], "texture": "#block", "cullface": "west" },
				"south": { "uv": [ 14, 2.5, 14.5, 7.5 ], "texture": "#block", "cullface": "west" },
				"west": { "uv": [ 15.5, 2.5, 14, 7.5 ], "texture": "#block", "cullface": "west" }
			}
		},
		{
			"__comment": "Cube3",
			"from": [ -0.5001, 14, 0.5001 ],
			"to": [ -0.0001000166, 15.5, 8.0001 ],
			"faces": {
				"down": { "uv": [ 8, 1.5, 15.5, 2 ], "texture": "#block", "cullface": "west", "rotation": 90 },
				"up": { "uv": [ 8, 1, 15.5, 0.5 ], "texture": "#block", "cullface": "west", "rotation": 270 },
				"north": { "uv": [ 15, 0.5, 15.5, 2 ], "texture": "#block", "cullface": "west" },
				"south": { "uv": [ 8, 0.5, 8.5, 2 ], "texture": "#block", "cullface": "west", "rotation": 180 },
				"west": { "uv": [ 8, 2, 15.5, 0.5 ], "texture": "#block", "cullface": "west", "rotation": 180 }
			}
		},
		{
			"__comment": "Cube3",
			"from": [ 8, 16.0001, 0.5001 ],
			"to": [ 15.5, 16.5001, 2.0001 ],
			"faces": {
				"up": { "uv": [ 8, 0.5, 15.5, 2 ], "texture": "#block", "cullface": "up" },
				"north": { "uv": [ 15.5, 0.5, 8, 1 ], "texture": "#block", "cullface": "up" },
				"south": { "uv": [ 8, 1.5, 15.5, 2 ], "texture": "#block", "cullface": "up" },
				"west": { "uv": [ 8, 0.5, 8.5, 2 ], "texture": "#block", "cullface": "up", "rotation": 90 },
				"east": { "uv": [ 15, 0.5, 15.5, 2 ], "texture": "#block", "cullface": "up", "rotation": 90 }
			}
		},
		{
			"__comment": "Cube3",
			"from": [ 14, 16.0001, 2.5001 ],
			"to": [ 15.5, 16.5001, 7.5001 ],
			"faces": {
				"up": { "uv": [ 14, 2.5, 15.5, 7.5 ], "texture": "#block", "cullface": "up" },
				"north": { "uv": [ 15.5, 2.5, 14, 3 ], "texture": "#block", "cullface": "up" },
				"south": { "uv": [ 14, 7, 15.5, 7.5 ], "texture": "#block", "cullface": "up" },
				"west": { "uv": [ 14, 2.5, 14.5, 7.5 ], "texture": "#block", "cullface": "up", "rotation": 270 },
				"east": { "uv": [ 15, 2.5, 15.5, 7.5 ], "texture": "#block", "cullface": "up", "rotation": 90 }
			}
		},
		{
			"__comment": "Cube3",
			"from": [ 14, 15.9999, 8.0001 ],
			"to": [ 15.5, 16.4999, 13.5001 ],
			"faces": {
				"up": { "uv": [ 14, 8, 15.5, 13.5 ], "texture": "#block", "cullface": "up" },
				"north": { "uv": [ 15.5, 8, 14, 8.5 ], "texture": "#block", "cullface": "up" },
				"south": { "uv": [ 14, 13, 15.5, 13.5 ], "texture": "#block", "cullface": "up" },
				"west": { "uv": [ 14, 8, 14.5, 13.5 ], "texture": "#block", "cullface": "up", "rotation": 270 },
				"east": { "uv": [ 15, 8, 15.5, 13.5 ], "texture": "#block", "cullface": "up", "rotation": 90 }
			}
		},
		{
			"__comment": "Cube3",
			"from": [ 8.5, 15.9999, 14.0001 ],
			"to": [ 15.5, 16.4999, 15.5001 ],
			"faces": {
				"up": { "uv": [ 8.5, 14, 15.5, 15.5 ], "texture": "#block", "cullface": "up" },
				"north": { "uv": [ 15.5, 14, 8.5, 14.5 ], "texture": "#block", "cullface": "up" },
				"south": { "uv": [ 8.5, 15, 15.5, 15.5 ], "texture": "#block", "cullface": "up" },
				"west": { "uv": [ 8.5, 14, 9, 15.5 ], "texture": "#block", "cullface": "up", "rotation": 270 },
				"east": { "uv": [ 15, 14, 15.5, 15.5 ], "texture": "#block", "cullface": "up", "rotation": 90 }
			}
		},
		{
			"__comment": "Cube3",
			"from": [ 0.5, 15.9999, 14.0001 ],
			"to": [ 8, 16.4999, 15.5001 ],
			"faces": {
				"up": { "uv": [ 0.5, 14, 8, 15.5 ], "texture": "#block", "cullface": "up" },
				"north": { "uv": [ 8, 14, 0.5, 14.5 ], "texture": "#block", "cullface": "up" },
				"south": { "uv": [ 0.5, 15, 8, 15.5 ], "texture": "#block", "cullface": "up" },
				"west": { "uv": [ 0.5, 14, 1, 15.5 ], "texture": "#block", "cullface": "up", "rotation": 270 },
				"east": { "uv": [ 7.5, 14, 8, 15.5 ], "texture": "#block", "cullface": "up", "rotation": 90 }
			}
		},
		{
			"__comment": "Cube3",
			"from": [ 0.5, 15.9999, 8.5001 ],
			"to": [ 2, 16.4999, 13.5001 ],
			"faces": {
				"up": { "uv": [ 0.5, 8.5, 2, 13.5 ], "texture": "#block", "cullface": "up" },
				"north": { "uv": [ 2, 8.5, 0.5, 9 ], "texture": "#block", "cullface": "up" },
				"south": { "uv": [ 0.5, 13, 2, 13.5 ], "texture": "#block", "cullface": "up" },
				"west": { "uv": [ 0.5, 8.5, 1, 13.5 ], "texture": "#block", "cullface": "up", "rotation": 270 },
				"east": { "uv": [ 1.5, 8.5, 2, 13.5 ], "texture": "#block", "cullface": "up", "rotation": 90 }
			}
		},
		{
			"__comment": "Cube3",
			"from": [ 0.5, 16, 0.5001 ],
			"to": [ 2, 16.5, 8.0001 ],
			"faces": {
				"up": { "uv": [ 0.5, 0.5, 2, 8 ], "texture": "#block", "cullface": "up" },
				"north": { "uv": [ 2, 0.5, 0.5, 1 ], "texture": "#block", "cullface": "up" },
				"south": { "uv": [ 0.5, 7.5, 2, 8 ], "texture": "#block", "cullface": "up" },
				"west": { "uv": [ 0.5, 0.5, 1, 8 ], "texture": "#block", "cullface": "up", "rotation": 270 },
				"east": { "uv": [ 1.5, 0.5, 2, 8 ], "texture": "#block", "cullface": "up", "rotation": 90 }
			}
		},
		{
			"__comment": "Cube3",
			"from": [ 2.5, 16.0001, 0.5001 ],
			"to": [ 7.5, 16.5001, 2.0001 ],
			"faces": {
				"up": { "uv": [ 2.5, 0.5, 7.5, 2 ], "texture": "#block", "cullface": "up" },
				"north": { "uv": [ 7.5, 0.5, 2.5, 1 ], "texture": "#block", "cullface": "up" },
				"south": { "uv": [ 2.5, 1.5, 7.5, 2 ], "texture": "#block", "cullface": "up" },
				"west": { "uv": [ 2.5, 0.5, 3, 2 ], "texture": "#block", "cullface": "up", "rotation": 270 },
				"east": { "uv": [ 7, 0.5, 7.5, 2 ], "texture": "#block", "cullface": "up", "rotation": 90 }
			}
		},
		{
			"__comment": "Cube2",
			"from": [ 2.5, 15.9999, 2.5001 ],
			"to": [ 13.5, 16.4999, 13.5001 ],
			"faces": {
				"up": { "uv": [ 2.5, 2.5, 13.5, 13.5 ], "texture": "#block", "cullface": "up" },
				"north": { "uv": [ 13.5, 2.5, 2.5, 3 ], "texture": "#block", "cullface": "up" },
				"south": { "uv": [ 2.5, 13, 13.5, 13.5 ], "texture": "#block", "cullface": "up" },
				"west": { "uv": [ 2.5, 13.5, 3, 2.5 ], "texture": "#block", "cullface": "up", "rotation": 90 },
				"east": { "uv": [ 13, 2.5, 13.5, 13.5 ], "texture": "#block", "cullface": "up", "rotation": 90 }
			}
		},
		{
			"__comment": "Cube3",
			"from": [ 8, 14, -0.5 ],
			"to": [ 15.5, 15.5, 0 ],
			"faces": {
				"down": { "uv": [ 8, 1.5, 15.5, 2 ], "texture": "#block", "cullface": "north" },
				"up": { "uv": [ 8, 1, 15.5, 0.5 ], "texture": "#block", "cullface": "north" },
				"north": { "uv": [ 8, 2, 15.5, 0.5 ], "texture": "#block", "cullface": "north", "rotation": 180 },
				"west": { "uv": [ 8, 0.5, 8.5, 2 ], "texture": "#block", "cullface": "north", "rotation": 180 },
				"east": { "uv": [ 15, 0.5, 15.5, 2 ], "texture": "#block", "cullface": "north" }
			}
		},
		{
			"__comment": "Cube3",
			"from": [ 14, 8.5, -0.5 ],
			"to": [ 15.5, 13.5, 0 ],
			"faces": {
				"down": { "uv": [ 14, 7, 15.5, 7.5 ], "texture": "#block", "cullface": "north" },
				"up": { "uv": [ 14, 3, 15.5, 2.5 ], "texture": "#block", "cullface": "north" },
				"north": { "uv": [ 15.5, 2.5, 14, 7.5 ], "texture": "#block", "cullface": "north" },
				"west": { "uv": [ 14, 2.5, 14.5, 7.5 ], "texture": "#block", "cullface": "north" },
				"east": { "uv": [ 15, 2.5, 15.5, 7.5 ], "texture": "#block", "cullface": "north" }
			}
		},
		{
			"__comment": "Cube3",
			"from": [ 14, 2.5, -0.5 ],
			"to": [ 15.5, 8, 0 ],
			"faces": {
				"down": { "uv": [ 14, 13, 15.5, 13.5 ], "texture": "#block", "cullface": "north" },
				"up": { "uv": [ 14, 8.5, 15.5, 8 ], "texture": "#block", "cullface": "north" },
				"north": { "uv": [ 15.5, 8, 14, 13.5 ], "texture": "#block", "cullface": "north" },
				"west": { "uv": [ 14, 8, 14.5, 13.5 ], "texture": "#block", "cullface": "north" },
				"east": { "uv": [ 15, 8, 15.5, 13.5 ], "texture": "#block", "cullface": "north" }
			}
		},
		{
			"__comment": "Cube3",
			"from": [ 8.5, 0.5, -0.5 ],
			"to": [ 15.5, 2, 0 ],
			"faces": {
				"down": { "uv": [ 8.5, 15, 15.5, 15.5 ], "texture": "#block", "cullface": "north" },
				"up": { "uv": [ 8.5, 14.5, 15.5, 14 ], "texture": "#block", "cullface": "north" },
				"north": { "uv": [ 8.5, 15.5, 15.5, 14 ], "texture": "#block", "cullface": "north", "rotation": 180 },
				"west": { "uv": [ 8.5, 14, 9, 15.5 ], "texture": "#block", "cullface": "north" },
				"east": { "uv": [ 15, 14, 15.5, 15.5 ], "texture": "#block", "cullface": "north" }
			}
		},
		{
			"__comment": "Cube3",
			"from": [ 0.5, 0.5, -0.5 ],
			"to": [ 8, 2, 0 ],
			"faces": {
				"down": { "uv": [ 0.5, 15, 8, 15.5 ], "texture": "#block", "cullface": "north" },
				"up": { "uv": [ 0.5, 14.5, 8, 14 ], "texture": "#block", "cullface": "north" },
				"north": { "uv": [ 0.5, 15.5, 8, 14 ], "texture": "#block", "cullface": "north", "rotation": 180 },
				"west": { "uv": [ 0.5, 14, 1, 15.5 ], "texture": "#block", "cullface": "north" },
				"east": { "uv": [ 7.5, 14, 8, 15.5 ], "texture": "#block", "cullface": "north" }
			}
		},
		{
			"__comment": "Cube3",
			"from": [ 0.5, 2.5, -0.5 ],
			"to": [ 2, 7.5, 0 ],
			"faces": {
				"down": { "uv": [ 0.5, 13, 2, 13.5 ], "texture": "#block", "cullface": "north" },
				"up": { "uv": [ 0.5, 9, 2, 8.5 ], "texture": "#block", "cullface": "north" },
				"north": { "uv": [ 0.5, 13.5, 2, 8.5 ], "texture": "#block", "cullface": "north", "rotation": 180 },
				"west": { "uv": [ 0.5, 8.5, 1, 13.5 ], "texture": "#block", "cullface": "north" },
				"east": { "uv": [ 1.5, 8.5, 2, 13.5 ], "texture": "#block", "cullface": "north" }
			}
		},
		{
			"__comment": "Cube3",
			"from": [ 0.5, 8, -0.5 ],
			"to": [ 2, 15.5, 0 ],
			"faces": {
				"down": { "uv": [ 0.5, 7.5, 2, 8 ], "texture": "#block", "cullface": "north" },
				"up": { "uv": [ 0.5, 1, 2, 0.5 ], "texture": "#block", "cullface": "north" },
				"north": { "uv": [ 0.5, 8, 2, 0.5 ], "texture": "#block", "cullface": "north", "rotation": 180 },
				"west": { "uv": [ 0.5, 0.5, 1, 8 ], "texture": "#block", "cullface": "north" },
				"east": { "uv": [ 1.5, 0.5, 2, 8 ], "texture": "#block", "cullface": "down" }
			}
		},
		{
			"__comment": "Cube3",
			"from": [ 2.5, 14, -0.5 ],
			"to": [ 7.5, 15.5, 0 ],
			"faces": {
				"down": { "uv": [ 2.5, 1.5, 7.5, 2 ], "texture": "#block", "cullface": "north" },
				"up": { "uv": [ 2.5, 1, 7.5, 0.5 ], "texture": "#block", "cullface": "north" },
				"north": { "uv": [ 2.5, 2, 7.5, 0.5 ], "texture": "#block", "cullface": "north", "rotation": 180 },
				"west": { "uv": [ 2.5, 0.5, 3, 2 ], "texture": "#block", "cullface": "north" },
				"east": { "uv": [ 7, 0.5, 7.5, 2 ], "texture": "#block", "cullface": "north" }
			}
		},
		{
			"__comment": "Cube2",
			"from": [ 2.5, 2.5, -0.5 ],
			"to": [ 13.5, 13.5, 0 ],
			"faces": {
				"down": { "uv": [ 2.5, 13, 13.5, 13.5 ], "texture": "#block", "cullface": "north" },
				"up": { "uv": [ 2.5, 3, 13.5, 2.5 ], "texture": "#block", "cullface": "north" },
				"north": { "uv": [ 2.5, 13.5, 13.5, 2.5 ], "texture": "#block", "cullface": "north", "rotation": 180 },
				"west": { "uv": [ 2.5, 13.5, 3, 2.5 ], "texture": "#block", "cullface": "north", "rotation": 180 },
				"east": { "uv": [ 13, 2.5, 13.5, 13.5 ], "texture": "#block", "cullface": "north" }
			}
		},
		{
			"__comment": "Cube3",
			"from": [ 16, 14, 8 ],
			"to": [ 16.5, 15.5, 15.5 ],
			"faces": {
				"down": { "uv": [ 8, 1.5, 15.5, 2 ], "texture": "#block", "cullface": "east", "rotation": 270 },
				"up": { "uv": [ 8, 1, 15.5, 0.5 ], "texture": "#block", "cullface": "east", "rotation": 90 },
				"north": { "uv": [ 8, 0.5, 8.5, 2 ], "texture": "#block", "cullface": "east", "rotation": 180 },
				"south": { "uv": [ 15, 0.5, 15.5, 2 ], "texture": "#block", "cullface": "east" },
				"east": { "uv": [ 8, 2, 15.5, 0.5 ], "texture": "#block", "cullface": "east", "rotation": 180 }
			}
		},
		{
			"__comment": "Cube3",
			"from": [ 16.0001, 8.5, 13.9999 ],
			"to": [ 16.5001, 13.5, 15.4999 ],
			"faces": {
				"down": { "uv": [ 14, 7, 15.5, 7.5 ], "texture": "#block", "cullface": "east", "rotation": 270 },
				"up": { "uv": [ 14, 3, 15.5, 2.5 ], "texture": "#block", "cullface": "east", "rotation": 90 },
				"north": { "uv": [ 14, 2.5, 14.5, 7.5 ], "texture": "#block", "cullface": "east" },
				"south": { "uv": [ 15, 2.5, 15.5, 7.5 ], "texture": "#block", "cullface": "east" },
				"east": { "uv": [ 15.5, 2.5, 14, 7.5 ], "texture": "#block", "cullface": "east" }
			}
		},
		{
			"__comment": "Cube3",
			"from": [ 16.0001, 2.5, 13.9999 ],
			"to": [ 16.5001, 8, 15.4999 ],
			"faces": {
				"down": { "uv": [ 14, 13, 15.5, 13.5 ], "texture": "#block", "cullface": "east", "rotation": 270 },
				"up": { "uv": [ 14, 8.5, 15.5, 8 ], "texture": "#block", "cullface": "east", "rotation": 90 },
				"north": { "uv": [ 14, 8, 14.5, 13.5 ], "texture": "#block", "cullface": "north" },
				"south": { "uv": [ 15, 8, 15.5, 13.5 ], "texture": "#block", "cullface": "east" },
				"east": { "uv": [ 15.5, 8, 14, 13.5 ], "texture": "#block", "cullface": "east" }
			}
		},
		{
			"__comment": "Cube3",
			"from": [ 16, 0.5, 8.4999 ],
			"to": [ 16.5, 2, 15.4999 ],
			"faces": {
				"down": { "uv": [ 8.5, 15, 15.5, 15.5 ], "texture": "#block", "cullface": "east", "rotation": 270 },
				"up": { "uv": [ 8.5, 14.5, 15.5, 14 ], "texture": "#block", "cullface": "east", "rotation": 90 },
				"north": { "uv": [ 8.5, 14, 9, 15.5 ], "texture": "#block", "cullface": "east" },
				"south": { "uv": [ 15, 14, 15.5, 15.5 ], "texture": "#block", "cullface": "east" },
				"east": { "uv": [ 8.5, 15.5, 15.5, 14 ], "texture": "#block", "cullface": "east", "rotation": 180 }
			}
		},
		{
			"__comment": "Cube3",
			"from": [ 15.9999, 0.5, 0.5 ],
			"to": [ 16.4999, 2, 8 ],
			"faces": {
				"down": { "uv": [ 0.5, 15, 8, 15.5 ], "texture": "#block", "cullface": "east", "rotation": 270 },
				"up": { "uv": [ 0.5, 14.5, 8, 14 ], "texture": "#block", "cullface": "east", "rotation": 90 },
				"north": { "uv": [ 0.5, 14, 1, 15.5 ], "texture": "#block", "cullface": "east" },
				"south": { "uv": [ 7.5, 14, 8, 15.5 ], "texture": "#block", "cullface": "east" },
				"east": { "uv": [ 0.5, 15.5, 8, 14 ], "texture": "#block", "cullface": "east", "rotation": 180 }
			}
		},
		{
			"__comment": "Cube3",
			"from": [ 16, 2.5, 0.5 ],
			"to": [ 16.5, 7.5, 2 ],
			"faces": {
				"down": { "uv": [ 0.5, 13, 2, 13.5 ], "texture": "#block", "cullface": "east", "rotation": 270 },
				"up": { "uv": [ 0.5, 9, 2, 8.5 ], "texture": "#block", "cullface": "east", "rotation": 90 },
				"north": { "uv": [ 0.5, 8.5, 1, 13.5 ], "texture": "#block", "cullface": "east" },
				"south": { "uv": [ 1.5, 8.5, 2, 13.5 ], "texture": "#block", "cullface": "east" },
				"east": { "uv": [ 0.5, 13.5, 2, 8.5 ], "texture": "#block", "cullface": "east", "rotation": 180 }
			}
		},
		{
			"__comment": "Cube3",
			"from": [ 16, 8, 0.5 ],
			"to": [ 16.5, 15.5, 2 ],
			"faces": {
				"down": { "uv": [ 0.5, 7.5, 2, 8 ], "texture": "#block", "cullface": "east", "rotation": 270 },
				"up": { "uv": [ 0.5, 1, 2, 0.5 ], "texture": "#block", "cullface": "east", "rotation": 90 },
				"north": { "uv": [ 0.5, 0.5, 1, 8 ], "texture": "#block", "cullface": "east" },
				"south": { "uv": [ 1.5, 0.5, 2, 8 ], "texture": "#block", "cullface": "east" },
				"east": { "uv": [ 0.5, 8, 2, 0.5 ], "texture": "#block", "cullface": "east", "rotation": 180 }
			}
		},
		{
			"__comment": "Cube3",
			"from": [ 16, 14, 2.4999 ],
			"to": [ 16.5, 15.5, 7.4999 ],
			"faces": {
				"down": { "uv": [ 2.5, 1.5, 7.5, 2 ], "texture": "#block", "cullface": "east", "rotation": 270 },
				"up": { "uv": [ 2.5, 1, 7.5, 0.5 ], "texture": "#block", "cullface": "east", "rotation": 90 },
				"north": { "uv": [ 2.5, 0.5, 3, 2 ], "texture": "#block", "cullface": "east" },
				"south": { "uv": [ 7, 0.5, 7.5, 2 ], "texture": "#block", "cullface": "east" },
				"east": { "uv": [ 2.5, 2, 7.5, 0.5 ], "texture": "#block", "cullface": "east", "rotation": 180 }
			}
		},
		{
			"__comment": "Cube2",
			"from": [ 16, 2.5, 2.4999 ],
			"to": [ 16.5, 13.5, 13.4999 ],
			"faces": {
				"down": { "uv": [ 2.5, 13, 13.5, 13.5 ], "texture": "#block", "cullface": "east", "rotation": 270 },
				"up": { "uv": [ 2.5, 3, 13.5, 2.5 ], "texture": "#block", "cullface": "east", "rotation": 90 },
				"north": { "uv": [ 2.5, 13.5, 3, 2.5 ], "texture": "#block", "cullface": "east", "rotation": 180 },
				"south": { "uv": [ 13, 2.5, 13.5, 13.5 ], "texture": "#block", "cullface": "east" },
				"east": { "uv": [ 2.5, 13.5, 13.5, 2.5 ], "texture": "#block", "cullface": "east", "rotation": 180 }
			}
		},
		{
			"__comment": "Cube3",
			"from": [ 0.5001, 14, 16 ],
			"to": [ 8.0001, 15.5, 16.5 ],
			"faces": {
				"down": { "uv": [ 8, 1.5, 15.5, 2 ], "texture": "#block", "cullface": "south", "rotation": 180 },
				"up": { "uv": [ 8, 1, 15.5, 0.5 ], "texture": "#block", "cullface": "south", "rotation": 180 },
				"south": { "uv": [ 8, 2, 15.5, 0.5 ], "texture": "#block", "cullface": "south", "rotation": 180 },
				"west": { "uv": [ 15, 0.5, 15.5, 2 ], "texture": "#block", "cullface": "south" },
				"east": { "uv": [ 8, 0.5, 8.5, 2 ], "texture": "#block", "cullface": "south", "rotation": 180 }
			}
		},
		{
			"__comment": "Cube3",
			"from": [ 0.5001, 8.5, 16.0001 ],
			"to": [ 2.0001, 13.5, 16.5001 ],
			"faces": {
				"down": { "uv": [ 14, 7, 15.5, 7.5 ], "texture": "#block", "cullface": "south", "rotation": 180 },
				"up": { "uv": [ 14, 3, 15.5, 2.5 ], "texture": "#block", "cullface": "south", "rotation": 180 },
				"south": { "uv": [ 15.5, 2.5, 14, 7.5 ], "texture": "#block", "cullface": "south" },
				"west": { "uv": [ 15, 2.5, 15.5, 7.5 ], "texture": "#block", "cullface": "south" },
				"east": { "uv": [ 14, 2.5, 14.5, 7.5 ], "texture": "#block", "cullface": "south" }
			}
		},
		{
			"__comment": "Cube3",
			"from": [ 0.5001, 2.5, 16.0001 ],
			"to": [ 2.0001, 8, 16.5001 ],
			"faces": {
				"down": { "uv": [ 14, 13, 15.5, 13.5 ], "texture": "#block", "cullface": "south", "rotation": 180 },
				"up": { "uv": [ 14, 8.5, 15.5, 8 ], "texture": "#block", "cullface": "south", "rotation": 180 },
				"south": { "uv": [ 15.5, 8, 14, 13.5 ], "texture": "#block", "cullface": "south" },
				"west": { "uv": [ 15, 8, 15.5, 13.5 ], "texture": "#block", "cullface": "south" },
				"east": { "uv": [ 14, 8, 14.5, 13.5 ], "texture": "#block", "cullface": "south" }
			}
		},
		{
			"__comment": "Cube3",
			"from": [ 0.5001, 0.5, 16 ],
			"to": [ 7.5001, 2, 16.5 ],
			"faces": {
				"down": { "uv": [ 8.5, 15, 15.5, 15.5 ], "texture": "#block", "cullface": "south", "rotation": 180 },
				"up": { "uv": [ 8.5, 14.5, 15.5, 14 ], "texture": "#block", "cullface": "south", "rotation": 180 },
				"south": { "uv": [ 8.5, 15.5, 15.5, 14 ], "texture": "#block", "cullface": "south", "rotation": 180 },
				"west": { "uv": [ 15, 14, 15.5, 15.5 ], "texture": "#block", "cullface": "south" },
				"east": { "uv": [ 8.5, 14, 9, 15.5 ], "texture": "#block", "cullface": "south" }
			}
		},
		{
			"__comment": "Cube3",
			"from": [ 8.0001, 0.5, 15.9999 ],
			"to": [ 15.5001, 2, 16.4999 ],
			"faces": {
				"down": { "uv": [ 0.5, 15, 8, 15.5 ], "texture": "#block", "cullface": "south", "rotation": 180 },
				"up": { "uv": [ 0.5, 14.5, 8, 14 ], "texture": "#block", "cullface": "south", "rotation": 180 },
				"south": { "uv": [ 0.5, 15.5, 8, 14 ], "texture": "#block", "cullface": "south", "rotation": 180 },
				"west": { "uv": [ 7.5, 14, 8, 15.5 ], "texture": "#block", "cullface": "south" },
				"east": { "uv": [ 0.5, 14, 1, 15.5 ], "texture": "#block", "cullface": "south" }
			}
		},
		{
			"__comment": "Cube3",
			"from": [ 14.0001, 2.5, 15.9999 ],
			"to": [ 15.5001, 7.5, 16.4999 ],
			"faces": {
				"down": { "uv": [ 0.5, 13, 2, 13.5 ], "texture": "#block", "cullface": "south", "rotation": 180 },
				"up": { "uv": [ 0.5, 9, 2, 8.5 ], "texture": "#block", "cullface": "south", "rotation": 180 },
				"south": { "uv": [ 0.5, 13.5, 2, 8.5 ], "texture": "#block", "cullface": "south", "rotation": 180 },
				"west": { "uv": [ 1.5, 8.5, 2, 13.5 ], "texture": "#block", "cullface": "south" },
				"east": { "uv": [ 0.5, 8.5, 1, 13.5 ], "texture": "#block", "cullface": "south" }
			}
		},
		{
			"__comment": "Cube3",
			"from": [ 14.0001, 8, 16 ],
			"to": [ 15.5001, 15.5, 16.5 ],
			"faces": {
				"down": { "uv": [ 0.5, 7.5, 2, 8 ], "texture": "#block", "cullface": "south", "rotation": 180 },
				"up": { "uv": [ 0.5, 1, 2, 0.5 ], "texture": "#block", "cullface": "south", "rotation": 180 },
				"south": { "uv": [ 0.5, 8, 2, 0.5 ], "texture": "#block", "cullface": "south", "rotation": 180 },
				"west": { "uv": [ 1.5, 0.5, 2, 8 ], "texture": "#block", "cullface": "south" },
				"east": { "uv": [ 0.5, 0.5, 1, 8 ], "texture": "#block", "cullface": "south" }
			}
		},
		{
			"__comment": "Cube3",
			"from": [ 8.5001, 14, 16 ],
			"to": [ 13.5001, 15.5, 16.5 ],
			"faces": {
				"down": { "uv": [ 2.5, 1.5, 7.5, 2 ], "texture": "#block", "cullface": "south", "rotation": 180 },
				"up": { "uv": [ 2.5, 1, 7.5, 0.5 ], "texture": "#block", "cullface": "south", "rotation": 180 },
				"south": { "uv": [ 2.5, 2, 7.5, 0.5 ], "texture": "#block", "cullface": "south", "rotation": 180 },
				"west": { "uv": [ 7, 0.5, 7.5, 2 ], "texture": "#block", "cullface": "south" },
				"east": { "uv": [ 2.5, 0.5, 3, 2 ], "texture": "#block", "cullface": "south" }
			}
		},
		{
			"__comment": "Cube2",
			"from": [ 2.5001, 2.5, 16 ],
			"to": [ 13.5001, 13.5, 16.5 ],
			"faces": {
				"down": { "uv": [ 2.5, 13, 13.5, 13.5 ], "texture": "#block", "cullface": "south", "rotation": 180 },
				"up": { "uv": [ 2.5, 3, 13.5, 2.5 ], "texture": "#block", "cullface": "south", "rotation": 180 },
				"south": { "uv": [ 2.5, 13.5, 13.5, 2.5 ], "texture": "#block", "cullface": "south", "rotation": 180 },
				"west": { "uv": [ 13, 2.5, 13.5, 13.5 ], "texture": "#block", "cullface": "south" },
				"east": { "uv": [ 2.5, 13.5, 3, 2.5 ], "texture": "#block", "cullface": "south", "rotation": 180 }
			}
		},
		{
			"__comment": "Cube2",
			"from": [ 2.5, -0.5, 2.5 ],
			"to": [ 13.5, 0, 13.5 ],
			"faces": {
				"down": { "uv": [ 2.5, 2.5, 13.5, 13.5 ], "texture": "#block", "cullface": "down" },
				"north": { "uv": [ 13.5, 13.5, 2.5, 13 ], "texture": "#block", "cullface": "down" },
				"south": { "uv": [ 2.5, 3, 13.5, 2.5 ], "texture": "#block", "cullface": "down" },
				"west": { "uv": [ 2.5, 13.5, 3, 2.5 ], "texture": "#block", "cullface": "down", "rotation": 270 },
				"east": { "uv": [ 13, 2.5, 13.5, 13.5 ], "texture": "#block", "cullface": "down", "rotation": 270 }
			}
		},
		{
			"__comment": "Cube3",
			"from": [ 2.5, -0.5, 14 ],
			"to": [ 7.5, 0, 15.5 ],
			"faces": {
				"down": { "uv": [ 2.5, 0.5, 7.5, 2 ], "texture": "#block", "cullface": "down" },
				"north": { "uv": [ 7.5, 2, 2.5, 1.5 ], "texture": "#block", "cullface": "down" },
				"south": { "uv": [ 2.5, 1, 7.5, 0.5 ], "texture": "#block", "cullface": "down" },
				"west": { "uv": [ 2.5, 0.5, 3, 2 ], "texture": "#block", "cullface": "down", "rotation": 90 },
				"east": { "uv": [ 7, 0.5, 7.5, 2 ], "texture": "#block", "cullface": "down", "rotation": 270 }
			}
		},
		{
			"__comment": "Cube3",
			"from": [ 0.5, -0.5, 8 ],
			"to": [ 2, 0, 15.5 ],
			"faces": {
				"down": { "uv": [ 0.5, 0.5, 2, 8 ], "texture": "#block", "cullface": "down" },
				"north": { "uv": [ 2, 8, 0.5, 7.5 ], "texture": "#block", "cullface": "down" },
				"south": { "uv": [ 0.5, 1, 2, 0.5 ], "texture": "#block", "cullface": "down" },
				"west": { "uv": [ 0.5, 0.5, 1, 8 ], "texture": "#block", "cullface": "down", "rotation": 90 },
				"east": { "uv": [ 1.5, 0.5, 2, 8 ], "texture": "#block", "cullface": "down", "rotation": 270 }
			}
		},
		{
			"__comment": "Cube3",
			"from": [ 0.5, -0.5, 2.5 ],
			"to": [ 2, 0, 7.5 ],
			"faces": {
				"down": { "uv": [ 0.5, 8.5, 2, 13.5 ], "texture": "#block", "cullface": "down" },
				"north": { "uv": [ 2, 13.5, 0.5, 13 ], "texture": "#block", "cullface": "down" },
				"south": { "uv": [ 0.5, 9, 2, 8.5 ], "texture": "#block", "cullface": "down" },
				"west": { "uv": [ 0.5, 8.5, 1, 13.5 ], "texture": "#block", "cullface": "down", "rotation": 90 },
				"east": { "uv": [ 1.5, 8.5, 2, 13.5 ], "texture": "#block", "cullface": "down", "rotation": 270 }
			}
		},
		{
			"__comment": "Cube3",
			"from": [ 0.5, -0.5, 0.5 ],
			"to": [ 8, 0, 2 ],
			"faces": {
				"down": { "uv": [ 0.5, 14, 8, 15.5 ], "texture": "#block", "cullface": "down" },
				"north": { "uv": [ 8, 15.5, 0.5, 15 ], "texture": "#block", "cullface": "down" },
				"south": { "uv": [ 0.5, 14.5, 8, 14 ], "texture": "#block", "cullface": "down" },
				"west": { "uv": [ 0.5, 14, 1, 15.5 ], "texture": "#block", "cullface": "down", "rotation": 90 },
				"east": { "uv": [ 7.5, 14, 8, 15.5 ], "texture": "#block", "cullface": "down", "rotation": 270 }
			}
		},
		{
			"__comment": "Cube3",
			"from": [ 8.5, -0.5, 0.5 ],
			"to": [ 15.5, 0, 2 ],
			"faces": {
				"down": { "uv": [ 8.5, 14, 15.5, 15.5 ], "texture": "#block", "cullface": "down" },
				"north": { "uv": [ 15.5, 15.5, 8.5, 15 ], "texture": "#block", "cullface": "down" },
				"south": { "uv": [ 8.5, 14.5, 15.5, 14 ], "texture": "#block", "cullface": "down" },
				"west": { "uv": [ 8.5, 14, 9, 15.5 ], "texture": "#block", "cullface": "down", "rotation": 90 },
				"east": { "uv": [ 15, 14, 15.5, 15.5 ], "texture": "#block", "cullface": "down", "rotation": 270 }
			}
		},
		{
			"__comment": "Cube3",
			"from": [ 14, -0.5, 2.5 ],
			"to": [ 15.5, 0, 8 ],
			"faces": {
				"down": { "uv": [ 14, 8, 15.5, 13.5 ], "texture": "#block", "cullface": "down" },
				"north": { "uv": [ 15.5, 13.5, 14, 13 ], "texture": "#block", "cullface": "down" },
				"south": { "uv": [ 14, 8.5, 15.5, 8 ], "texture": "#block", "cullface": "down" },
				"west": { "uv": [ 14, 8, 14.5, 13.5 ], "texture": "#block", "cullface": "down", "rotation": 90 },
				"east": { "uv": [ 15, 8, 15.5, 13.5 ], "texture": "#block", "cullface": "down", "rotation": 270 }
			}
		},
		{
			"__comment": "Cube3",
			"from": [ 14, -0.5, 8.5 ],
			"to": [ 15.5, 0, 13.5 ],
			"faces": {
				"down": { "uv": [ 14, 2.5, 15.5, 7.5 ], "texture": "#block", "cullface": "down" },
				"north": { "uv": [ 15.5, 7.5, 14, 7 ], "texture": "#block", "cullface": "down" },
				"south": { "uv": [ 14, 3, 15.5, 2.5 ], "texture": "#block", "cullface": "down" },
				"west": { "uv": [ 14, 2.5, 14.5, 7.5 ], "texture": "#block", "cullface": "down", "rotation": 90 },
				"east": { "uv": [ 15, 2.5, 15.5, 7.5 ], "texture": "#block", "cullface": "down", "rotation": 270 }
			}
		},
		{
			"__comment": "Cube3",
			"from": [ 8, -0.5, 14 ],
			"to": [ 15.5, 0, 15.5 ],
			"faces": {
				"down": { "uv": [ 8, 0.5, 15.5, 2 ], "texture": "#block", "cullface": "down" },
				"north": { "uv": [ 15.5, 2, 8, 1.5 ], "texture": "#block", "cullface": "down" },
				"south": { "uv": [ 8, 1, 15.5, 0.5 ], "texture": "#block", "cullface": "down" },
				"west": { "uv": [ 8, 0.5, 8.5, 2 ], "texture": "#block", "cullface": "down", "rotation": 270 },
				"east": { "uv": [ 15, 0.5, 15.5, 2 ], "texture": "#block", "cullface": "down", "rotation": 270 }
			}
		}
	],
	"display": {
		"thirdperson_righthand": {
			"rotation":  [ 75, 45, 0 ],
			"translation":  [ 0, 2.5, 0 ],
			"scale":  [ 0.375, 0.375, 0.375 ]
		},
		"thirdperson_lefthand": {
			"rotation":  [ 75, 45, 0 ],
			"translation":  [ 0, 2.5, 0 ],
			"scale":  [ 0.375, 0.375, 0.375 ]
		},
		"firstperson_righthand": {
			"rotation":  [ 0, 45, 0 ],
			"scale":  [ 0.4, 0.4, 0.4 ]
		},
		"firstperson_lefthand": {
			"rotation":  [ 0, 45, 0 ],
			"scale":  [ 0.4, 0.4, 0.4 ]
		},
		"gui": {
			"rotation":  [ 30, 225, 0 ],
			"scale":  [ 0.625, 0.625, 0.625 ]
		},
		"ground": {
			"translation":  [ 0, 3, 0 ],
			"scale":  [ 0.25, 0.25, 0.25 ]
		},
		"fixed": {
			"scale":  [ 0.5, 0.5, 0.5 ]
		}
	}
}