{
	"__comment": "Created by Filal",
	"textures": {
		"particle": "block/cut_sandstone",
		"0": "block/cut_sandstone",
		"1": "block/sandstone_top",
		"2": "block/sandstone_bottom"
	},
	"elements": [ 	 
		{
			"from": [ 0, 0, 0 ],
			"to": [ 16, 8, 16 ],
			"faces": {
				"down": { "uv": [ 0.01, 0.01, 15.99, 15.99 ], "texture": "#2", "cullface": "down" },
				"up": { "uv": [ 0.01, 0.01, 15.99, 15.99 ], "texture": "#1" },
				"north": { "uv": [ 0.01, 8.01, 15.99, 15.99 ], "texture": "#0", "cullface": "north" },
				"south": { "uv": [ 0.01, 8.01, 15.99, 15.99 ], "texture": "#0", "cullface": "south" },
				"west": { "uv": [ 0.01, 8.01, 15.99, 15.99 ], "texture": "#0", "cullface": "west" },
				"east": { "uv": [ 0.01, 8.01, 15.99, 15.99 ], "texture": "#0", "cullface": "east" }
			}
		},
		{
			"from": [ 5, 5, 16 ],
			"to": [ 11, 8, 16.5 ],
			"faces": {
				"down": { "uv": [ 5.01, 10.51, 10.99, 10.99 ], "texture": "#0", "cullface": "south" },
				"up": { "uv": [ 5.01, 8.01, 10.99, 8.49 ], "texture": "#0", "cullface": "south" },
				"south": { "uv": [ 5.01, 8.01, 10.99, 10.99 ], "texture": "#0", "cullface": "south" },
				"west": { "uv": [ 5.01, 8.01, 5.49, 10.99 ], "texture": "#0", "cullface": "south" },
				"east": { "uv": [ 10.51, 8.01, 10.99, 10.99 ], "texture": "#0", "cullface": "south" }
			}
		},
		{
			"from": [ 11.5, 0.5, 16 ],
			"to": [ 15.5, 8, 16.5 ],
			"faces": {
				"down": { "uv": [ 11.51, 15.01, 15.49, 15.49 ], "texture": "#0", "cullface": "south" },
				"up": { "uv": [ 11.51, 8.01, 15.49, 8.49 ], "texture": "#0", "cullface": "south" },
				"south": { "uv": [ 11.51, 8.01, 15.49, 15.49 ], "texture": "#0", "cullface": "south" },
				"west": { "uv": [ 11.51, 8.01, 11.99, 15.49 ], "texture": "#0", "cullface": "south" },
				"east": { "uv": [ 15.01, 8.01, 15.49, 15.49 ], "texture": "#0", "cullface": "south" }
			}
		},
		{
			"from": [ 0.5, 0.5, 16 ],
			"to": [ 11, 4.5, 16.5 ],
			"faces": {
				"down": { "uv": [ 0.51, 15.51, 10.99, 15.99 ], "texture": "#0", "cullface": "south" },
				"up": { "uv": [ 15.49, 15.99, 5.01, 15.51 ], "texture": "#0", "cullface": "south" },
				"south": { "uv": [ 0.51, 11.51, 10.99, 15.49 ], "texture": "#0", "cullface": "south" },
				"west": { "uv": [ 11.51, 15.51, 15.49, 15.99 ], "texture": "#0", "cullface": "south", "rotation": 90 },
				"east": { "uv": [ 0.51, 15.51, 4.49, 15.99 ], "texture": "#0", "cullface": "south", "rotation": 270 }
			}
		},
		{
			"from": [ 0.5, 5, 16 ],
			"to": [ 4.5, 8, 16.5 ],
			"faces": {
				"down": { "uv": [ 0.51, 10.51, 4.49, 10.99 ], "texture": "#0", "cullface": "south" },
				"up": { "uv": [ 0.51, 8.01, 4.49, 8.49 ], "texture": "#0", "cullface": "south" },
				"south": { "uv": [ 0.51, 8.01, 4.49, 10.99 ], "texture": "#0", "cullface": "south" },
				"west": { "uv": [ 0.51, 8.01, 0.99, 10.99 ], "texture": "#0", "cullface": "south" },
				"east": { "uv": [ 4.01, 8.01, 4.49, 10.99 ], "texture": "#0", "cullface": "south" }
			}
		},
		{
			"from": [ -0.5, 5, 0.5 ],
			"to": [ 0, 8, 4.5 ],
			"faces": {
				"down": { "uv": [ 0.51, 10.51, 4.49, 10.99 ], "texture": "#0", "cullface": "west", "rotation": 270 },
				"up": { "uv": [ 0.51, 8.01, 4.49, 8.49 ], "texture": "#0", "cullface": "west", "rotation": 90 },
				"north": { "uv": [ 0.51, 8.01, 0.99, 10.99 ], "texture": "#0", "cullface": "west" },
				"south": { "uv": [ 4.01, 8.01, 4.49, 10.99 ], "texture": "#0", "cullface": "west" },
				"west": { "uv": [ 0.51, 8.01, 4.49, 10.99 ], "texture": "#0", "cullface": "west" }
			}
		},
		{
			"from": [ -0.5, 0.5, 0.5 ],
			"to": [ 0, 4.5, 11 ],
			"faces": {
				"down": { "uv": [ 0.51, 15.51, 10.99, 15.99 ], "texture": "#0", "cullface": "west", "rotation": 270 },
				"up": { "uv": [ 15.49, 15.99, 5.01, 15.51 ], "texture": "#0", "cullface": "west", "rotation": 90 },
				"north": { "uv": [ 11.51, 15.51, 15.49, 15.99 ], "texture": "#0", "cullface": "west", "rotation": 90 },
				"south": { "uv": [ 0.51, 15.51, 4.49, 15.99 ], "texture": "#0", "cullface": "west", "rotation": 270 },
				"west": { "uv": [ 0.51, 11.51, 10.99, 15.49 ], "texture": "#0", "cullface": "west" }
			}
		},
		{
			"from": [ -0.5, 0.5, 11.5 ],
			"to": [ 0, 8, 15.5 ],
			"faces": {
				"down": { "uv": [ 11.51, 15.01, 15.49, 15.49 ], "texture": "#0", "cullface": "west", "rotation": 270 },
				"up": { "uv": [ 11.51, 8.01, 15.49, 8.49 ], "texture": "#0", "cullface": "west", "rotation": 90 },
				"north": { "uv": [ 11.51, 8.01, 11.99, 15.49 ], "texture": "#0", "cullface": "west" },
				"south": { "uv": [ 15.01, 8.01, 15.49, 15.49 ], "texture": "#0", "cullface": "west" },
				"west": { "uv": [ 11.51, 8.01, 15.49, 15.49 ], "texture": "#0", "cullface": "west" }
			}
		},
		{
			"from": [ -0.5, 5, 5 ],
			"to": [ 0, 8, 11 ],
			"faces": {
				"down": { "uv": [ 5.01, 10.51, 10.99, 10.99 ], "texture": "#0", "cullface": "west", "rotation": 270 },
				"up": { "uv": [ 5.01, 8.01, 10.99, 8.49 ], "texture": "#0", "cullface": "west", "rotation": 90 },
				"north": { "uv": [ 5.01, 8.01, 5.49, 10.99 ], "texture": "#0", "cullface": "west" },
				"south": { "uv": [ 10.51, 8.01, 10.99, 10.99 ], "texture": "#0", "cullface": "west" },
				"west": { "uv": [ 5.01, 8.01, 10.99, 10.99 ], "texture": "#0", "cullface": "west" }
			}
		},
		{
			"from": [ 11.5, 5, -0.5 ],
			"to": [ 15.5, 8, 0 ],
			"faces": {
				"down": { "uv": [ 0.51, 10.51, 4.49, 10.99 ], "texture": "#0", "cullface": "north", "rotation": 180 },
				"up": { "uv": [ 0.51, 8.01, 4.49, 8.49 ], "texture": "#0", "cullface": "north", "rotation": 180 },
				"north": { "uv": [ 0.51, 8.01, 4.49, 10.99 ], "texture": "#0", "cullface": "north" },
				"west": { "uv": [ 4.01, 8.01, 4.49, 10.99 ], "texture": "#0", "cullface": "north" },
				"east": { "uv": [ 0.51, 8.01, 0.99, 10.99 ], "texture": "#0", "cullface": "north" }
			}
		},
		{
			"from": [ 5, 0.5, -0.5 ],
			"to": [ 15.5, 4.5, 0 ],
			"faces": {
				"down": { "uv": [ 0.51, 15.51, 10.99, 15.99 ], "texture": "#0", "cullface": "north", "rotation": 180 },
				"up": { "uv": [ 15.49, 15.99, 5.01, 15.51 ], "texture": "#0", "cullface": "north", "rotation": 180 },
				"north": { "uv": [ 0.51, 11.51, 10.99, 15.49 ], "texture": "#0", "cullface": "north" },
				"west": { "uv": [ 0.51, 15.51, 4.49, 15.99 ], "texture": "#0", "cullface": "north", "rotation": 270 },
				"east": { "uv": [ 11.51, 15.51, 15.49, 15.99 ], "texture": "#0", "cullface": "north", "rotation": 90 }
			}
		},
		{
			"from": [ 0.5, 0.5, -0.5 ],
			"to": [ 4.5, 8, 0 ],
			"faces": {
				"down": { "uv": [ 11.51, 15.01, 15.49, 15.49 ], "texture": "#0", "cullface": "north", "rotation": 180 },
				"up": { "uv": [ 11.51, 8.01, 15.49, 8.49 ], "texture": "#0", "cullface": "north", "rotation": 180 },
				"north": { "uv": [ 11.51, 8.01, 15.49, 15.49 ], "texture": "#0", "cullface": "north" },
				"west": { "uv": [ 15.01, 8.01, 15.49, 15.49 ], "texture": "#0", "cullface": "north" },
				"east": { "uv": [ 11.51, 8.01, 11.99, 15.49 ], "texture": "#0", "cullface": "north" }
			}
		},
		{
			"from": [ 5, 5, -0.5 ],
			"to": [ 11, 8, 0 ],
			"faces": {
				"down": { "uv": [ 5.01, 10.51, 10.99, 10.99 ], "texture": "#0", "cullface": "north", "rotation": 180 },
				"up": { "uv": [ 5.01, 8.01, 10.99, 8.49 ], "texture": "#0", "cullface": "north", "rotation": 180 },
				"north": { "uv": [ 5.01, 8.01, 10.99, 10.99 ], "texture": "#0", "cullface": "north" },
				"west": { "uv": [ 10.51, 8.01, 10.99, 10.99 ], "texture": "#0", "cullface": "north" },
				"east": { "uv": [ 5.01, 8.01, 5.49, 10.99 ], "texture": "#0", "cullface": "north" }
			}
		},
		{
			"from": [ 16, 5, 11.5 ],
			"to": [ 16.5, 8, 15.5 ],
			"faces": {
				"down": { "uv": [ 0.51, 10.51, 4.49, 10.99 ], "texture": "#0", "cullface": "east", "rotation": 90 },
				"up": { "uv": [ 0.51, 8.01, 4.49, 8.49 ], "texture": "#0", "cullface": "east", "rotation": 270 },
				"north": { "uv": [ 4.01, 8.01, 4.49, 10.99 ], "texture": "#0", "cullface": "east" },
				"south": { "uv": [ 0.51, 8.01, 0.99, 10.99 ], "texture": "#0", "cullface": "east" },
				"east": { "uv": [ 0.51, 8.01, 4.49, 10.99 ], "texture": "#0", "cullface": "east" }
			}
		},
		{
			"from": [ 16, 0.5, 5 ],
			"to": [ 16.5, 4.5, 15.5 ],
			"faces": {
				"down": { "uv": [ 0.51, 15.51, 10.99, 15.99 ], "texture": "#0", "cullface": "south", "rotation": 90 },
				"up": { "uv": [ 15.49, 15.99, 5.01, 15.51 ], "texture": "#0", "cullface": "south", "rotation": 270 },
				"north": { "uv": [ 0.51, 15.51, 4.49, 15.99 ], "texture": "#0", "cullface": "south", "rotation": 270 },
				"south": { "uv": [ 11.51, 15.51, 15.49, 15.99 ], "texture": "#0", "cullface": "south", "rotation": 90 },
				"east": { "uv": [ 0.51, 11.51, 10.99, 15.49 ], "texture": "#0", "cullface": "south" }
			}
		},
		{
			"from": [ 16, 0.5, 0.5 ],
			"to": [ 16.5, 8, 4.5 ],
			"faces": {
				"down": { "uv": [ 11.51, 15.01, 15.49, 15.49 ], "texture": "#0", "cullface": "east", "rotation": 90 },
				"up": { "uv": [ 11.51, 8.01, 15.49, 8.49 ], "texture": "#0", "cullface": "east", "rotation": 270 },
				"north": { "uv": [ 15.01, 8.01, 15.49, 15.49 ], "texture": "#0", "cullface": "east" },
				"south": { "uv": [ 11.51, 8.01, 11.99, 15.49 ], "texture": "#0", "cullface": "east" },
				"east": { "uv": [ 11.51, 8.01, 15.49, 15.49 ], "texture": "#0", "cullface": "east" }
			}
		},
		{
			"from": [ 16, 5, 5 ],
			"to": [ 16.5, 8, 11 ],
			"faces": {
				"down": { "uv": [ 5.01, 10.51, 10.99, 10.99 ], "texture": "#0", "cullface": "east", "rotation": 90 },
				"up": { "uv": [ 5.01, 8.01, 10.99, 8.49 ], "texture": "#0", "cullface": "east", "rotation": 270 },
				"north": { "uv": [ 10.51, 8.01, 10.99, 10.99 ], "texture": "#0", "cullface": "east" },
				"south": { "uv": [ 5.01, 8.01, 5.49, 10.99 ], "texture": "#0", "cullface": "east" },
				"east": { "uv": [ 5.01, 8.01, 10.99, 10.99 ], "texture": "#0", "cullface": "east" }
			}
		},
		{
			"from": [ 0.5, 8, 0.5 ],
			"to": [ 8, 8.5, 8 ],
			"faces": {
				"up": { "uv": [ 0.51, 0.51, 7.99, 7.99 ], "texture": "#1" },
				"north": { "uv": [ 7.99, 0.51, 0.51, 0.99 ], "texture": "#1" },
				"south": { "uv": [ 0.51, 7.51, 7.99, 7.99 ], "texture": "#1" },
				"west": { "uv": [ 0.51, 0.51, 0.99, 7.99 ], "texture": "#1", "rotation": 90 },
				"east": { "uv": [ 7.51, 0.51, 7.99, 7.99 ], "texture": "#1", "rotation": 90 }
			}
		},
		{
			"from": [ 0.5, 8, 8.5 ],
			"to": [ 8, 8.5, 16 ],
			"faces": {
				"up": { "uv": [ 0.51, 8.51, 7.99, 15.99 ], "texture": "#1" },
				"north": { "uv": [ 7.99, 8.51, 0.51, 8.99 ], "texture": "#1" },
				"south": { "uv": [ 0.51, 15.51, 7.99, 15.99 ], "texture": "#1" },
				"west": { "uv": [ 0.51, 8.51, 0.99, 15.99 ], "texture": "#1", "rotation": 90 },
				"east": { "uv": [ 7.51, 8.51, 7.99, 15.99 ], "texture": "#1", "rotation": 90 }
			}
		},
		{
			"from": [ 8.5, 8, 0 ],
			"to": [ 16, 8.5, 7.5 ],
			"faces": {
				"up": { "uv": [ 8.51, 0.01, 15.99, 7.49 ], "texture": "#1" },
				"north": { "uv": [ 15.99, 0.01, 8.51, 0.49 ], "texture": "#1" },
				"south": { "uv": [ 8.51, 7.01, 15.99, 7.49 ], "texture": "#1" },
				"west": { "uv": [ 8.51, 0.01, 8.99, 7.49 ], "texture": "#1", "rotation": 90 },
				"east": { "uv": [ 15.51, 0.01, 15.99, 7.49 ], "texture": "#1", "rotation": 90 }
			}
		},
		{
			"from": [ 8.5, 8, 8 ],
			"to": [ 16, 8.5, 15.5 ],
			"faces": {
				"up": { "uv": [ 8.51, 8.01, 15.99, 15.49 ], "texture": "#1" },
				"north": { "uv": [ 15.99, 8.01, 8.51, 8.49 ], "texture": "#1" },
				"south": { "uv": [ 8.51, 15.01, 15.99, 15.49 ], "texture": "#1" },
				"west": { "uv": [ 8.51, 8.01, 8.99, 15.49 ], "texture": "#1", "rotation": 90 },
				"east": { "uv": [ 15.51, 8.01, 15.99, 15.49 ], "texture": "#1", "rotation": 90 }
			}
		},
		{
			"from": [ 0.5, -0.5, 8 ],
			"to": [ 8, 0, 15.5 ],
			"faces": {
				"down": { "uv": [ 0.51, 0.51, 7.99, 7.99 ], "texture": "#2", "cullface": "down" },
				"north": { "uv": [ 7.99, 7.99, 0.51, 7.51 ], "texture": "#2", "cullface": "down" },
				"south": { "uv": [ 0.51, 0.99, 7.99, 0.51 ], "texture": "#2", "cullface": "down" },
				"west": { "uv": [ 0.51, 0.51, 0.99, 7.99 ], "texture": "#2", "cullface": "down", "rotation": 270 },
				"east": { "uv": [ 7.51, 0.51, 7.99, 7.99 ], "texture": "#2", "cullface": "down", "rotation": 270 }
			}
		},
		{
			"from": [ 0.5, -0.5, 0 ],
			"to": [ 8, 0, 7.5 ],
			"faces": {
				"down": { "uv": [ 0.51, 8.51, 7.99, 15.99 ], "texture": "#2", "cullface": "down" },
				"north": { "uv": [ 7.99, 15.99, 0.51, 15.51 ], "texture": "#2", "cullface": "down" },
				"south": { "uv": [ 0.51, 8.99, 7.99, 8.51 ], "texture": "#2", "cullface": "down" },
				"west": { "uv": [ 0.51, 8.51, 0.99, 15.99 ], "texture": "#2", "cullface": "down", "rotation": 270 },
				"east": { "uv": [ 7.51, 8.51, 7.99, 15.99 ], "texture": "#2", "cullface": "down", "rotation": 270 }
			}
		},
		{
			"from": [ 8.5, -0.5, 8.5 ],
			"to": [ 16, 0, 16 ],
			"faces": {
				"down": { "uv": [ 8.51, 0.01, 15.99, 7.49 ], "texture": "#2", "cullface": "down" },
				"north": { "uv": [ 15.99, 7.49, 8.51, 7.01 ], "texture": "#2", "cullface": "down" },
				"south": { "uv": [ 8.51, 0.49, 15.99, 0.01 ], "texture": "#2", "cullface": "down" },
				"west": { "uv": [ 8.51, 0.01, 8.99, 7.49 ], "texture": "#2", "cullface": "down", "rotation": 270 },
				"east": { "uv": [ 15.51, 0.01, 15.99, 7.49 ], "texture": "#2", "cullface": "down", "rotation": 270 }
			}
		},
		{
			"from": [ 8.5, -0.5, 0.5 ],
			"to": [ 16, 0, 8 ],
			"faces": {
				"down": { "uv": [ 8.51, 8.01, 15.99, 15.49 ], "texture": "#2", "cullface": "down" },
				"north": { "uv": [ 15.99, 15.49, 8.51, 15.01 ], "texture": "#2", "cullface": "down" },
				"south": { "uv": [ 8.51, 8.49, 15.99, 8.01 ], "texture": "#2", "cullface": "down" },
				"west": { "uv": [ 8.51, 8.01, 8.99, 15.49 ], "texture": "#2", "cullface": "down", "rotation": 270 },
				"east": { "uv": [ 15.51, 8.01, 15.99, 15.49 ], "texture": "#2", "cullface": "down", "rotation": 270 }
			}
		}
	],
	"display": {
		"thirdperson_righthand": {
			"rotation":  [ 75, 45, 0 ],
			"translation":  [ 0, 2.5, 0 ],
			"scale":  [ 0.375, 0.375, 0.375 ]
		},
		"thirdperson_lefthand": {
			"rotation":  [ 75, 45, 0 ],
			"translation":  [ 0, 2.5, 0 ],
			"scale":  [ 0.375, 0.375, 0.375 ]
		},
		"firstperson_righthand": {
			"rotation":  [ 0, 45, 0 ],
			"scale":  [ 0.4, 0.4, 0.4 ]
		},
		"firstperson_lefthand": {
			"rotation":  [ 0, 45, 0 ],
			"scale":  [ 0.4, 0.4, 0.4 ]
		},
		"gui": {
			"rotation":  [ 30, 225, 0 ],
			"scale":  [ 0.625, 0.625, 0.625 ]
		},
		"ground": {
			"translation":  [ 0, 3, 0 ],
			"scale":  [ 0.25, 0.25, 0.25 ]
		},
		"fixed": {
			"scale":  [ 0.5, 0.5, 0.5 ]
		}
	}
}