{
	"__comment": "Created by Filal",
	"textures": {
		"particle": "block/dandelion",
		"0": "block/dandelion5",
		"1": "block/dandelion",
		"2": "block/dandelion4"
	},
	"elements": [ 	 
		{
			"from": [ 8, 0, 8.5 ],
			"to": [ 8.5, 4, 9 ],
			"shade": false,
			"faces": {
				"up": { "uv": [ 8, 11.5, 8.5, 12 ], "texture": "#0" },
				"north": { "uv": [ 7.5, 12, 8, 16 ], "texture": "#0" },
				"south": { "uv": [ 8, 12, 8.5, 16 ], "texture": "#0" },
				"west": { "uv": [ 7.5, 12, 8, 16 ], "texture": "#0" },
				"east": { "uv": [ 8, 12, 8.5, 16 ], "texture": "#0" }
			}
		},
		{
			"from": [ 8.25, 3, 8.75 ],
			"to": [ 8.75, 7, 9.25 ],
			"shade": false,
			"faces": {
				"down": { "uv": [ 7.5, 11.5, 8, 12 ], "texture": "#0" },
				"up": { "uv": [ 8, 11.5, 8.5, 12 ], "texture": "#0" },
				"north": { "uv": [ 7.5, 12, 8, 16 ], "texture": "#0" },
				"south": { "uv": [ 8, 12, 8.5, 16 ], "texture": "#0" },
				"west": { "uv": [ 7.5, 12, 8, 16 ], "texture": "#0" },
				"east": { "uv": [ 8, 12, 8.5, 16 ], "texture": "#0" }
			}
		},
		{
			"from": [ 6.3278, 7.2085, 5.5 ],
			"to": [ 11.3278, 7.2095, 12 ],
			"rotation": { "origin": [ 8.5, 8, 5.5 ], "axis": "z", "angle": -22.5 },
			"shade": false,
			"faces": {
				"down": { "uv": [ 11.5, 9, 5, 4 ], "texture": "#1", "rotation": 90 },
				"up": { "uv": [ 5, 4, 11.5, 9 ], "texture": "#1", "rotation": 90 }
			}
		},
		{
			"from": [ 9.5, 6.7, 7.5 ],
			"to": [ 11, 6.701, 9.5 ],
			"shade": false,
			"faces": {
				"down": { "uv": [ 10, 5.5, 11.5, 7.5 ], "texture": "#1" },
				"up": { "uv": [ 10, 5.5, 11.5, 7.5 ], "texture": "#1" }
			}
		},
		{
			"from": [ 6.0722, 7.6278, 8 ],
			"to": [ 7.5722, 7.6288, 10 ],
			"rotation": { "origin": [ 7.5, 7.5, 8 ], "axis": "z", "angle": -45 },
			"shade": false,
			"faces": {
				"down": { "uv": [ 10, 5.5, 11.5, 7.5 ], "texture": "#1", "rotation": 180 },
				"up": { "uv": [ 10, 5.5, 11.5, 7.5 ], "texture": "#1", "rotation": 180 }
			}
		},
		{
			"from": [ 8.5, 0, 3.75 ],
			"to": [ 8.501, 5, 12.75 ],
			"rotation": { "origin": [ 8.5, 0, 9 ], "axis": "y", "angle": -45 },
			"shade": false,
			"faces": {
				"west": { "uv": [ 2.5, 11, 11.5, 16 ], "texture": "#2" },
				"east": { "uv": [ 11.5, 11, 2.5, 16 ], "texture": "#2" }
			}
		},
		{
			"from": [ 8.5, 0, 3.75 ],
			"to": [ 8.501, 5, 12.75 ],
			"rotation": { "origin": [ 8.5, 0, 9 ], "axis": "y", "angle": 22.5 },
			"shade": false,
			"faces": {
				"west": { "uv": [ 11.5, 11, 2.5, 16 ], "texture": "#2" },
				"east": { "uv": [ 2.5, 11, 11.5, 16 ], "texture": "#2" }
			}
		},
		{
			"from": [ 5.5, 4, 3.5 ],
			"to": [ 7.5, 4.001, 5.5 ],
			"rotation": { "origin": [ 6.5, 4, 3.5 ], "axis": "z", "angle": 22.5 },
			"shade": false,
			"faces": {
				"down": { "uv": [ 0, 0, 2, 2 ], "texture": "#1" },
				"up": { "uv": [ 0, 0, 2, 2 ], "texture": "#1", "rotation": 90 }
			}
		},
		{
			"from": [ 10, 4, 6 ],
			"to": [ 11.5, 4.001, 7.5 ],
			"rotation": { "origin": [ 10, 4, 6.75 ], "axis": "x", "angle": -22.5 },
			"shade": false,
			"faces": {
				"down": { "uv": [ 11.5, 2, 13, 3.5 ], "texture": "#1" },
				"up": { "uv": [ 11.5, 2, 13, 3.5 ], "texture": "#1", "rotation": 180 }
			}
		},
		{
			"from": [ 8, 4, 9.5 ],
			"to": [ 10.5, 4.001, 11.5 ],
			"rotation": { "origin": [ 8, 4, 10.5 ], "axis": "x", "angle": 22.5 },
			"shade": false,
			"faces": {
				"down": { "uv": [ 4.5, 0, 7, 2 ], "texture": "#1" },
				"up": { "uv": [ 4.5, 0, 7, 2 ], "texture": "#1" }
			}
		},
		{
			"from": [ 5.25, 4, 11 ],
			"to": [ 6.75, 4.001, 12.5 ],
			"rotation": { "origin": [ 6, 4, 11 ], "axis": "z", "angle": 45 },
			"shade": false,
			"faces": {
				"down": { "uv": [ 11.5, 2, 13, 3.5 ], "texture": "#1" },
				"up": { "uv": [ 11.5, 2, 13, 3.5 ], "texture": "#1", "rotation": 90 }
			}
		}
	]
}