{
    "__comment": "Created by Filal",
    "textures": {
        "particle": "block/dark_oak_door_bottom",
        "0": "block/dark_oak_door_bottom",
        "1": "block/dark_oak_door_edge"
    },
    "elements": [
        {
            "from": [ 0, 0, 1 ], 
            "to": [ 16, 16, 2 ], 
            "faces": {
                "north": { "texture": "#0", "uv": [ 0, 0, 16, 16 ] },
                "south": { "texture": "#0", "uv": [ 16, 0, 0, 16 ] },
                "up": { "texture": "#1", "uv": [ 7, 0, 8, 16 ], "rotation": 90 }
            }
        },
        {
            "from": [ 1.5, 0.5, 0 ], 
            "to": [ 14.5, 1.5, 3 ], 
            "faces": {
                "north": { "texture": "#0", "uv": [ 1.5, 14.5, 14.5, 15.5 ] },
                "east": { "texture": "#0", "uv": [ 1.5, 14.5, 2, 15.5 ] },
                "south": { "texture": "#0", "uv": [ 14.5, 14.5, 1.5, 15.5 ] },
                "west": { "texture": "#0", "uv": [ 14, 14.5, 14.5, 15.5 ] },
                "up": { "texture": "#0", "uv": [ 1.5, 14.5, 14.5, 15 ] },
                "down": { "texture": "#0", "uv": [ 1.5, 15, 14.5, 15.5 ] }
            }
        },
        {
            "from": [ 0.5, 0.5, 0 ], 
            "to": [ 1, 16, 3 ], 
            "faces": {
                "north": { "texture": "#0", "uv": [ 15, 0, 15.5, 15.5 ] },
                "east": { "texture": "#1", "uv": [ 6, 0, 9, 15.5 ] },
                "south": { "texture": "#0", "uv": [ 15, 0, 15.5, 15.5 ] },
                "west": { "texture": "#1", "uv": [ 13, 0, 16, 15.5 ] },
                "up": { "texture": "#1", "uv": [ 6, 15, 9, 15.5 ], "rotation": 90 },
                "down": { "texture": "#0", "uv": [ 15, 15, 15.5, 15.5 ] }
            }
        },
        {
            "from": [ 0, 0, 0.5 ], 
            "to": [ 0.5, 16, 2.5 ], 
            "faces": {
                "north": { "texture": "#0", "uv": [ 15.5, 0, 16, 16 ] },
                "south": { "texture": "#0", "uv": [ 15.5, 0, 16, 16 ] },
                "west": { "texture": "#1", "uv": [ 13.5, 0, 15.5, 16 ] },
                "up": { "texture": "#1", "uv": [ 6.5, 15.5, 8.5, 16 ], "rotation": 90 },
                "down": { "texture": "#1", "uv": [ 6.5, 15.5, 8, 16 ], "rotation": 90 }
            }
        },
        {
            "from": [ 0.5, 0, 0.5 ], 
            "to": [ 15.5, 1.5, 2.5 ], 
            "faces": {
                "north": { "texture": "#0", "uv": [ 0.5, 14.5, 15.5, 16 ] },
                "south": { "texture": "#0", "uv": [ 15.5, 14, 0.5, 15.5 ] },
                "up": { "texture": "#0", "uv": [ 0.5, 14.5, 15.5, 15 ] },
                "down": { "texture": "#1", "uv": [ 6.5, 0.5, 8.5, 15.5 ], "rotation": 90 }
            }
        },
        {
            "from": [ 15.5, 0, 0.5 ], 
            "to": [ 16, 16, 2.5 ], 
            "faces": {
                "north": { "texture": "#0", "uv": [ 0, 0, 0.5, 16 ] },
                "east": { "texture": "#1", "uv": [ 0.5, 0, 2.5, 16 ] },
                "south": { "texture": "#0", "uv": [ 0, 0, 0.5, 16 ] },
                "up": { "texture": "#1", "uv": [ 6.5, 0, 8.5, 0.5 ], "rotation": 90 },
                "down": { "texture": "#1", "uv": [ 6.5, 0, 8.5, 0.5 ], "rotation": 90 }
            }
        },
        {
            "from": [ 15, 0.5, 0 ], 
            "to": [ 15.5, 16, 3 ], 
            "faces": {
                "north": { "texture": "#0", "uv": [ 0.5, 0, 1, 15.5 ] },
                "east": { "texture": "#1", "uv": [ 0, 0, 3, 15.5 ] },
                "south": { "texture": "#0", "uv": [ 0.5, 0, 1, 15.5 ] },
                "west": { "texture": "#1", "uv": [ 6, 0, 9, 15.5 ] },
                "up": { "texture": "#1", "uv": [ 6, 0.5, 9, 1 ], "rotation": 90 },
                "down": { "texture": "#0", "uv": [ 0.5, 15, 1, 15.5 ] }
            }
        },
        {
            "from": [ 1.5, 2, 0.5 ], 
            "to": [ 2.5, 15, 2.5 ], 
            "faces": {
                "north": { "texture": "#0", "uv": [ 13.5, 1, 14.5, 14 ] },
                "east": { "texture": "#0", "uv": [ 13.5, 1, 14, 14 ] },
                "south": { "texture": "#0", "uv": [ 14.5, 1, 13.5, 14 ] },
                "west": { "texture": "#0", "uv": [ 14, 1, 14.5, 14 ] },
                "up": { "texture": "#0", "uv": [ 14.5, 1, 13.5, 1.5 ] },
                "down": { "texture": "#0", "uv": [ 14.5, 13.5, 13.5, 14 ] }
            }
        },
        {
            "from": [ 2.5, 2, 0.5 ], 
            "to": [ 13.5, 3, 2.5 ], 
            "faces": {
                "north": { "texture": "#0", "uv": [ 2.5, 13, 13.5, 14 ] },
                "south": { "texture": "#0", "uv": [ 13.5, 13, 2.5, 14 ] },
                "up": { "texture": "#0", "uv": [ 2.5, 13, 13.5, 13.5 ] },
                "down": { "texture": "#0", "uv": [ 2.5, 13.5, 13.5, 14 ] }
            }
        },
        {
            "from": [ 13.5, 2, 0.5 ], 
            "to": [ 14.5, 15.5, 2.5 ], 
            "faces": {
                "north": { "texture": "#0", "uv": [ 1.5, 0.5, 2.5, 14 ] },
                "east": { "texture": "#1", "uv": [ 6.5, 0.5, 8.5, 14 ] },
                "south": { "texture": "#0", "uv": [ 2.5, 0.5, 1.5, 14 ] },
                "west": { "texture": "#0", "uv": [ 2, 0.5, 2.5, 14 ] },
                "up": { "texture": "#0", "uv": [ 2.5, 0.5, 1.5, 1 ] },
                "down": { "texture": "#0", "uv": [ 2.5, 13.5, 1.5, 14 ] }
            }
        },
        {
            "from": [ 2.5, 13.5, 0.5 ], 
            "to": [ 13.5, 14, 2.5 ], 
            "faces": {
                "north": { "texture": "#0", "uv": [ 2.5, 2, 13.5, 2.5 ] },
                "south": { "texture": "#0", "uv": [ 13.5, 2, 2.5, 2.5 ] },
                "up": { "texture": "#0", "uv": [ 2.5, 2, 13.5, 2.5 ] },
                "down": { "texture": "#0", "uv": [ 2.5, 2, 13.5, 2.5 ] }
            }
        },
        {
            "from": [ 2.5, 14, 0.5 ], 
            "to": [ 3, 14.5, 2.5 ], 
            "faces": {
                "north": { "texture": "#0", "uv": [ 13, 1.5, 13.5, 2 ] },
                "east": { "texture": "#0", "uv": [ 13, 1.5, 13.5, 2 ] },
                "south": { "texture": "#0", "uv": [ 13, 1.5, 13.5, 2 ] },
                "up": { "texture": "#0", "uv": [ 13, 1.5, 13.5, 2 ] }
            }
        },
        {
            "from": [ 13, 14.5, 0.5 ], 
            "to": [ 13.5, 15, 2.5 ], 
            "faces": {
                "north": { "texture": "#0", "uv": [ 2.5, 1, 3, 1.5 ] },
                "south": { "texture": "#0", "uv": [ 2.5, 1, 3, 1.5 ] },
                "west": { "texture": "#0", "uv": [ 2.5, 1, 3, 1.5 ] },
                "up": { "texture": "#0", "uv": [ 2.5, 1, 3, 1.5 ] }
            }
        },
        {
            "from": [ 12.5, 14, 0.5 ], 
            "to": [ 13.5, 14.5, 2.5 ], 
            "faces": {
                "north": { "texture": "#0", "uv": [ 2.5, 1.5, 3.5, 2 ] },
                "south": { "texture": "#0", "uv": [ 3.5, 1.5, 2.5, 2 ] },
                "west": { "texture": "#0", "uv": [ 3, 1.5, 3.5, 2 ] },
                "up": { "texture": "#0", "uv": [ 2.5, 1, 3.5, 1.5 ] }
            }
        },
        {
            "from": [ 3, 4, 0.5 ], 
            "to": [ 3.5, 13, 2.5 ], 
            "faces": {
                "north": { "texture": "#0", "uv": [ 12.5, 3, 13, 12 ] },
                "east": { "texture": "#0", "uv": [ 12.5, 3, 13, 12 ] },
                "south": { "texture": "#0", "uv": [ 12.5, 3, 13, 12 ] },
                "west": { "texture": "#0", "uv": [ 12.5, 3, 13, 12 ] },
                "up": { "texture": "#0", "uv": [ 12.5, 3, 13, 3.5 ] },
                "down": { "texture": "#0", "uv": [ 12.5, 11.5, 131, 12 ] }
            }
        },
        {
            "from": [ 12.5, 4, 0.5 ], 
            "to": [ 13, 13, 2.5 ], 
            "faces": {
                "north": { "texture": "#0", "uv": [ 3, 3, 3.5, 12 ] },
                "east": { "texture": "#0", "uv": [ 3, 3, 3.5, 12 ] },
                "south": { "texture": "#0", "uv": [ 3, 3, 3.5, 12 ] },
                "west": { "texture": "#0", "uv": [ 3, 3, 3.5, 12 ] },
                "up": { "texture": "#0", "uv": [ 3, 3, 3.5, 3.5 ] },
                "down": { "texture": "#0", "uv": [ 3, 11.5, 3.5, 12 ] }
            }
        },
        {
            "from": [ 3.5, 12, 0.5 ], 
            "to": [ 12.5, 13, 2.5 ], 
            "faces": {
                "north": { "texture": "#0", "uv": [ 3.5, 3, 12.5, 4 ] },
                "south": { "texture": "#0", "uv": [ 12.5, 3, 3.5, 4 ] },
                "up": { "texture": "#0", "uv": [ 12.5, 3, 3.5, 3.5 ] },
                "down": { "texture": "#0", "uv": [ 3.5, 3.5, 12.5, 4 ] }
            }
        },
        {
            "from": [ 14, 15.5, 0.5 ], 
            "to": [ 14.5, 16, 2.5 ], 
            "faces": {
                "north": { "texture": "#0", "uv": [ 1.5, 0, 2, 0.5 ] },
                "east": { "texture": "#0", "uv": [ 1.5, 0, 2, 0.5 ] },
                "south": { "texture": "#0", "uv": [ 1.5, 0, 2, 0.5 ] },
                "west": { "texture": "#0", "uv": [ 1.5, 0, 2, 0.5 ] },
                "up": { "texture": "#1", "uv": [ 6.5, 1.5, 8.5, 2 ], "rotation": 90 }
            }
        },
        {
            "from": [ 1.5, 15, 0.5 ], 
            "to": [ 2, 15.5, 2.5 ], 
            "faces": {
                "north": { "texture": "#0", "uv": [ 14, 0.5, 14.5, 1 ] },
                "east": { "texture": "#0", "uv": [ 14, 0.5, 14.5, 1 ] },
                "south": { "texture": "#0", "uv": [ 14, 0.5, 14.5, 1 ] },
                "west": { "texture": "#0", "uv": [ 14, 0.5, 14.5, 1 ] },
                "up": { "texture": "#0", "uv": [ 14, 0.5, 14.5, 1 ] }
            }
        },
        {
            "from": [ 5, 5.5, 0.5 ], 
            "to": [ 11, 10.5, 2.5 ], 
            "faces": {
                "north": { "texture": "#0", "uv": [ 5, 5.5, 11, 10.5 ] },
                "east": { "texture": "#0", "uv": [ 5, 5.5, 5.5, 10.5 ] },
                "south": { "texture": "#0", "uv": [ 11, 5.5, 5, 10.5 ] },
                "west": { "texture": "#0", "uv": [ 10.5, 5.5, 11, 10.5 ] },
                "up": { "texture": "#0", "uv": [ 11, 5.5, 5, 6 ] },
                "down": { "texture": "#0", "uv": [ 11, 10, 5, 10.5 ] }
            }
        },
        {
            "from": [ 15.5, 7.5, 0 ], 
            "to": [ 16, 9, 3 ], 
            "faces": {
                "north": { "texture": "#0", "uv": [ 0, 7, 0.5, 8.5 ] },
                "east": { "texture": "#1", "uv": [ 0, 7, 3, 8.5 ] },
                "south": { "texture": "#0", "uv": [ 0, 7, 0.5, 8.5 ] },
                "up": { "texture": "#0", "uv": [ 0, 7, 0.5, 7.5 ] },
                "down": { "texture": "#0", "uv": [ 0, 8, 0.5, 8.5 ] }
            }
        }
    ]
}