{
	"__comment": "Created by Filal",
	"textures": {
		"particle": "block/smooth_stone3",
		"1": "block/smooth_stone3",
		"2": "block/smooth_stone_slab_side"
	},
	"elements": [ 	 
		{
			"from": [ 0, 0, 0 ],
			"to": [ 16, 16, 16 ],
			"faces": {
				"down": { "uv": [ 0.01, 0.01, 15.99, 15.99 ], "texture": "#1", "cullface": "down" },
				"up": { "uv": [ 0.01, 0.01, 15.99, 15.99 ], "texture": "#1", "cullface": "up" },
				"north": { "uv": [ 0.01, 0.01, 15.99, 15.99 ], "texture": "#2", "cullface": "north" },
				"south": { "uv": [ 0.01, 0.01, 15.99, 15.99 ], "texture": "#2", "cullface": "south" },
				"west": { "uv": [ 0.01, 0.01, 15.99, 15.99 ], "texture": "#2", "cullface": "west" },
				"east": { "uv": [ 0.01, 0.01, 15.99, 15.99 ], "texture": "#2", "cullface": "east" }
			}
		},
		{
			"from": [ 1, 16, 0.5 ],
			"to": [ 15, 16.5, 15 ],
			"faces": {
				"up": { "uv": [ 1.01, 0.51, 14.99, 14.99 ], "texture": "#1", "cullface": "up" },
				"north": { "uv": [ 14.99, 0.51, 1.01, 0.99 ], "texture": "#1", "cullface": "up" },
				"south": { "uv": [ 1.01, 14.51, 14.99, 14.99 ], "texture": "#1", "cullface": "up" },
				"west": { "uv": [ 1.01, 14.99, 1.49, 0.5100002 ], "texture": "#1", "cullface": "up", "rotation": 90 },
				"east": { "uv": [ 14.51, 0.51, 14.99, 14.99 ], "texture": "#1", "cullface": "up", "rotation": 90 }
			}
		},
		{
			"from": [ 0.5, 16, 1 ],
			"to": [ 1, 16.5, 14 ],
			"faces": {
				"up": { "uv": [ 0.51, 1.01, 0.99, 13.99 ], "texture": "#1", "cullface": "up" },
				"north": { "uv": [ 0.51, 1.01, 0.99, 1.49 ], "texture": "#1", "cullface": "up" },
				"south": { "uv": [ 0.51, 13.51, 0.99, 13.99 ], "texture": "#1", "cullface": "up" },
				"west": { "uv": [ 0.51, 13.99, 0.99, 1.01 ], "texture": "#1", "cullface": "up", "rotation": 90 }
			}
		},
		{
			"from": [ 15, 16, 1 ],
			"to": [ 15.5, 16.5, 15 ],
			"faces": {
				"up": { "uv": [ 15.01, 1.01, 15.49, 14.99 ], "texture": "#1", "cullface": "up" },
				"north": { "uv": [ 15.01, 1.01, 15.49, 1.49 ], "texture": "#1", "cullface": "up" },
				"south": { "uv": [ 15.01, 14.51, 15.49, 14.99 ], "texture": "#1", "cullface": "up" },
				"east": { "uv": [ 15.01, 1.01, 15.49, 14.99 ], "texture": "#1", "cullface": "up", "rotation": 90 }
			}
		},
		{
			"from": [ 1.5, 16, 15 ],
			"to": [ 15.5, 16.5, 15.5 ],
			"faces": {
				"up": { "uv": [ 1.51, 15.01, 15.49, 15.49 ], "texture": "#1", "cullface": "up" },
				"south": { "uv": [ 1.51, 15.01, 15.49, 15.49 ], "texture": "#1", "cullface": "up" },
				"west": { "uv": [ 15.01, 15.01, 15.49, 15.49 ], "texture": "#1", "cullface": "up" },
				"east": { "uv": [ 1.51, 15.01, 1.99, 15.49 ], "texture": "#1", "cullface": "up" }
			}
		},
		{
			"from": [ 15.5, 16, 1.5 ],
			"to": [ 16, 16.5, 14 ],
			"faces": {
				"up": { "uv": [ 15.51, 1.51, 15.99, 13.99 ], "texture": "#1", "cullface": "up" },
				"north": { "uv": [ 15.51, 1.51, 15.99, 1.99 ], "texture": "#1", "cullface": "up" },
				"south": { "uv": [ 15.51, 13.51, 15.99, 13.99 ], "texture": "#1", "cullface": "up" },
				"east": { "uv": [ 15.51, 1.51, 15.99, 13.99 ], "texture": "#1", "cullface": "up", "rotation": 90 }
			}
		},
		{
			"from": [ 15.5, -0.5, 2 ],
			"to": [ 16, 0, 14.5 ],
			"faces": {
				"down": { "uv": [ 15.51, 1.51, 15.99, 13.99 ], "texture": "#1", "cullface": "down" },
				"north": { "uv": [ 15.99, 13.99, 15.51, 13.51 ], "texture": "#1", "cullface": "down" },
				"south": { "uv": [ 15.99, 1.99, 15.51, 1.51 ], "texture": "#1", "cullface": "down" },
				"east": { "uv": [ 15.51, 1.51, 15.99, 13.99 ], "texture": "#1", "cullface": "down", "rotation": 270 }
			}
		},
		{
			"from": [ 1.5, -0.5, 0.5 ],
			"to": [ 15.5, 0, 1 ],
			"faces": {
				"down": { "uv": [ 1.51, 15.01, 15.49, 15.49 ], "texture": "#1", "cullface": "down" },
				"north": { "uv": [ 15.49, 15.49, 1.51, 15.01 ], "texture": "#1", "cullface": "down" },
				"west": { "uv": [ 15.01, 15.01, 15.49, 15.49 ], "texture": "#1", "cullface": "down", "rotation": 180 },
				"east": { "uv": [ 1.51, 15.01, 1.99, 15.49 ], "texture": "#1", "cullface": "down", "rotation": 180 }
			}
		},
		{
			"from": [ 15, -0.5, 1 ],
			"to": [ 15.5, 0, 15 ],
			"faces": {
				"down": { "uv": [ 15.01, 1.01, 15.49, 14.99 ], "texture": "#1", "cullface": "down" },
				"north": { "uv": [ 15.49, 14.99, 15.01, 14.51 ], "texture": "#1", "cullface": "down" },
				"south": { "uv": [ 15.49, 1.49, 15.01, 1.01 ], "texture": "#1", "cullface": "down" },
				"east": { "uv": [ 15.01, 1.01, 15.49, 14.99 ], "texture": "#1", "cullface": "down", "rotation": 270 }
			}
		},
		{
			"from": [ 0.5, -0.5, 2 ],
			"to": [ 1, 0, 15 ],
			"faces": {
				"down": { "uv": [ 0.51, 1.01, 0.99, 13.99 ], "texture": "#1", "cullface": "down" },
				"north": { "uv": [ 0.99, 13.99, 0.51, 13.51 ], "texture": "#1", "cullface": "down" },
				"south": { "uv": [ 0.99, 1.49, 0.51, 1.01 ], "texture": "#1", "cullface": "down" },
				"west": { "uv": [ 0.51, 13.99, 0.99, 1.01 ], "texture": "#1", "cullface": "down", "rotation": 270 }
			}
		},
		{
			"from": [ 1, -0.5, 1 ],
			"to": [ 15, 0, 15.5 ],
			"faces": {
				"down": { "uv": [ 1.01, 0.51, 14.99, 14.99 ], "texture": "#1", "cullface": "down" },
				"north": { "uv": [ 14.99, 14.99, 1.01, 14.51 ], "texture": "#1", "cullface": "down" },
				"south": { "uv": [ 1.01, 0.99, 14.99, 0.51 ], "texture": "#1", "cullface": "down" },
				"west": { "uv": [ 1.01, 14.99, 1.49, 0.5100002 ], "texture": "#1", "cullface": "down", "rotation": 270 },
				"east": { "uv": [ 14.51, 0.51, 14.99, 14.99 ], "texture": "#1", "cullface": "down", "rotation": 270 }
			}
		},
		{
			"from": [ -0.5, 9.5, 0.5 ],
			"to": [ 0, 15, 15.5 ],
			"faces": {
				"down": { "uv": [ 15.49, 6.01, 0.5100002, 6.49 ], "texture": "#2", "cullface": "west", "rotation": 90 },
				"up": { "uv": [ 15.49, 1.01, 0.5100002, 1.49 ], "texture": "#2", "cullface": "west", "rotation": 270 },
				"north": { "uv": [ 0.51, 1.01, 0.99, 6.49 ], "texture": "#2", "cullface": "west" },
				"south": { "uv": [ 15.01, 1.01, 15.49, 6.49 ], "texture": "#2", "cullface": "west" },
				"west": { "uv": [ 0.51, 1.01, 15.49, 6.49 ], "texture": "#2", "cullface": "west" }
			}
		},
		{
			"from": [ -0.5, 15, 1.5 ],
			"to": [ 0, 15.5, 15 ],
			"faces": {
				"up": { "uv": [ 14.99, 0.51, 1.51, 0.99 ], "texture": "#2", "cullface": "west", "rotation": 270 },
				"north": { "uv": [ 1.51, 0.51, 1.99, 0.99 ], "texture": "#2", "cullface": "west" },
				"south": { "uv": [ 14.51, 0.51, 14.99, 0.99 ], "texture": "#2", "cullface": "west" },
				"west": { "uv": [ 1.51, 0.51, 14.99, 0.99 ], "texture": "#2", "cullface": "west" }
			}
		},
		{
			"from": [ -0.5, 10.5, 15.5 ],
			"to": [ 0, 14.5, 16 ],
			"faces": {
				"down": { "uv": [ 15.51, 5.01, 15.99, 5.49 ], "texture": "#2", "cullface": "west", "rotation": 90 },
				"up": { "uv": [ 15.51, 1.51, 15.99, 1.99 ], "texture": "#2", "cullface": "west", "rotation": 270 },
				"south": { "uv": [ 15.51, 1.51, 15.99, 5.49 ], "texture": "#2", "cullface": "west" },
				"west": { "uv": [ 15.51, 1.51, 15.99, 5.49 ], "texture": "#2", "cullface": "west" }
			}
		},
		{
			"from": [ -0.5, 9, 1 ],
			"to": [ 0, 9.5, 11 ],
			"faces": {
				"down": { "uv": [ 10.99, 6.51, 1.01, 6.99 ], "texture": "#2", "cullface": "west", "rotation": 90 },
				"north": { "uv": [ 1.01, 6.51, 1.49, 6.99 ], "texture": "#2", "cullface": "west" },
				"south": { "uv": [ 10.51, 6.51, 10.99, 6.99 ], "texture": "#2", "cullface": "west" },
				"west": { "uv": [ 1.01, 6.51, 10.99, 6.99 ], "texture": "#2", "cullface": "west" }
			}
		},
		{
			"from": [ -0.5, 7.5, 5 ],
			"to": [ 0, 8, 15 ],
			"faces": {
				"up": { "uv": [ 5.01, 8.01, 14.99, 8.49 ], "texture": "#2", "cullface": "west", "rotation": 270 },
				"north": { "uv": [ 5.01, 8.01, 5.49, 8.49 ], "texture": "#2", "cullface": "west" },
				"south": { "uv": [ 14.51, 8.01, 14.99, 8.49 ], "texture": "#2", "cullface": "west" },
				"west": { "uv": [ 5.01, 8.01, 14.99, 8.49 ], "texture": "#2", "cullface": "west" }
			}
		},
		{
			"from": [ -0.5, 1, 1 ],
			"to": [ 0, 1.5, 15.5 ],
			"faces": {
				"down": { "uv": [ 0.51, 14.51, 14.99, 14.99 ], "texture": "#2", "cullface": "west", "rotation": 90 },
				"north": { "uv": [ 0.51, 14.51, 0.99, 14.99 ], "texture": "#2", "cullface": "west" },
				"south": { "uv": [ 14.51, 14.51, 14.99, 14.99 ], "texture": "#2", "cullface": "west" },
				"west": { "uv": [ 0.51, 14.51, 14.99, 14.99 ], "texture": "#2", "cullface": "west" }
			}
		},
		{
			"from": [ -0.5, 1.5, 0.5 ],
			"to": [ 0, 6.5, 1.5 ],
			"faces": {
				"down": { "uv": [ 0.51, 14.01, 1.49, 14.49 ], "texture": "#2", "cullface": "west", "rotation": 90 },
				"up": { "uv": [ 1.49, 9.51, 0.51, 9.99 ], "texture": "#2", "cullface": "west", "rotation": 270 },
				"north": { "uv": [ 0.51, 9.51, 0.99, 14.49 ], "texture": "#2", "cullface": "west" },
				"west": { "uv": [ 0.51, 9.51, 1.49, 14.49 ], "texture": "#2", "cullface": "west" }
			}
		},
		{
			"from": [ -0.5, 1.5, 1 ],
			"to": [ 0, 7.5, 16 ],
			"faces": {
				"down": { "uv": [ 15.99, 14.01, 1.01, 14.49 ], "texture": "#2", "cullface": "west", "rotation": 90 },
				"up": { "uv": [ 1.01, 8.51, 15.99, 8.99 ], "texture": "#2", "cullface": "west", "rotation": 270 },
				"north": { "uv": [ 1.01, 8.51, 1.49, 14.49 ], "texture": "#2", "cullface": "west" },
				"south": { "uv": [ 15.51, 8.51, 15.99, 14.49 ], "texture": "#2", "cullface": "west" },
				"west": { "uv": [ 1.01, 8.51, 15.99, 14.49 ], "texture": "#2", "cullface": "west" }
			}
		},
		{
			"from": [ 0.5, 9.5, -0.5 ],
			"to": [ 15.5, 15, 0 ],
			"faces": {
				"down": { "uv": [ 15.49, 6.01, 0.5100002, 6.49 ], "texture": "#2", "cullface": "north" },
				"up": { "uv": [ 15.49, 1.01, 0.5100002, 1.49 ], "texture": "#2", "cullface": "north" },
				"north": { "uv": [ 0.51, 1.01, 15.49, 6.49 ], "texture": "#2", "cullface": "north" },
				"west": { "uv": [ 15.01, 1.01, 15.49, 6.49 ], "texture": "#2", "cullface": "north" },
				"east": { "uv": [ 0.51, 1.01, 0.99, 6.49 ], "texture": "#2", "cullface": "north" }
			}
		},
		{
			"from": [ 1, 15, -0.5 ],
			"to": [ 14.5, 15.5, 0 ],
			"faces": {
				"up": { "uv": [ 14.99, 0.51, 1.51, 0.99 ], "texture": "#2", "cullface": "north" },
				"north": { "uv": [ 1.51, 0.51, 14.99, 0.99 ], "texture": "#2", "cullface": "north" },
				"west": { "uv": [ 14.51, 0.51, 14.99, 0.99 ], "texture": "#2", "cullface": "north" },
				"east": { "uv": [ 1.51, 0.51, 1.99, 0.99 ], "texture": "#2", "cullface": "north" }
			}
		},
		{
			"from": [ 0, 10.5, -0.5 ],
			"to": [ 0.5, 14.5, 0 ],
			"faces": {
				"down": { "uv": [ 15.51, 5.01, 15.99, 5.49 ], "texture": "#2", "cullface": "north" },
				"up": { "uv": [ 15.51, 1.51, 15.99, 1.99 ], "texture": "#2", "cullface": "north" },
				"north": { "uv": [ 15.51, 1.51, 15.99, 5.49 ], "texture": "#2", "cullface": "north" },
				"west": { "uv": [ 15.51, 1.51, 15.99, 5.49 ], "texture": "#2", "cullface": "north" }
			}
		},
		{
			"from": [ 5, 9, -0.5 ],
			"to": [ 15, 9.5, 0 ],
			"faces": {
				"down": { "uv": [ 10.99, 6.51, 1.01, 6.99 ], "texture": "#2", "cullface": "north" },
				"north": { "uv": [ 1.01, 6.51, 10.99, 6.99 ], "texture": "#2", "cullface": "north" },
				"west": { "uv": [ 10.51, 6.51, 10.99, 6.99 ], "texture": "#2", "cullface": "north" },
				"east": { "uv": [ 1.01, 6.51, 1.49, 6.99 ], "texture": "#2", "cullface": "north" }
			}
		},
		{
			"from": [ 1, 7.5, -0.5 ],
			"to": [ 11, 8, 0 ],
			"faces": {
				"up": { "uv": [ 5.01, 8.01, 14.99, 8.49 ], "texture": "#2", "cullface": "north" },
				"north": { "uv": [ 5.01, 8.01, 14.99, 8.49 ], "texture": "#2", "cullface": "north" },
				"west": { "uv": [ 14.51, 8.01, 14.99, 8.49 ], "texture": "#2", "cullface": "north" },
				"east": { "uv": [ 5.01, 8.01, 5.49, 8.49 ], "texture": "#2", "cullface": "north" }
			}
		},
		{
			"from": [ 0.5, 1, -0.5 ],
			"to": [ 15, 1.5, 0 ],
			"faces": {
				"down": { "uv": [ 0.51, 14.51, 14.99, 14.99 ], "texture": "#2", "cullface": "north" },
				"north": { "uv": [ 0.51, 14.51, 14.99, 14.99 ], "texture": "#2", "cullface": "north" },
				"west": { "uv": [ 14.51, 14.51, 14.99, 14.99 ], "texture": "#2", "cullface": "north" },
				"east": { "uv": [ 0.51, 14.51, 0.99, 14.99 ], "texture": "#2", "cullface": "north" }
			}
		},
		{
			"from": [ 14.5, 1.5, -0.5 ],
			"to": [ 15.5, 6.5, 0 ],
			"faces": {
				"down": { "uv": [ 0.51, 14.01, 1.49, 14.49 ], "texture": "#2", "cullface": "north" },
				"up": { "uv": [ 1.49, 9.51, 0.51, 9.99 ], "texture": "#2", "cullface": "north" },
				"north": { "uv": [ 0.51, 9.51, 1.49, 14.49 ], "texture": "#2", "cullface": "north" },
				"east": { "uv": [ 0.51, 9.51, 0.99, 14.49 ], "texture": "#2", "cullface": "north" }
			}
		},
		{
			"from": [ 0, 1.5, -0.5 ],
			"to": [ 15, 7.5, 0 ],
			"faces": {
				"down": { "uv": [ 15.99, 14.01, 1.01, 14.49 ], "texture": "#2", "cullface": "north" },
				"up": { "uv": [ 1.01, 8.51, 15.99, 8.99 ], "texture": "#2", "cullface": "north" },
				"north": { "uv": [ 1.01, 8.51, 15.99, 14.49 ], "texture": "#2", "cullface": "north" },
				"west": { "uv": [ 15.51, 8.51, 15.99, 14.49 ], "texture": "#2", "cullface": "north" },
				"east": { "uv": [ 1.01, 8.51, 1.49, 14.49 ], "texture": "#2", "cullface": "north" }
			}
		},
		{
			"from": [ 16, 1.5, 0 ],
			"to": [ 16.5, 7.5, 15 ],
			"faces": {
				"down": { "uv": [ 15.99, 14.01, 1.01, 14.49 ], "texture": "#2", "cullface": "east", "rotation": 270 },
				"up": { "uv": [ 1.01, 8.51, 15.99, 8.99 ], "texture": "#2", "cullface": "east", "rotation": 90 },
				"north": { "uv": [ 15.51, 8.51, 15.99, 14.49 ], "texture": "#2", "cullface": "east" },
				"south": { "uv": [ 1.01, 8.51, 1.49, 14.49 ], "texture": "#2", "cullface": "east" },
				"east": { "uv": [ 1.01, 8.51, 15.99, 14.49 ], "texture": "#2", "cullface": "east" }
			}
		},
		{
			"from": [ 16, 1.5, 14.5 ],
			"to": [ 16.5, 6.5, 15.5 ],
			"faces": {
				"down": { "uv": [ 0.51, 14.01, 1.49, 14.49 ], "texture": "#2", "cullface": "east", "rotation": 270 },
				"up": { "uv": [ 1.49, 9.51, 0.51, 9.99 ], "texture": "#2", "cullface": "east", "rotation": 90 },
				"south": { "uv": [ 0.51, 9.51, 0.99, 14.49 ], "texture": "#2", "cullface": "east" },
				"east": { "uv": [ 0.51, 9.51, 1.49, 14.49 ], "texture": "#2", "cullface": "east" }
			}
		},
		{
			"from": [ 16, 1, 0.5 ],
			"to": [ 16.5, 1.5, 15 ],
			"faces": {
				"down": { "uv": [ 0.51, 14.51, 14.99, 14.99 ], "texture": "#2", "cullface": "east", "rotation": 270 },
				"north": { "uv": [ 14.51, 14.51, 14.99, 14.99 ], "texture": "#2", "cullface": "east" },
				"south": { "uv": [ 0.51, 14.51, 0.99, 14.99 ], "texture": "#2", "cullface": "east" },
				"east": { "uv": [ 0.51, 14.51, 14.99, 14.99 ], "texture": "#2", "cullface": "east" }
			}
		},
		{
			"from": [ 16, 7.5, 1 ],
			"to": [ 16.5, 8, 11 ],
			"faces": {
				"up": { "uv": [ 5.01, 8.01, 14.99, 8.49 ], "texture": "#2", "cullface": "east", "rotation": 90 },
				"north": { "uv": [ 14.51, 8.01, 14.99, 8.49 ], "texture": "#2", "cullface": "east" },
				"south": { "uv": [ 5.01, 8.01, 5.49, 8.49 ], "texture": "#2", "cullface": "east" },
				"east": { "uv": [ 5.01, 8.01, 14.99, 8.49 ], "texture": "#2", "cullface": "east" }
			}
		},
		{
			"from": [ 16, 9, 5 ],
			"to": [ 16.5, 9.5, 15 ],
			"faces": {
				"down": { "uv": [ 10.99, 6.51, 1.01, 6.99 ], "texture": "#2", "cullface": "east", "rotation": 270 },
				"north": { "uv": [ 10.51, 6.51, 10.99, 6.99 ], "texture": "#2", "cullface": "east" },
				"south": { "uv": [ 1.01, 6.51, 1.49, 6.99 ], "texture": "#2", "cullface": "east" },
				"east": { "uv": [ 1.01, 6.51, 10.99, 6.99 ], "texture": "#2", "cullface": "east" }
			}
		},
		{
			"from": [ 16, 10.5, 0 ],
			"to": [ 16.5, 14.5, 0.5 ],
			"faces": {
				"down": { "uv": [ 15.51, 5.01, 15.99, 5.49 ], "texture": "#2", "cullface": "east", "rotation": 270 },
				"up": { "uv": [ 15.51, 1.51, 15.99, 1.99 ], "texture": "#2", "cullface": "east", "rotation": 90 },
				"north": { "uv": [ 15.51, 1.51, 15.99, 5.49 ], "texture": "#2", "cullface": "east" },
				"east": { "uv": [ 15.51, 1.51, 15.99, 5.49 ], "texture": "#2", "cullface": "east" }
			}
		},
		{
			"from": [ 16, 15, 1 ],
			"to": [ 16.5, 15.5, 14.5 ],
			"faces": {
				"up": { "uv": [ 14.99, 0.51, 1.51, 0.99 ], "texture": "#2", "cullface": "east", "rotation": 90 },
				"north": { "uv": [ 14.51, 0.51, 14.99, 0.99 ], "texture": "#2", "cullface": "east" },
				"south": { "uv": [ 1.51, 0.51, 1.99, 0.99 ], "texture": "#2", "cullface": "east" },
				"east": { "uv": [ 1.51, 0.51, 14.99, 0.99 ], "texture": "#2", "cullface": "east" }
			}
		},
		{
			"from": [ 16, 9.5, 0.5 ],
			"to": [ 16.5, 15, 15.5 ],
			"faces": {
				"down": { "uv": [ 15.49, 6.01, 0.5100002, 6.49 ], "texture": "#2", "cullface": "east", "rotation": 270 },
				"up": { "uv": [ 15.49, 1.01, 0.5100002, 1.49 ], "texture": "#2", "cullface": "east", "rotation": 90 },
				"north": { "uv": [ 15.01, 1.01, 15.49, 6.49 ], "texture": "#2", "cullface": "east" },
				"south": { "uv": [ 0.51, 1.01, 0.99, 6.49 ], "texture": "#2", "cullface": "east" },
				"east": { "uv": [ 0.51, 1.01, 15.49, 6.49 ], "texture": "#2", "cullface": "east" }
			}
		},
		{
			"from": [ 1, 1.5, 16 ],
			"to": [ 16, 7.5, 16.5 ],
			"faces": {
				"down": { "uv": [ 15.99, 14.01, 1.01, 14.49 ], "texture": "#2", "cullface": "south", "rotation": 180 },
				"up": { "uv": [ 1.01, 8.51, 15.99, 8.99 ], "texture": "#2", "cullface": "south", "rotation": 180 },
				"south": { "uv": [ 1.01, 8.51, 15.99, 14.49 ], "texture": "#2", "cullface": "south" },
				"west": { "uv": [ 1.01, 8.51, 1.49, 14.49 ], "texture": "#2", "cullface": "south" },
				"east": { "uv": [ 15.51, 8.51, 15.99, 14.49 ], "texture": "#2", "cullface": "south" }
			}
		},
		{
			"from": [ 0.5, 1.5, 16 ],
			"to": [ 1.5, 6.5, 16.5 ],
			"faces": {
				"down": { "uv": [ 0.51, 14.01, 1.49, 14.49 ], "texture": "#2", "cullface": "south", "rotation": 180 },
				"up": { "uv": [ 1.49, 9.51, 0.51, 9.99 ], "texture": "#2", "cullface": "south", "rotation": 180 },
				"south": { "uv": [ 0.51, 9.51, 1.49, 14.49 ], "texture": "#2", "cullface": "south" },
				"west": { "uv": [ 0.51, 9.51, 0.99, 14.49 ], "texture": "#2", "cullface": "south" }
			}
		},
		{
			"from": [ 1, 1, 16 ],
			"to": [ 15.5, 1.5, 16.5 ],
			"faces": {
				"down": { "uv": [ 0.51, 14.51, 14.99, 14.99 ], "texture": "#2", "cullface": "south", "rotation": 180 },
				"south": { "uv": [ 0.51, 14.51, 14.99, 14.99 ], "texture": "#2", "cullface": "south" },
				"west": { "uv": [ 0.51, 14.51, 0.99, 14.99 ], "texture": "#2", "cullface": "south" },
				"east": { "uv": [ 14.51, 14.51, 14.99, 14.99 ], "texture": "#2", "cullface": "south" }
			}
		},
		{
			"from": [ 5, 7.5, 16 ],
			"to": [ 15, 8, 16.5 ],
			"faces": {
				"up": { "uv": [ 5.01, 8.01, 14.99, 8.49 ], "texture": "#2", "cullface": "south", "rotation": 180 },
				"south": { "uv": [ 5.01, 8.01, 14.99, 8.49 ], "texture": "#2", "cullface": "south" },
				"west": { "uv": [ 5.01, 8.01, 5.49, 8.49 ], "texture": "#2", "cullface": "south" },
				"east": { "uv": [ 14.51, 8.01, 14.99, 8.49 ], "texture": "#2", "cullface": "south" }
			}
		},
		{
			"from": [ 1, 9, 16 ],
			"to": [ 11, 9.5, 16.5 ],
			"faces": {
				"down": { "uv": [ 10.99, 6.51, 1.01, 6.99 ], "texture": "#2", "cullface": "south", "rotation": 180 },
				"south": { "uv": [ 1.01, 6.51, 10.99, 6.99 ], "texture": "#2", "cullface": "south" },
				"west": { "uv": [ 1.01, 6.51, 1.49, 6.99 ], "texture": "#2", "cullface": "south" },
				"east": { "uv": [ 10.51, 6.51, 10.99, 6.99 ], "texture": "#2", "cullface": "south" }
			}
		},
		{
			"from": [ 15.5, 10.5, 16 ],
			"to": [ 16, 14.5, 16.5 ],
			"faces": {
				"down": { "uv": [ 15.51, 5.01, 15.99, 5.49 ], "texture": "#2", "cullface": "south", "rotation": 180 },
				"up": { "uv": [ 15.51, 1.51, 15.99, 1.99 ], "texture": "#2", "cullface": "south", "rotation": 180 },
				"south": { "uv": [ 15.51, 1.51, 15.99, 5.49 ], "texture": "#2", "cullface": "south" },
				"east": { "uv": [ 15.51, 1.51, 15.99, 5.49 ], "texture": "#2", "cullface": "south" }
			}
		},
		{
			"from": [ 1.5, 15, 16 ],
			"to": [ 15, 15.5, 16.5 ],
			"faces": {
				"up": { "uv": [ 14.99, 0.51, 1.51, 0.99 ], "texture": "#2", "cullface": "south", "rotation": 180 },
				"south": { "uv": [ 1.51, 0.51, 14.99, 0.99 ], "texture": "#2", "cullface": "south" },
				"west": { "uv": [ 1.51, 0.51, 1.99, 0.99 ], "texture": "#2", "cullface": "south" },
				"east": { "uv": [ 14.51, 0.51, 14.99, 0.99 ], "texture": "#2", "cullface": "south" }
			}
		},
		{
			"from": [ 0.5, 9.5, 16 ],
			"to": [ 15.5, 15, 16.5 ],
			"faces": {
				"down": { "uv": [ 15.49, 6.01, 0.5100002, 6.49 ], "texture": "#2", "cullface": "south", "rotation": 180 },
				"up": { "uv": [ 15.49, 1.01, 0.5100002, 1.49 ], "texture": "#2", "cullface": "south", "rotation": 180 },
				"south": { "uv": [ 0.51, 1.01, 15.49, 6.49 ], "texture": "#2", "cullface": "south" },
				"west": { "uv": [ 0.51, 1.01, 0.99, 6.49 ], "texture": "#2", "cullface": "south" },
				"east": { "uv": [ 15.01, 1.01, 15.49, 6.49 ], "texture": "#2", "cullface": "south" }
			}
		}
	]
}