{
    "__comment": "Created by Filal",
    "textures": {
        "particle": "block/flower_pot",
        "1": "block/flower_pot",
        "2": "block/dirt"
    },
    "elements": [
        {
            "from": [ 5.5, 0, 5.5 ], 
            "to": [ 10, 5, 6 ], 
            "faces": {
                "north": { "texture": "#1", "uv": [ 6, 11, 10.5, 16 ] },
                "south": { "texture": "#1", "uv": [ 5.5, 11, 10, 16 ] },
                "west": { "texture": "#1", "uv": [ 5.5, 11, 6, 16 ] },
                "down": { "texture": "#1", "uv": [ 5.5, 10, 10, 10.5 ] }
            }
        },
        {
            "from": [ 6, 0, 10 ], 
            "to": [ 10.5, 5, 10.5 ], 
            "faces": {
                "north": { "texture": "#1", "uv": [ 5.5, 11, 10, 16 ] },
                "east": { "texture": "#1", "uv": [ 5.5, 11, 6, 16 ] },
                "south": { "texture": "#1", "uv": [ 6, 11, 10.5, 16 ] },
                "down": { "texture": "#1", "uv": [ 5.5, 5.5, 10, 6 ] }
            }
        },
        {
            "from": [ 5.5, 0, 6 ], 
            "to": [ 6, 5, 10.5 ], 
            "faces": {
                "east": { "texture": "#1", "uv": [ 5.5, 11, 10, 16 ] },
                "south": { "texture": "#1", "uv": [ 5.5, 11, 6, 16 ] },
                "west": { "texture": "#1", "uv": [ 6, 11, 10.5, 16 ] },
                "down": { "texture": "#1", "uv": [ 5.5, 5.5, 6, 10 ] }
            }
        },
        {
            "from": [ 10, 0, 5.5 ], 
            "to": [ 10.5, 5, 10 ], 
            "faces": {
                "north": { "texture": "#1", "uv": [ 5.5, 11, 6, 16 ] },
                "east": { "texture": "#1", "uv": [ 6, 11, 10.5, 16 ] },
                "west": { "texture": "#1", "uv": [ 5.5, 11, 10, 16 ] },
                "down": { "texture": "#1", "uv": [ 10, 6, 10.5, 10.5 ] }
            }
        },
        {
            "from": [ 6, 0, 6 ], 
            "to": [ 10, 4.5, 10 ], 
            "faces": {
                "up": { "texture": "#2", "uv": [ 6, 10, 10, 14 ] },
                "down": { "texture": "#1", "uv": [ 6, 6, 10, 10 ] }
            }
        },
        {
            "from": [ 5, 5, 5 ], 
            "to": [ 10, 6, 6 ], 
            "faces": {
                "north": { "texture": "#1", "uv": [ 6, 10, 11, 11 ] },
                "south": { "texture": "#1", "uv": [ 5, 10, 10, 11 ] },
                "west": { "texture": "#1", "uv": [ 10, 10, 11, 11 ], "rotation": 90 },
                "up": { "texture": "#1", "uv": [ 5, 5, 10, 6 ] },
                "down": { "texture": "#1", "uv": [ 5, 10, 10, 11 ] }
            }
        },
        {
            "from": [ 6, 5, 10 ], 
            "to": [ 11, 6, 11 ], 
            "faces": {
                "north": { "texture": "#1", "uv": [ 5, 5, 10, 6 ] },
                "east": { "texture": "#1", "uv": [ 5, 5, 6, 6 ], "rotation": 270 },
                "south": { "texture": "#1", "uv": [ 6, 5, 11, 6 ] },
                "up": { "texture": "#1", "uv": [ 6, 10, 11, 11 ] },
                "down": { "texture": "#1", "uv": [ 6, 5, 11, 6 ] }
            }
        },
        {
            "from": [ 10, 5, 5 ], 
            "to": [ 11, 6, 10 ], 
            "faces": {
                "north": { "texture": "#1", "uv": [ 5, 10, 6, 11 ] },
                "east": { "texture": "#1", "uv": [ 5, 6, 6, 11 ], "rotation": 270 },
                "west": { "texture": "#1", "uv": [ 5, 6, 6, 11 ], "rotation": 90 },
                "up": { "texture": "#1", "uv": [ 10, 5, 11, 10 ] },
                "down": { "texture": "#1", "uv": [ 10, 6, 11, 11 ] }
            }
        },
        {
            "from": [ 5, 5, 6 ], 
            "to": [ 6, 6, 11 ], 
            "faces": {
                "east": { "texture": "#1", "uv": [ 5, 5, 10, 6 ] },
                "south": { "texture": "#1", "uv": [ 5, 5, 6, 6 ] },
                "west": { "texture": "#1", "uv": [ 5, 6, 6, 11 ], "rotation": 90 },
                "up": { "texture": "#1", "uv": [ 5, 6, 6, 11 ] },
                "down": { "texture": "#1", "uv": [ 5, 5, 6, 10 ] }
            }
        }
    ],
"display": {
    "thirdperson_righthand": {
        "rotation": [ 0, -90, -50 ],
        "translation": [ 0, 4.5, 6 ],
        "scale": [ 0.85, 0.85, 0.85 ]
    },
    "thirdperson_lefthand": {
        "rotation": [ 0, -90, -50 ],
        "translation": [ 0, 4.5, 6 ],
        "scale": [ 0.85, 0.85, 0.85 ]
    },
    "head": {
        "rotation": [ -180, 0, 0 ],
        "translation": [ 0, 4.3, 0 ],
        "scale": [ 1, 1, 1 ]
    },
    "ground": {
        "rotation": [ 0, 0, 0 ],
        "translation": [ 0, 0, 0 ],
        "scale": [ 0.85, 0.85, 0.85 ]
    },
    "fixed": {
        "rotation": [ 0, 0, 0 ],
        "translation": [ 0, 0, 0 ],
        "scale": [ 1, 1, 1 ]
    },
    "firstperson_righthand": {
        "rotation": [ 0, 0, 0 ],
        "translation": [ -2, 3, 2 ],
        "scale": [ 0.8, 0.8, 0.8 ]
    },
    "firstperson_lefthand": {
        "rotation": [ 0, 0, 0 ],
        "translation": [ -2, 3, 2 ],
        "scale": [ 0.8, 0.8, 0.8 ]
    },
    "gui": {
        "rotation": [ 30, 225, 0 ],
        "translation": [ 0, 0, 0 ],
        "scale": [ 0.8, 0.8, 0.8 ]
    }
}
}