{
	"__comment": "Created by Filal",
	"textures": {
		"particle": "block/furnace_front",
		"0": "block/furnace_bottom",
		"1": "block/furnace_front",
		"2": "block/furnace_side",
		"3": "block/furnace_top",
		"4": "block/coal_block",
		"5": "block/iron_bars"
	},
	"elements": [ 	 
		{
			"from": [ 0, 0, 0 ],
			"to": [ 16, 2, 16 ],
			"faces": {
				"down": { "uv": [ 0.01, 0.01, 15.99, 15.99 ], "texture": "#0", "cullface": "down" },
				"up": { "uv": [ 0.01, 0.01, 15.99, 15.99 ], "texture": "#4", "cullface": "north" },
				"north": { "uv": [ 0.01, 14.01, 15.99, 15.99 ], "texture": "#1", "cullface": "north" },
				"south": { "uv": [ 0.01, 14.01, 15.99, 15.99 ], "texture": "#2", "cullface": "south" },
				"west": { "uv": [ 0.01, 14.01, 15.99, 15.99 ], "texture": "#2", "cullface": "west" },
				"east": { "uv": [ 0.01, 14.01, 15.99, 15.99 ], "texture": "#2", "cullface": "east" }
			}
		},
		{
			"from": [ 2.5, 2, 14 ],
			"to": [ 16, 12, 15.5 ],
			"faces": {
				"north": { "uv": [ 0.01, 4.01, 13.49, 13.99 ], "texture": "#2" },
				"south": { "uv": [ 2.51, 4.01, 15.99, 13.99 ], "texture": "#2", "cullface": "south" },
				"east": { "uv": [ 0.51, 4.01, 1.99, 13.99 ], "texture": "#2", "cullface": "east" }
			}
		},
		{
			"from": [ 0.5, 2, 2 ],
			"to": [ 2.5, 12, 16 ],
			"faces": {
				"south": { "uv": [ 14.01, 4.01, 15.99, 13.99 ], "texture": "#2", "cullface": "south" },
				"west": { "uv": [ 2.01, 4.01, 15.99, 13.99 ], "texture": "#2", "cullface": "west" },
				"east": { "uv": [ 2.01, 4.01, 15.99, 13.99 ], "texture": "#2" }
			}
		},
		{
			"from": [ 13.5, 2, 0 ],
			"to": [ 15.5, 12, 14 ],
			"faces": {
				"north": { "uv": [ 0.51, 4.01, 2.49, 13.99 ], "texture": "#1", "cullface": "north" },
				"west": { "uv": [ 0.01, 4.01, 13.99, 13.99 ], "texture": "#2", "cullface": "north" },
				"east": { "uv": [ 2.01, 4.01, 15.99, 13.99 ], "texture": "#2", "cullface": "east" }
			}
		},
		{
			"from": [ 0, 12, 0 ],
			"to": [ 16, 16, 16 ],
			"faces": {
				"down": { "uv": [ 2.51, 2.01, 13.49, 13.99 ], "texture": "#0", "cullface": "north" },
				"up": { "uv": [ 15.99, 15.99, 0.01000023, 0.01000023 ], "texture": "#3", "cullface": "up", "rotation": 90 },
				"north": { "uv": [ 0.01, 0.01, 15.99, 3.99 ], "texture": "#1", "cullface": "north" },
				"south": { "uv": [ 0.01, 0.01, 15.99, 3.99 ], "texture": "#2", "cullface": "south" },
				"west": { "uv": [ 0.01, 0.01, 15.99, 3.99 ], "texture": "#2", "cullface": "west" },
				"east": { "uv": [ 0.01, 0.01, 15.99, 3.99 ], "texture": "#2", "cullface": "east" }
			}
		},
		{
			"from": [ 0, 2, 0 ],
			"to": [ 13.5, 5.5, 2 ],
			"faces": {
				"up": { "uv": [ 15.99, 13.99, 14.01, 0.01000023 ], "texture": "#3", "cullface": "north", "rotation": 90 },
				"north": { "uv": [ 2.51, 10.51, 15.99, 13.99 ], "texture": "#1", "cullface": "north" },
				"west": { "uv": [ 0.01, 10.51, 1.99, 13.99 ], "texture": "#2", "cullface": "west" }
			}
		},
		{
			"from": [ 0, 5.5, 0 ],
			"to": [ 2.5, 12, 2 ],
			"faces": {
				"north": { "uv": [ 13.51, 4.01, 15.99, 10.49 ], "texture": "#1", "cullface": "north" },
				"south": { "uv": [ 13.51, 7.51, 15.99, 13.99 ], "texture": "#2" },
				"west": { "uv": [ 0.01, 4.01, 1.99, 10.49 ], "texture": "#2", "cullface": "west" },
				"east": { "uv": [ 15.99, 7.51, 14.01, 13.99 ], "texture": "#2", "cullface": "north" }
			}
		},
		{
			"from": [ 2.5, 11, 0 ],
			"to": [ 13.5, 12, 2 ],
			"faces": {
				"down": { "uv": [ 2.51, 14.01, 13.49, 15.99 ], "texture": "#3", "cullface": "north" },
				"north": { "uv": [ 2.51, 4.01, 13.49, 4.99 ], "texture": "#1", "cullface": "north" }
			}
		},
		{
			"from": [ 2.5, 9, 0 ],
			"to": [ 3, 11, 2 ],
			"faces": {
				"down": { "uv": [ 5.51, 14.01, 5.99, 15.99 ], "texture": "#3", "cullface": "north" },
				"north": { "uv": [ 13.01, 5.01, 13.49, 6.99 ], "texture": "#1", "cullface": "north" },
				"east": { "uv": [ 14.01, 5.01, 15.99, 6.99 ], "texture": "#3", "cullface": "north" }
			}
		},
		{
			"from": [ 13, 9, 0 ],
			"to": [ 13.5, 11, 2 ],
			"faces": {
				"down": { "uv": [ 14.01, 10.01, 14.49, 11.99 ], "texture": "#3", "cullface": "north" },
				"north": { "uv": [ 2.51, 5.01, 2.99, 6.99 ], "texture": "#1", "cullface": "north" },
				"west": { "uv": [ 0.01, 8.01, 1.99, 9.99 ], "texture": "#3", "cullface": "north" }
			}
		},
		{
			"from": [ 12.5, 9.5, 0 ],
			"to": [ 13, 11, 2 ],
			"faces": {
				"down": { "uv": [ 14.51, 5.01, 14.99, 6.99 ], "texture": "#3", "cullface": "north" },
				"north": { "uv": [ 3.01, 5.01, 3.49, 6.49 ], "texture": "#1", "cullface": "north" },
				"west": { "uv": [ 10.01, 14.51, 11.99, 15.99 ], "texture": "#3", "cullface": "north" }
			}
		},
		{
			"from": [ 12, 10, 0 ],
			"to": [ 12.5, 11, 2 ],
			"faces": {
				"down": { "uv": [ 15.01, 6.51, 15.49, 8.49 ], "texture": "#3", "cullface": "north" },
				"north": { "uv": [ 3.51, 5.01, 3.99, 5.99 ], "texture": "#1", "cullface": "north" },
				"west": { "uv": [ 5.01, 14.01, 6.99, 14.99 ], "texture": "#3", "cullface": "north" }
			}
		},
		{
			"from": [ 11.5, 10.5, 0 ],
			"to": [ 12, 11, 2 ],
			"faces": {
				"down": { "uv": [ 0.51, 9.01, 0.99, 10.99 ], "texture": "#3", "cullface": "north" },
				"north": { "uv": [ 4.01, 5.01, 4.49, 5.49 ], "texture": "#1", "cullface": "north" },
				"west": { "uv": [ 9.51, 14.51, 11.49, 14.99 ], "texture": "#3", "cullface": "north" }
			}
		},
		{
			"from": [ 3, 9.5, 0 ],
			"to": [ 3.5, 11, 2 ],
			"faces": {
				"down": { "uv": [ 5.01, 0.01, 5.49, 1.99 ], "texture": "#3", "cullface": "north" },
				"north": { "uv": [ 12.51, 5.01, 12.99, 6.49 ], "texture": "#1", "cullface": "north" },
				"east": { "uv": [ 14.01, 7.01, 15.99, 8.49 ], "texture": "#3", "cullface": "north" }
			}
		},
		{
			"from": [ 3.5, 10, 0 ],
			"to": [ 4, 11, 2 ],
			"faces": {
				"down": { "uv": [ 0.01, 4.51, 0.49, 6.49 ], "texture": "#3", "cullface": "north" },
				"north": { "uv": [ 12.01, 5.01, 12.49, 5.99 ], "texture": "#1", "cullface": "north" },
				"east": { "uv": [ 14.01, 2.51, 15.99, 3.49 ], "texture": "#3", "cullface": "north" }
			}
		},
		{
			"from": [ 4, 10.5, 0 ],
			"to": [ 4.5, 11, 2 ],
			"faces": {
				"down": { "uv": [ 1.01, 9.51, 1.49, 11.49 ], "texture": "#3", "cullface": "north" },
				"north": { "uv": [ 11.51, 5.01, 11.99, 5.49 ], "texture": "#1", "cullface": "north" },
				"east": { "uv": [ 10.01, 14.51, 11.99, 14.99 ], "texture": "#3", "cullface": "north" }
			}
		},
		{
			"from": [ 2.5, 2, 2.5 ],
			"to": [ 5.5, 3, 4 ],
			"faces": {
				"up": { "uv": [ 2.51, 2.51, 5.49, 3.99 ], "texture": "#4" },
				"east": { "uv": [ 12.01, 13.01, 13.49, 13.99 ], "texture": "#4" }
			}
		},
		{
			"from": [ 2.5, 4, 3.5 ],
			"to": [ 13.5, 5, 4.5 ],
			"faces": {
				"up": { "uv": [ 8.49, 1.01, 7.51, 11.99 ], "texture": "#5", "cullface": "north", "rotation": 90 },
				"north": { "uv": [ 8.01, 3.01, 8.99, 13.99 ], "texture": "#5", "cullface": "north", "rotation": 90 }
			}
		},
		{
			"from": [ 2.5, 4, 5.5 ],
			"to": [ 13.5, 5, 6.5 ],
			"faces": {
				"up": { "uv": [ 8.49, 4.01, 7.51, 14.99 ], "texture": "#5", "cullface": "north", "rotation": 90 },
				"north": { "uv": [ 8.01, 1.01, 8.99, 11.99 ], "texture": "#5", "cullface": "north", "rotation": 90 }
			}
		},
		{
			"from": [ 2.5, 4, 7.5 ],
			"to": [ 13.5, 5, 8.5 ],
			"faces": {
				"up": { "uv": [ 8.49, 1.01, 7.51, 11.99 ], "texture": "#5", "cullface": "north", "rotation": 90 },
				"north": { "uv": [ 8.01, 3.01, 8.99, 13.99 ], "texture": "#5", "cullface": "north", "rotation": 90 }
			}
		},
		{
			"from": [ 2.5, 4, 9.5 ],
			"to": [ 13.5, 5, 10.5 ],
			"faces": {
				"up": { "uv": [ 8.49, 11.99, 7.51, 1.01 ], "texture": "#5", "cullface": "north", "rotation": 90 },
				"north": { "uv": [ 8.01, 13.99, 8.99, 3.01 ], "texture": "#5", "cullface": "north", "rotation": 90 }
			}
		},
		{
			"from": [ 2.5, 4, 11.5 ],
			"to": [ 13.5, 5, 12.5 ],
			"faces": {
				"up": { "uv": [ 8.49, 15.49, 7.51, 4.51 ], "texture": "#5", "cullface": "north", "rotation": 90 },
				"north": { "uv": [ 8.01, 10.99, 8.99, 0.01000023 ], "texture": "#5", "cullface": "north", "rotation": 90 }
			}
		},
		{
			"from": [ 4, 5.5, 0.5 ],
			"to": [ 5, 11, 1.5 ],
			"faces": {
				"north": { "uv": [ 11.51, 5.01, 12.49, 10.49 ], "texture": "#5", "cullface": "north" },
				"west": { "uv": [ 12.49, 3.01, 11.51, 8.49 ], "texture": "#5", "cullface": "north" },
				"east": { "uv": [ 12.01, 8.51, 12.99, 13.99 ], "texture": "#5", "cullface": "north" }
			}
		},
		{
			"from": [ 6.5, 5.5, 0.5 ],
			"to": [ 7.5, 11, 1.5 ],
			"faces": {
				"north": { "uv": [ 7.51, 1.01, 8.49, 6.49 ], "texture": "#5", "cullface": "north" },
				"west": { "uv": [ 8.49, 9.51, 7.51, 14.99 ], "texture": "#5", "cullface": "north" },
				"east": { "uv": [ 8.01, 0.01, 8.99, 5.49 ], "texture": "#5", "cullface": "north" }
			}
		},
		{
			"from": [ 9, 5.5, 0.5 ],
			"to": [ 10, 11, 1.5 ],
			"faces": {
				"north": { "uv": [ 3.51, 4.51, 4.49, 9.99 ], "texture": "#5", "cullface": "north" },
				"west": { "uv": [ 4.01, 2.51, 4.99, 7.99 ], "texture": "#5", "cullface": "north" },
				"east": { "uv": [ 8.01, 8.51, 8.99, 13.99 ], "texture": "#5", "cullface": "north" }
			}
		},
		{
			"from": [ 11, 5.5, 0.5 ],
			"to": [ 12, 11, 1.5 ],
			"faces": {
				"north": { "uv": [ 11.51, 3.51, 12.49, 8.99 ], "texture": "#5", "cullface": "north" },
				"west": { "uv": [ 4.01, 7.51, 4.99, 12.99 ], "texture": "#5", "cullface": "north" },
				"east": { "uv": [ 8.01, 1.51, 8.99, 6.99 ], "texture": "#5", "cullface": "north" }
			}
		},
		{
			"from": [ 2.5, 16, 2.5 ],
			"to": [ 8, 16.5, 7.5 ],
			"faces": {
				"up": { "uv": [ 8.51, 2.51, 13.49, 7.99 ], "texture": "#3", "cullface": "up", "rotation": 270 },
				"north": { "uv": [ 13.01, 2.51, 13.49, 7.99 ], "texture": "#3", "cullface": "up", "rotation": 90 },
				"south": { "uv": [ 8.51, 2.51, 8.99, 7.99 ], "texture": "#3", "cullface": "up", "rotation": 270 },
				"west": { "uv": [ 13.49, 2.51, 8.51, 2.99 ], "texture": "#3", "cullface": "up" },
				"east": { "uv": [ 8.51, 7.51, 13.49, 7.99 ], "texture": "#3", "cullface": "up" }
			}
		},
		{
			"from": [ 8.5, 16, 2.5 ],
			"to": [ 13.5, 16.5, 8 ],
			"faces": {
				"up": { "uv": [ 8.01, 8.51, 13.49, 13.49 ], "texture": "#3", "cullface": "up", "rotation": 270 },
				"north": { "uv": [ 13.01, 8.51, 13.49, 13.49 ], "texture": "#3", "cullface": "up", "rotation": 90 },
				"south": { "uv": [ 8.49, 8.51, 8.01, 12.99 ], "texture": "#3", "cullface": "up", "rotation": 270 },
				"west": { "uv": [ 8.01, 8.51, 13.49, 8.99 ], "texture": "#3", "cullface": "up", "rotation": 90 },
				"east": { "uv": [ 8.01, 13.01, 13.49, 13.49 ], "texture": "#3", "cullface": "up" }
			}
		},
		{
			"from": [ 2.5, 16, 8 ],
			"to": [ 8, 16.5, 13.5 ],
			"faces": {
				"up": { "uv": [ 2.51, 2.51, 7.99, 7.99 ], "texture": "#3", "cullface": "up", "rotation": 270 },
				"north": { "uv": [ 7.51, 2.51, 7.99, 7.99 ], "texture": "#3", "cullface": "up", "rotation": 90 },
				"south": { "uv": [ 2.51, 2.51, 2.99, 7.99 ], "texture": "#3", "cullface": "up", "rotation": 270 },
				"west": { "uv": [ 7.99, 2.51, 2.51, 2.99 ], "texture": "#3", "cullface": "up" },
				"east": { "uv": [ 2.51, 7.51, 7.99, 7.99 ], "texture": "#3", "cullface": "up" }
			}
		},
		{
			"from": [ 8.5, 16, 8.5 ],
			"to": [ 13.5, 16.5, 13.5 ],
			"faces": {
				"up": { "uv": [ 2.51, 8.51, 7.49, 13.49 ], "texture": "#3", "cullface": "up", "rotation": 270 },
				"north": { "uv": [ 7.01, 8.51, 7.49, 13.49 ], "texture": "#3", "cullface": "up", "rotation": 90 },
				"south": { "uv": [ 2.51, 8.51, 2.99, 13.49 ], "texture": "#3", "cullface": "up", "rotation": 270 },
				"west": { "uv": [ 7.49, 8.51, 2.51, 8.99 ], "texture": "#3", "cullface": "up" },
				"east": { "uv": [ 2.51, 13.01, 7.49, 13.49 ], "texture": "#3", "cullface": "up" }
			}
		},
		{
			"from": [ 0, 2, 14 ],
			"to": [ 0.5, 12, 16 ],
			"faces": {
				"north": { "uv": [ 14.01, 4.01, 14.49, 13.99 ], "texture": "#2", "cullface": "west" },
				"south": { "uv": [ 15.51, 4.01, 15.99, 13.99 ], "texture": "#2", "cullface": "south" },
				"west": { "uv": [ 14.01, 4.01, 15.99, 13.99 ], "texture": "#2", "cullface": "west" }
			}
		},
		{
			"from": [ 13.9999, 2, 15.5001 ],
			"to": [ 15.9999, 12, 16.0001 ],
			"faces": {
				"south": { "uv": [ 14.01, 4.01, 15.99, 13.99 ], "texture": "#2", "cullface": "south" },
				"west": { "uv": [ 14.01, 4.01, 14.49, 13.99 ], "texture": "#2", "cullface": "south" },
				"east": { "uv": [ 15.51, 4.01, 15.99, 13.99 ], "texture": "#2", "cullface": "east" }
			}
		},
		{
			"from": [ 15.5002, 2, 0.0001 ],
			"to": [ 16.0002, 12, 2.0001 ],
			"faces": {
				"north": { "uv": [ 15.51, 4.01, 15.99, 13.99 ], "texture": "#2", "cullface": "north" },
				"south": { "uv": [ 14.01, 4.01, 14.49, 13.99 ], "texture": "#2", "cullface": "east" },
				"east": { "uv": [ 14.01, 4.01, 15.99, 13.99 ], "texture": "#2", "cullface": "east" }
			}
		},
		{
			"from": [ 0, 2, 2 ],
			"to": [ 0.5, 5.5, 14 ],
			"faces": {
				"up": { "uv": [ 2.01, 10.51, 13.99, 10.99 ], "texture": "#2", "cullface": "west", "rotation": 90 },
				"west": { "uv": [ 2.01, 10.51, 13.99, 13.99 ], "texture": "#2", "cullface": "west" }
			}
		},
		{
			"from": [ 2.4998, 2, 15.4999 ],
			"to": [ 13.9998, 5.5, 15.9999 ],
			"faces": {
				"up": { "uv": [ 2.51, 10.51, 13.99, 10.99 ], "texture": "#2", "cullface": "south" },
				"south": { "uv": [ 2.51, 10.51, 13.99, 13.99 ], "texture": "#2", "cullface": "south" }
			}
		},
		{
			"from": [ 15.4999, 2, 1.9133 ],
			"to": [ 15.9999, 5.5, 13.9133 ],
			"faces": {
				"up": { "uv": [ 2.01, 10.51, 13.99, 10.99 ], "texture": "#2", "cullface": "east", "rotation": 270 },
				"east": { "uv": [ 2.01, 10.51, 13.99, 13.99 ], "texture": "#2", "cullface": "east" }
			}
		}
	],
	"display": {
		"thirdperson_righthand": {
			"rotation":  [ 75, 45, 0 ],
			"translation":  [ 0, 2.5, 0 ],
			"scale":  [ 0.375, 0.375, 0.375 ]
		},
		"thirdperson_lefthand": {
			"rotation":  [ 75, 45, 0 ],
			"translation":  [ 0, 2.5, 0 ],
			"scale":  [ 0.375, 0.375, 0.375 ]
		},
		"firstperson_righthand": {
			"rotation":  [ 0, 45, 0 ],
			"scale":  [ 0.4, 0.4, 0.4 ]
		},
		"firstperson_lefthand": {
			"rotation":  [ 0, 45, 0 ],
			"scale":  [ 0.4, 0.4, 0.4 ]
		},
		"gui": {
			"rotation":  [ 30, 225, 0 ],
			"scale":  [ 0.625, 0.625, 0.625 ]
		},
		"ground": {
			"translation":  [ 0, 3, 0 ],
			"scale":  [ 0.25, 0.25, 0.25 ]
		},
		"fixed": {
			"scale":  [ 0.5, 0.5, 0.5 ]
		}
	}
}