{
	"__comment": "Created by Filal",
	"textures": {
		"0": "block/iron_door_top",
		"particle": "block/iron_door_top",
		"1": "block/iron_door_edge"
	},
	"elements": [ 	 
		{
			"from": [ 9, 1, 0.5 ],
			"to": [ 10, 13.5, 2.5 ],
			"faces": {
				"north": { "uv": [ 5.51, 2.01, 6.49, 14.49 ], "texture": "#0" },
				"south": { "uv": [ 9.01, 2.01, 9.99, 14.49 ], "texture": "#0" },
				"west": { "uv": [ 6.49, 2.01, 5.51, 14.49 ], "texture": "#0" },
				"east": { "uv": [ 6.01, 2.01, 6.99, 14.49 ], "texture": "#0" }
			}
		},
		{
			"from": [ 3.5, 1, 1 ],
			"to": [ 11, 1.5, 2 ],
			"faces": {
				"up": { "uv": [ 4.51, 8.51, 5.49, 15.99 ], "texture": "#1", "rotation": 270 },
				"north": { "uv": [ 13.51, 4.51, 13.99, 11.99 ], "texture": "#1", "rotation": 90 },
				"south": { "uv": [ 10.51, 5.51, 10.99, 12.99 ], "texture": "#1", "rotation": 270 }
			}
		},
		{
			"from": [ 3.5, 0, 0.5 ],
			"to": [ 11, 1, 2.5 ],
			"faces": {
				"up": { "uv": [ 13.51, 3.51, 15.49, 10.99 ], "texture": "#1", "rotation": 270 },
				"north": { "uv": [ 14.01, 4.01, 14.99, 11.49 ], "texture": "#1", "rotation": 90 },
				"south": { "uv": [ 13.51, 3.51, 14.49, 10.99 ], "texture": "#1", "rotation": 270 }
			}
		},
		{
			"from": [ 11.5, 0, 0 ],
			"to": [ 12, 1.5, 3 ],
			"faces": {
				"up": { "uv": [ 15.01, 13.51, 15.49, 13.99 ], "texture": "#0", "rotation": 270 },
				"north": { "uv": [ 11.51, 14.51, 11.99, 15.99 ], "texture": "#0" },
				"south": { "uv": [ 11.51, 14.51, 11.99, 15.99 ], "texture": "#0" },
				"west": { "uv": [ 15.01, 10.01, 15.49, 11.49 ], "texture": "#0", "rotation": 180 },
				"east": { "uv": [ 15.01, 12.51, 15.49, 13.99 ], "texture": "#0" }
			}
		},
		{
			"from": [ 14, 0, 0.5 ],
			"to": [ 15, 1, 2.5 ],
			"faces": {
				"north": { "uv": [ 14.99, 15.01, 14.01, 15.99 ], "texture": "#0" },
				"south": { "uv": [ 14.01, 15.01, 14.99, 15.99 ], "texture": "#0" },
				"west": { "uv": [ 0.51, 15.01, 2.49, 15.99 ], "texture": "#1", "rotation": 180 }
			}
		},
		{
			"from": [ 15.5, 0, 0.5 ],
			"to": [ 16, 1, 2.5 ],
			"faces": {
				"north": { "uv": [ 15.51, 15.01, 15.99, 15.99 ], "texture": "#0" },
				"south": { "uv": [ 15.51, 15.01, 15.99, 15.99 ], "texture": "#0" },
				"east": { "uv": [ 10.51, 15.01, 12.49, 15.99 ], "texture": "#1" }
			}
		},
		{
			"from": [ 15, 2, 0 ],
			"to": [ 15.5, 2.5, 3 ],
			"faces": {
				"down": { "uv": [ 15.01, 13.01, 15.49, 13.49 ], "texture": "#0", "rotation": 90 },
				"north": { "uv": [ 15.01, 13.51, 15.49, 13.99 ], "texture": "#0", "rotation": 180 },
				"south": { "uv": [ 15.01, 13.51, 15.49, 13.99 ], "texture": "#0" },
				"west": { "uv": [ 14.01, 11.01, 14.49, 11.49 ], "texture": "#0", "rotation": 180 },
				"east": { "uv": [ 15.01, 13.51, 15.49, 13.99 ], "texture": "#0" }
			}
		},
		{
			"from": [ 2, 0, 0 ],
			"to": [ 3, 1, 3 ],
			"faces": {
				"up": { "uv": [ 2.01, 15.01, 2.99, 15.49 ], "texture": "#0" },
				"north": { "uv": [ 2.99, 15.01, 2.01, 15.99 ], "texture": "#0" },
				"south": { "uv": [ 2.01, 15.01, 2.99, 15.99 ], "texture": "#0" },
				"west": { "uv": [ 1.51, 12.51, 1.99, 13.49 ], "texture": "#0", "rotation": 180 },
				"east": { "uv": [ 2.51, 13.51, 2.99, 14.49 ], "texture": "#0" }
			}
		},
		{
			"from": [ 14, 4.5, 0 ],
			"to": [ 15.5, 7, 3 ],
			"faces": {
				"down": { "uv": [ 14.01, 5.51, 15.49, 5.99 ], "texture": "#0" },
				"up": { "uv": [ 14.01, 6.51, 15.49, 6.99 ], "texture": "#0" },
				"north": { "uv": [ 15.49, 9.01, 14.01, 11.49 ], "texture": "#0" },
				"south": { "uv": [ 14.01, 9.01, 15.49, 11.49 ], "texture": "#0" },
				"west": { "uv": [ 14.01, 3.51, 14.49, 5.99 ], "texture": "#0" },
				"east": { "uv": [ 15.01, 3.51, 15.49, 5.99 ], "texture": "#0" }
			}
		},
		{
			"from": [ 3.5, 13.5, 0.5 ],
			"to": [ 12.5, 16, 2.5 ],
			"faces": {
				"down": { "uv": [ 6.51, 3.51, 8.49, 12.49 ], "texture": "#1", "rotation": 270 },
				"up": { "uv": [ 6.51, 3.51, 8.49, 12.49 ], "texture": "#1", "rotation": 270 },
				"north": { "uv": [ 12.49, 0.01, 3.51, 2.49 ], "texture": "#0" },
				"south": { "uv": [ 3.51, 0.01, 12.49, 2.49 ], "texture": "#0" }
			}
		},
		{
			"from": [ 0, 0, 0.5 ],
			"to": [ 3.5, 16, 2.5 ],
			"faces": {
				"up": { "uv": [ 6.51, 15.99, 8.49, 12.51 ], "texture": "#1", "rotation": 270 },
				"north": { "uv": [ 12.51, 0.01, 15.99, 15.99 ], "texture": "#0" },
				"south": { "uv": [ 0.01, 0.01, 3.49, 15.99 ], "texture": "#0" },
				"west": { "uv": [ 3.51, 0.01, 5.49, 15.99 ], "texture": "#1" },
				"east": { "uv": [ 6.51, 0.01, 8.49, 15.99 ], "texture": "#1" }
			}
		},
		{
			"from": [ 12.5, 1, 0.5 ],
			"to": [ 16, 16, 2.5 ],
			"faces": {
				"down": { "uv": [ 0.51, 12.51, 2.49, 15.99 ], "texture": "#1", "rotation": 270 },
				"up": { "uv": [ 6.51, 12.51, 8.49, 15.99 ], "texture": "#1", "rotation": 270 },
				"north": { "uv": [ 15.99, 0.01, 12.51, 14.99 ], "texture": "#0" },
				"south": { "uv": [ 12.51, 0.01, 15.99, 14.99 ], "texture": "#0" },
				"west": { "uv": [ 6.51, 0.01, 8.49, 15.99 ], "texture": "#1" },
				"east": { "uv": [ 10.51, 0.01, 12.49, 14.99 ], "texture": "#1" }
			}
		},
		{
			"from": [ 0.5, 0, 0 ],
			"to": [ 1.5, 1.5, 3 ],
			"faces": {
				"up": { "uv": [ 0.51, 12.51, 1.49, 12.99 ], "texture": "#0" },
				"north": { "uv": [ 1.49, 14.51, 0.51, 15.99 ], "texture": "#0" },
				"south": { "uv": [ 0.51, 14.51, 1.49, 15.99 ], "texture": "#0" },
				"west": { "uv": [ 0.51, 12.51, 0.99, 13.99 ], "texture": "#0", "rotation": 180 },
				"east": { "uv": [ 1.01, 14.51, 1.49, 15.99 ], "texture": "#0" }
			}
		},
		{
			"from": [ 0.5, 2, 0 ],
			"to": [ 2, 4, 3 ],
			"faces": {
				"down": { "uv": [ 0.51, 8.01, 1.99, 8.49 ], "texture": "#0" },
				"up": { "uv": [ 0.51, 4.01, 1.99, 4.49 ], "texture": "#0" },
				"north": { "uv": [ 1.99, 12.01, 0.51, 13.99 ], "texture": "#0" },
				"south": { "uv": [ 0.51, 12.01, 1.99, 13.99 ], "texture": "#0" },
				"west": { "uv": [ 0.51, 6.51, 0.99, 8.49 ], "texture": "#0" },
				"east": { "uv": [ 1.51, 6.51, 1.99, 8.49 ], "texture": "#0" }
			}
		},
		{
			"from": [ 13, 14.5, 0 ],
			"to": [ 14.5, 15.5, 3 ],
			"faces": {
				"down": { "uv": [ 13.01, 0.51, 14.49, 0.99 ], "texture": "#0" },
				"up": { "uv": [ 14.01, 1.51, 15.49, 1.99 ], "texture": "#0", "rotation": 180 },
				"north": { "uv": [ 14.49, 0.51, 13.01, 1.49 ], "texture": "#0" },
				"south": { "uv": [ 13.01, 0.51, 14.49, 1.49 ], "texture": "#0" },
				"west": { "uv": [ 14.51, 1.51, 14.99, 2.49 ], "texture": "#0", "rotation": 180 },
				"east": { "uv": [ 13.51, 1.01, 13.99, 1.99 ], "texture": "#0" }
			}
		},
		{
			"from": [ 0.5, 7.5, 0 ],
			"to": [ 2, 9.5, 3 ],
			"faces": {
				"down": { "uv": [ 0.51, 11.01, 1.99, 11.49 ], "texture": "#0" },
				"up": { "uv": [ 0.51, 12.01, 1.99, 12.49 ], "texture": "#0" },
				"north": { "uv": [ 1.99, 6.51, 0.51, 8.49 ], "texture": "#0" },
				"south": { "uv": [ 0.51, 6.51, 1.99, 8.49 ], "texture": "#0" },
				"west": { "uv": [ 0.51, 12.01, 0.99, 13.99 ], "texture": "#0", "rotation": 180 },
				"east": { "uv": [ 1.51, 12.01, 1.99, 13.99 ], "texture": "#0" }
			}
		},
		{
			"from": [ 14, 10, 0 ],
			"to": [ 15.5, 12.5, 3 ],
			"faces": {
				"down": { "uv": [ 14.01, 8.01, 15.49, 8.49 ], "texture": "#0" },
				"up": { "uv": [ 14.01, 4.01, 15.49, 4.49 ], "texture": "#0" },
				"north": { "uv": [ 15.49, 3.51, 14.01, 5.99 ], "texture": "#0" },
				"south": { "uv": [ 14.01, 3.51, 15.49, 5.99 ], "texture": "#0" },
				"west": { "uv": [ 14.01, 9.01, 14.49, 11.49 ], "texture": "#0" },
				"east": { "uv": [ 15.01, 9.01, 15.49, 11.49 ], "texture": "#0" }
			}
		},
		{
			"from": [ 14, 13, 0 ],
			"to": [ 15.5, 14.5, 3 ],
			"faces": {
				"down": { "uv": [ 14.01, 2.51, 15.49, 2.99 ], "texture": "#0" },
				"up": { "uv": [ 15.01, 2.01, 15.49, 2.49 ], "texture": "#0", "rotation": 90 },
				"north": { "uv": [ 15.49, 1.51, 14.01, 2.99 ], "texture": "#0" },
				"south": { "uv": [ 14.01, 1.51, 15.49, 2.99 ], "texture": "#0" },
				"west": { "uv": [ 14.01, 1.51, 14.49, 2.99 ], "texture": "#0", "rotation": 180 },
				"east": { "uv": [ 15.01, 1.51, 15.49, 2.99 ], "texture": "#0" }
			}
		},
		{
			"from": [ 3, 15, 0 ],
			"to": [ 13, 15.5, 3 ],
			"faces": {
				"down": { "uv": [ 2.51, 0.51, 12.49, 0.99 ], "texture": "#0" },
				"up": { "uv": [ 3.01, 0.51, 12.99, 0.99 ], "texture": "#0", "rotation": 180 },
				"north": { "uv": [ 12.99, 0.51, 3.01, 0.99 ], "texture": "#0" },
				"south": { "uv": [ 3.01, 0.51, 12.99, 0.99 ], "texture": "#0" }
			}
		},
		{
			"from": [ 13.5, 14, 0 ],
			"to": [ 15, 15, 3 ],
			"faces": {
				"down": { "uv": [ 14.01, 2.01, 15.49, 2.49 ], "texture": "#0" },
				"up": { "uv": [ 12.01, 0.51, 13.49, 0.99 ], "texture": "#0" },
				"north": { "uv": [ 14.99, 1.01, 13.51, 1.99 ], "texture": "#0" },
				"south": { "uv": [ 13.51, 1.01, 14.99, 1.99 ], "texture": "#0" },
				"west": { "uv": [ 14.51, 5.01, 14.99, 5.99 ], "texture": "#0", "rotation": 180 },
				"east": { "uv": [ 15.01, 2.01, 15.49, 2.99 ], "texture": "#0" }
			}
		},
		{
			"from": [ 1.5, 14.5, 0 ],
			"to": [ 3, 15.5, 3 ],
			"faces": {
				"down": { "uv": [ 1.51, 1.01, 2.99, 1.49 ], "texture": "#0" },
				"up": { "uv": [ 1.01, 1.01, 2.49, 1.49 ], "texture": "#0", "rotation": 180 },
				"north": { "uv": [ 2.99, 0.51, 1.51, 1.49 ], "texture": "#0" },
				"south": { "uv": [ 1.51, 0.51, 2.99, 1.49 ], "texture": "#0" },
				"west": { "uv": [ 1.51, 0.51, 1.99, 1.49 ], "texture": "#0" },
				"east": { "uv": [ 2.51, 0.51, 2.99, 1.49 ], "texture": "#0" }
			}
		},
		{
			"from": [ 1, 14, 0 ],
			"to": [ 2.5, 15, 3 ],
			"faces": {
				"down": { "uv": [ 1.01, 1.51, 2.49, 1.99 ], "texture": "#0" },
				"up": { "uv": [ 0.51, 4.01, 1.99, 4.49 ], "texture": "#0" },
				"north": { "uv": [ 2.49, 1.01, 1.01, 1.99 ], "texture": "#0" },
				"south": { "uv": [ 1.01, 1.01, 2.49, 1.99 ], "texture": "#0" },
				"west": { "uv": [ 1.01, 1.01, 1.49, 1.99 ], "texture": "#0" },
				"east": { "uv": [ 2.01, 1.01, 2.49, 1.99 ], "texture": "#0" }
			}
		},
		{
			"from": [ 0.5, 13, 0 ],
			"to": [ 2, 14.5, 3 ],
			"faces": {
				"down": { "uv": [ 0.51, 5.51, 1.99, 5.99 ], "texture": "#0" },
				"up": { "uv": [ 0.51, 4.01, 1.99, 4.49 ], "texture": "#0", "rotation": 270 },
				"north": { "uv": [ 1.99, 1.51, 0.51, 2.99 ], "texture": "#0" },
				"south": { "uv": [ 0.51, 1.51, 1.99, 2.99 ], "texture": "#0" },
				"west": { "uv": [ 0.51, 1.51, 0.99, 2.99 ], "texture": "#0", "rotation": 180 },
				"east": { "uv": [ 1.51, 1.51, 1.99, 2.99 ], "texture": "#0" }
			}
		},
		{
			"from": [ 0.5, 10, 0 ],
			"to": [ 2, 12.5, 3 ],
			"faces": {
				"down": { "uv": [ 0.51, 8.01, 1.99, 8.49 ], "texture": "#0" },
				"up": { "uv": [ 0.51, 12.51, 1.99, 12.99 ], "texture": "#0" },
				"north": { "uv": [ 1.99, 3.51, 0.51, 5.99 ], "texture": "#0" },
				"south": { "uv": [ 0.51, 3.51, 1.99, 5.99 ], "texture": "#0" },
				"west": { "uv": [ 0.51, 9.01, 0.99, 11.49 ], "texture": "#0", "rotation": 180 },
				"east": { "uv": [ 1.51, 9.01, 1.99, 11.49 ], "texture": "#0" }
			}
		},
		{
			"from": [ 14, 7.5, 0 ],
			"to": [ 15.5, 9.5, 3 ],
			"faces": {
				"down": { "uv": [ 14.01, 8.01, 15.49, 8.49 ], "texture": "#0" },
				"up": { "uv": [ 14.01, 9.51, 15.49, 9.99 ], "texture": "#0" },
				"north": { "uv": [ 15.49, 6.51, 14.01, 8.49 ], "texture": "#0" },
				"south": { "uv": [ 14.01, 9.01, 15.49, 11.49 ], "texture": "#0" },
				"west": { "uv": [ 14.01, 9.51, 14.49, 11.49 ], "texture": "#0" },
				"east": { "uv": [ 15.01, 3.51, 15.49, 5.99 ], "texture": "#0" }
			}
		},
		{
			"from": [ 0.5, 4.5, 0 ],
			"to": [ 2, 7, 3 ],
			"faces": {
				"down": { "uv": [ 0.51, 8.01, 1.99, 8.49 ], "texture": "#0" },
				"up": { "uv": [ 0.51, 12.51, 1.99, 12.99 ], "texture": "#0" },
				"north": { "uv": [ 1.99, 9.01, 0.51, 11.49 ], "texture": "#0" },
				"south": { "uv": [ 0.51, 9.01, 1.99, 11.49 ], "texture": "#0" },
				"west": { "uv": [ 0.51, 3.51, 0.99, 5.99 ], "texture": "#0" },
				"east": { "uv": [ 1.51, 3.51, 1.99, 5.99 ], "texture": "#0" }
			}
		},
		{
			"from": [ 1.5, 1, 0 ],
			"to": [ 2, 1.5, 3 ],
			"faces": {
				"down": { "uv": [ 2.01, 15.51, 2.49, 15.99 ], "texture": "#0", "rotation": 90 },
				"up": { "uv": [ 2.51, 12.01, 2.99, 12.49 ], "texture": "#0", "rotation": 270 },
				"north": { "uv": [ 1.51, 14.51, 1.99, 14.99 ], "texture": "#0", "rotation": 180 },
				"south": { "uv": [ 1.51, 14.51, 1.99, 14.99 ], "texture": "#0" },
				"east": { "uv": [ 0.01, 13.01, 0.49, 13.49 ], "texture": "#0" }
			}
		},
		{
			"from": [ 14, 3, 0 ],
			"to": [ 15.5, 4, 3 ],
			"faces": {
				"down": { "uv": [ 14.51, 10.51, 14.99, 10.99 ], "texture": "#0", "rotation": 90 },
				"up": { "uv": [ 14.01, 9.01, 15.49, 9.49 ], "texture": "#0" },
				"north": { "uv": [ 15.49, 12.01, 14.01, 12.99 ], "texture": "#0" },
				"south": { "uv": [ 14.01, 12.01, 15.49, 12.99 ], "texture": "#0" },
				"west": { "uv": [ 14.51, 12.51, 14.99, 13.49 ], "texture": "#0" },
				"east": { "uv": [ 15.01, 12.51, 15.49, 13.49 ], "texture": "#0" }
			}
		},
		{
			"from": [ 14.5, 2.5, 0 ],
			"to": [ 15.5, 3, 3 ],
			"faces": {
				"down": { "uv": [ 14.51, 12.51, 14.99, 12.99 ], "texture": "#0", "rotation": 90 },
				"north": { "uv": [ 15.49, 13.01, 14.51, 13.49 ], "texture": "#0" },
				"south": { "uv": [ 14.51, 13.01, 15.49, 13.49 ], "texture": "#0" },
				"west": { "uv": [ 14.01, 12.01, 14.49, 12.49 ], "texture": "#0", "rotation": 180 },
				"east": { "uv": [ 15.01, 13.51, 15.49, 13.99 ], "texture": "#0" }
			}
		},
		{
			"from": [ 12, 2, 0.5 ],
			"to": [ 12.5, 2.5, 2.5 ],
			"faces": {
				"up": { "uv": [ 0.51, 9.51, 2.49, 9.99 ], "texture": "#1", "rotation": 270 },
				"north": { "uv": [ 12.01, 13.51, 12.49, 13.99 ], "texture": "#0", "rotation": 180 },
				"south": { "uv": [ 12.01, 13.51, 12.49, 13.99 ], "texture": "#0" },
				"west": { "uv": [ 0.51, 13.01, 2.49, 13.49 ], "texture": "#1", "rotation": 180 }
			}
		},
		{
			"from": [ 11.5, 1.5, 0.5 ],
			"to": [ 12, 2, 2.5 ],
			"faces": {
				"up": { "uv": [ 0.51, 15.01, 2.49, 15.49 ], "texture": "#1", "rotation": 270 },
				"north": { "uv": [ 11.51, 14.01, 11.99, 14.49 ], "texture": "#0", "rotation": 180 },
				"south": { "uv": [ 11.51, 14.01, 11.99, 14.49 ], "texture": "#0" },
				"west": { "uv": [ 13.51, 14.51, 15.49, 14.99 ], "texture": "#1", "rotation": 180 }
			}
		},
		{
			"from": [ 11, 0, 0.5 ],
			"to": [ 11.5, 1.5, 2.5 ],
			"faces": {
				"up": { "uv": [ 0.51, 12.01, 2.49, 12.49 ], "texture": "#1", "rotation": 270 },
				"north": { "uv": [ 11.01, 14.51, 11.49, 15.99 ], "texture": "#0" },
				"south": { "uv": [ 11.01, 14.51, 11.49, 15.99 ], "texture": "#0" },
				"west": { "uv": [ 0.51, 14.51, 2.49, 15.99 ], "texture": "#1", "rotation": 180 }
			}
		},
		{
			"from": [ 12, 0, 0.5 ],
			"to": [ 13, 1, 2.5 ],
			"faces": {
				"north": { "uv": [ 12.99, 15.01, 12.01, 15.99 ], "texture": "#0" },
				"south": { "uv": [ 12.01, 15.01, 12.99, 15.99 ], "texture": "#0" },
				"east": { "uv": [ 0.51, 14.01, 2.49, 14.99 ], "texture": "#1" }
			}
		},
		{
			"from": [ 13, 0, 0.5 ],
			"to": [ 13.5, 0.5, 2.5 ],
			"faces": {
				"up": { "uv": [ 0.51, 14.01, 2.49, 14.49 ], "texture": "#1", "rotation": 270 },
				"north": { "uv": [ 13.01, 15.51, 13.49, 15.99 ], "texture": "#0", "rotation": 180 },
				"south": { "uv": [ 13.01, 15.51, 13.49, 15.99 ], "texture": "#0" },
				"east": { "uv": [ 0.51, 9.51, 2.49, 9.99 ], "texture": "#1" }
			}
		},
		{
			"from": [ 15, 0, 0 ],
			"to": [ 15.5, 1.5, 3 ],
			"faces": {
				"up": { "uv": [ 14.51, 11.01, 14.99, 11.49 ], "texture": "#0", "rotation": 270 },
				"north": { "uv": [ 15.01, 14.51, 15.49, 15.99 ], "texture": "#0" },
				"south": { "uv": [ 15.01, 14.51, 15.49, 15.99 ], "texture": "#0" },
				"west": { "uv": [ 15.01, 12.51, 15.49, 13.99 ], "texture": "#0", "rotation": 180 },
				"east": { "uv": [ 15.01, 10.01, 15.49, 11.49 ], "texture": "#0", "rotation": 180 }
			}
		},
		{
			"from": [ 14.5, 1, 0 ],
			"to": [ 15, 2, 3 ],
			"faces": {
				"down": { "uv": [ 14.51, 13.01, 14.99, 13.49 ], "texture": "#0", "rotation": 90 },
				"up": { "uv": [ 14.51, 14.01, 14.99, 14.49 ], "texture": "#0", "rotation": 270 },
				"north": { "uv": [ 14.51, 14.01, 14.99, 14.99 ], "texture": "#0" },
				"south": { "uv": [ 14.51, 14.01, 14.99, 14.99 ], "texture": "#0" },
				"west": { "uv": [ 14.51, 10.01, 14.99, 10.49 ], "texture": "#0", "rotation": 180 },
				"east": { "uv": [ 9.51, 15.01, 9.99, 15.49 ], "texture": "#0" }
			}
		},
		{
			"from": [ 14, 1.5, 0 ],
			"to": [ 14.5, 2.5, 3 ],
			"faces": {
				"down": { "uv": [ 14.51, 10.51, 14.99, 10.99 ], "texture": "#0", "rotation": 90 },
				"up": { "uv": [ 15.01, 13.01, 15.49, 13.49 ], "texture": "#0", "rotation": 270 },
				"north": { "uv": [ 14.01, 13.51, 14.49, 14.49 ], "texture": "#0" },
				"south": { "uv": [ 14.01, 13.51, 14.49, 14.49 ], "texture": "#0" },
				"west": { "uv": [ 15.01, 13.01, 15.49, 13.49 ], "texture": "#0", "rotation": 180 },
				"east": { "uv": [ 14.01, 11.01, 14.49, 11.49 ], "texture": "#0" }
			}
		},
		{
			"from": [ 13, 2, 0 ],
			"to": [ 14, 2.5, 3 ],
			"faces": {
				"down": { "uv": [ 13.01, 13.51, 13.99, 13.99 ], "texture": "#0" },
				"up": { "uv": [ 5.01, 15.01, 5.99, 15.49 ], "texture": "#0", "rotation": 270 },
				"north": { "uv": [ 13.99, 13.51, 13.01, 13.99 ], "texture": "#0" },
				"south": { "uv": [ 13.01, 13.51, 13.99, 13.99 ], "texture": "#0" }
			}
		},
		{
			"from": [ 12, 1, 0 ],
			"to": [ 12.5, 2, 3 ],
			"faces": {
				"down": { "uv": [ 12.01, 14.51, 12.49, 14.99 ], "texture": "#0", "rotation": 90 },
				"up": { "uv": [ 8.51, 15.01, 8.99, 15.49 ], "texture": "#0", "rotation": 270 },
				"north": { "uv": [ 12.01, 14.01, 12.49, 14.99 ], "texture": "#0" },
				"south": { "uv": [ 12.01, 14.01, 12.49, 14.99 ], "texture": "#0" },
				"west": { "uv": [ 15.01, 11.01, 15.49, 11.49 ], "texture": "#0", "rotation": 180 },
				"east": { "uv": [ 15.01, 10.01, 15.49, 10.49 ], "texture": "#0" }
			}
		},
		{
			"from": [ 12.5, 1.5, 0 ],
			"to": [ 13, 2.5, 3 ],
			"faces": {
				"down": { "uv": [ 14.51, 10.01, 14.99, 10.49 ], "texture": "#0", "rotation": 90 },
				"up": { "uv": [ 14.01, 11.01, 14.49, 11.49 ], "texture": "#0", "rotation": 270 },
				"north": { "uv": [ 12.51, 13.51, 12.99, 14.49 ], "texture": "#0" },
				"south": { "uv": [ 12.51, 13.51, 12.99, 14.49 ], "texture": "#0" },
				"west": { "uv": [ 15.01, 12.01, 15.49, 12.49 ], "texture": "#0", "rotation": 180 },
				"east": { "uv": [ 12.51, 14.01, 12.99, 14.49 ], "texture": "#0" }
			}
		},
		{
			"from": [ 5.5, 1.5, 1 ],
			"to": [ 7.5, 13.5, 2 ],
			"faces": {
				"north": { "uv": [ 5.51, 2.51, 6.49, 14.49 ], "texture": "#0" },
				"south": { "uv": [ 6.99, 2.51, 6.01, 14.49 ], "texture": "#0" },
				"west": { "uv": [ 9.99, 2.51, 9.01, 14.49 ], "texture": "#0" },
				"east": { "uv": [ 6.49, 2.51, 5.51, 14.49 ], "texture": "#0" }
			}
		},
		{
			"from": [ 8.5, 1.5, 1 ],
			"to": [ 10.5, 13.5, 2 ],
			"faces": {
				"north": { "uv": [ 5.51, 2.51, 6.49, 14.49 ], "texture": "#0" },
				"south": { "uv": [ 9.01, 2.51, 9.99, 14.49 ], "texture": "#0" },
				"west": { "uv": [ 6.01, 2.51, 6.99, 14.49 ], "texture": "#0" },
				"east": { "uv": [ 9.99, 2.51, 9.01, 14.49 ], "texture": "#0" }
			}
		},
		{
			"from": [ 6, 1, 0.5 ],
			"to": [ 7, 13.5, 2.5 ],
			"faces": {
				"north": { "uv": [ 5.51, 2.51, 6.49, 14.99 ], "texture": "#0" },
				"south": { "uv": [ 9.01, 2.51, 9.99, 14.99 ], "texture": "#0" },
				"west": { "uv": [ 6.01, 3.01, 6.99, 15.49 ], "texture": "#0" },
				"east": { "uv": [ 6.49, 2.51, 5.51, 14.99 ], "texture": "#0" }
			}
		}
	]
}