{
	"__comment": "Created by Filal",
	"textures": {
		"particle": "block/iron_trapdoor",
		"0": "block/iron_trapdoor",
		"1": "block/iron_trapdoor_edge"
	},
	"elements": [ 	 
		{
			"__comment": "Element",
			"from": [ 0, 13, 13 ],
			"to": [ 16, 16, 16 ],
			"faces": {
				"down": { "uv": [ 0, 0, 16, 3 ], "texture": "#0" },
				"up": { "uv": [ 0, 13, 16, 16 ], "texture": "#0" },
				"north": { "uv": [ 16, 16, 0, 13 ], "texture": "#1" },
				"south": { "uv": [ 16, 16, 0, 13 ], "texture": "#1", "cullface": "south" },
				"west": { "uv": [ 0, 13, 3, 16 ], "texture": "#1", "cullface": "west", "rotation": 180 },
				"east": { "uv": [ 13, 13, 16, 16 ], "texture": "#1", "cullface": "east", "rotation": 180 }
			}
		},
		{
			"__comment": "Element",
			"from": [ 0, 13, 0 ],
			"to": [ 16, 16, 3 ],
			"faces": {
				"down": { "uv": [ 0, 13, 16, 16 ], "texture": "#0" },
				"up": { "uv": [ 0, 0, 16, 3 ], "texture": "#0" },
				"north": { "uv": [ 16, 16, 0, 13 ], "texture": "#1", "cullface": "north" },
				"south": { "uv": [ 16, 16, 0, 13 ], "texture": "#1" },
				"west": { "uv": [ 13, 13, 16, 16 ], "texture": "#1", "cullface": "west", "rotation": 180 },
				"east": { "uv": [ 0, 13, 3, 16 ], "texture": "#1", "cullface": "east", "rotation": 180 }
			}
		},
		{
			"__comment": "Element",
			"from": [ 13, 13, 3 ],
			"to": [ 16, 16, 13 ],
			"faces": {
				"down": { "uv": [ 13, 3, 16, 13 ], "texture": "#0" },
				"up": { "uv": [ 13, 3, 16, 13 ], "texture": "#0" },
				"west": { "uv": [ 3, 13, 13, 16 ], "texture": "#1", "rotation": 180 },
				"east": { "uv": [ 3, 13, 13, 16 ], "texture": "#1", "cullface": "east", "rotation": 180 }
			}
		},
		{
			"__comment": "Element",
			"from": [ 0, 13, 3 ],
			"to": [ 3, 16, 13 ],
			"faces": {
				"down": { "uv": [ 0, 3, 3, 13 ], "texture": "#0" },
				"up": { "uv": [ 0, 3, 3, 13 ], "texture": "#0" },
				"west": { "uv": [ 3, 13, 13, 16 ], "texture": "#1", "cullface": "west", "rotation": 180 },
				"east": { "uv": [ 3, 13, 13, 16 ], "texture": "#1", "rotation": 180 }
			}
		},
		{
			"__comment": "Element",
			"from": [ 3, 14, 12 ],
			"to": [ 13, 15, 13 ],
			"faces": {
				"down": { "uv": [ 3, 3, 13, 4 ], "texture": "#0" },
				"up": { "uv": [ 3, 12, 13, 13 ], "texture": "#0" },
				"north": { "uv": [ 13, 11, 3, 10 ], "texture": "#1" }
			}
		},
		{
			"__comment": "Element",
			"from": [ 3, 14, 3 ],
			"to": [ 13, 15, 4 ],
			"faces": {
				"down": { "uv": [ 3, 12, 13, 13 ], "texture": "#0" },
				"up": { "uv": [ 3, 3, 13, 4 ], "texture": "#0" },
				"south": { "uv": [ 13, 11, 3, 10 ], "texture": "#1" }
			}
		},
		{
			"__comment": "Element",
			"from": [ 3, 14, 4 ],
			"to": [ 4, 15, 12 ],
			"faces": {
				"down": { "uv": [ 3, 4, 4, 12 ], "texture": "#0" },
				"up": { "uv": [ 3, 4, 4, 12 ], "texture": "#0" },
				"east": { "uv": [ 4, 10, 12, 11 ], "texture": "#1", "rotation": 180 }
			}
		},
		{
			"__comment": "Element",
			"from": [ 12, 14, 4 ],
			"to": [ 13, 15, 12 ],
			"faces": {
				"down": { "uv": [ 12, 4, 13, 12 ], "texture": "#0" },
				"up": { "uv": [ 12, 4, 13, 12 ], "texture": "#0" },
				"west": { "uv": [ 4, 10, 12, 11 ], "texture": "#1", "rotation": 180 }
			}
		},
		{
			"__comment": "Element",
			"from": [ 3, 13.5, 12.5 ],
			"to": [ 13, 15.5, 13 ],
			"faces": {
				"down": { "uv": [ 3, 3, 13, 3.5 ], "texture": "#0" },
				"up": { "uv": [ 3, 3, 13, 3.5 ], "texture": "#0" },
				"north": { "uv": [ 13, 3.5, 3, 3 ], "texture": "#0" }
			}
		},
		{
			"__comment": "Element",
			"from": [ 3, 13.5, 3 ],
			"to": [ 13, 15.5, 3.5 ],
			"faces": {
				"down": { "uv": [ 3, 12.5, 13, 13 ], "texture": "#0" },
				"up": { "uv": [ 3, 3, 13, 3.5 ], "texture": "#0" },
				"south": { "uv": [ 3, 13, 13, 12.5 ], "texture": "#0" }
			}
		},
		{
			"__comment": "Element",
			"from": [ 3, 13.5, 3.5 ],
			"to": [ 3.5, 15.5, 12.5 ],
			"faces": {
				"down": { "uv": [ 3, 3.5, 3.5, 12.5 ], "texture": "#0" },
				"up": { "uv": [ 12.5, 3.5, 13, 12.5 ], "texture": "#0" },
				"east": { "uv": [ 3, 3.5, 3.5, 12.5 ], "texture": "#0", "rotation": 270 }
			}
		},
		{
			"__comment": "Element",
			"from": [ 12.5, 13.5, 3.5 ],
			"to": [ 13, 15.5, 12.5 ],
			"faces": {
				"down": { "uv": [ 12.5, 3.5, 13, 12.5 ], "texture": "#0" },
				"up": { "uv": [ 3, 3.5, 3.5, 12.5 ], "texture": "#0" },
				"west": { "uv": [ 12.5, 12.5, 13, 3.5 ], "texture": "#0", "rotation": 270 }
			}
		},
		{
			"__comment": "Element",
			"from": [ 4.5, 14, 4 ],
			"to": [ 5.5, 15, 12 ],
			"faces": {
				"down": { "uv": [ 4.5, 4, 5.5, 12 ], "texture": "#0" },
				"up": { "uv": [ 11.5, 12, 10.5, 4 ], "texture": "#0" },
				"west": { "uv": [ 4.5, 12, 5.5, 4 ], "texture": "#0", "rotation": 270 },
				"east": { "uv": [ 5.5, 4, 4.5, 12 ], "texture": "#0", "rotation": 270 }
			}
		},
		{
			"__comment": "Element",
			"from": [ 6.5, 14, 4 ],
			"to": [ 7.5, 15, 12 ],
			"faces": {
				"down": { "uv": [ 6.5, 4, 7.5, 12 ], "texture": "#0" },
				"up": { "uv": [ 9.5, 12, 8.5, 4 ], "texture": "#0" },
				"west": { "uv": [ 6.5, 12, 7.5, 4 ], "texture": "#0", "rotation": 270 },
				"east": { "uv": [ 7.5, 4, 6.5, 12 ], "texture": "#0", "rotation": 270 }
			}
		},
		{
			"__comment": "Element",
			"from": [ 8.5, 14, 4 ],
			"to": [ 9.5, 15, 12 ],
			"faces": {
				"down": { "uv": [ 8.5, 4, 9.5, 12 ], "texture": "#0" },
				"up": { "uv": [ 7.5, 12, 6.5, 4 ], "texture": "#0" },
				"west": { "uv": [ 8.5, 12, 9.5, 4 ], "texture": "#0", "rotation": 270 },
				"east": { "uv": [ 9.5, 4, 8.5, 12 ], "texture": "#0", "rotation": 270 }
			}
		},
		{
			"__comment": "Element",
			"from": [ 10.5, 14, 4 ],
			"to": [ 11.5, 15, 12 ],
			"faces": {
				"down": { "uv": [ 10.5, 4, 11.5, 12 ], "texture": "#0" },
				"up": { "uv": [ 5.5, 12, 4.5, 4 ], "texture": "#0" },
				"west": { "uv": [ 10.5, 12, 11.5, 4 ], "texture": "#0", "rotation": 270 },
				"east": { "uv": [ 11.5, 4, 10.5, 12 ], "texture": "#0", "rotation": 270 }
			}
		},
		{
			"__comment": "Element",
			"from": [ 4, 14, 10.5 ],
			"to": [ 12, 15, 11.5 ],
			"faces": {
				"down": { "uv": [ 4, 4.5, 12, 5.5 ], "texture": "#0" },
				"up": { "uv": [ 12, 11.5, 4, 10.5 ], "texture": "#0" },
				"north": { "uv": [ 12, 4.5, 4, 5.5 ], "texture": "#0" },
				"south": { "uv": [ 4, 5.5, 12, 4.5 ], "texture": "#0" }
			}
		},
		{
			"__comment": "Element",
			"from": [ 4, 14, 8.5 ],
			"to": [ 12, 15, 9.5 ],
			"faces": {
				"down": { "uv": [ 4, 6.5, 12, 7.5 ], "texture": "#0" },
				"up": { "uv": [ 12, 9.5, 4, 8.5 ], "texture": "#0" },
				"north": { "uv": [ 12, 6.5, 4, 7.5 ], "texture": "#0" },
				"south": { "uv": [ 4, 7.5, 12, 6.5 ], "texture": "#0" }
			}
		},
		{
			"__comment": "Element",
			"from": [ 4, 14, 6.5 ],
			"to": [ 12, 15, 7.5 ],
			"faces": {
				"down": { "uv": [ 4, 8.5, 12, 9.5 ], "texture": "#0" },
				"up": { "uv": [ 12, 7.5, 4, 6.5 ], "texture": "#0" },
				"north": { "uv": [ 12, 8.5, 4, 9.5 ], "texture": "#0" },
				"south": { "uv": [ 4, 9.5, 12, 8.5 ], "texture": "#0" }
			}
		},
		{
			"__comment": "Element",
			"from": [ 4, 14, 4.5 ],
			"to": [ 12, 15, 5.5 ],
			"faces": {
				"down": { "uv": [ 4, 10.5, 12, 11.5 ], "texture": "#0" },
				"up": { "uv": [ 12, 5.5, 4, 4.5 ], "texture": "#0" },
				"north": { "uv": [ 12, 11.5, 4, 10.5 ], "texture": "#0" },
				"south": { "uv": [ 4, 11.5, 12, 10.5 ], "texture": "#0" },
				"west": { "uv": [ 10.5, 14, 11.5, 15 ], "texture": "#0", "rotation": 180 },
				"east": { "uv": [ 4.5, 14, 5.5, 15 ], "texture": "#0", "rotation": 180 }
			}
		},
		{
			"__comment": "Element",
			"from": [ 0.5, 13.5, -0.5 ],
			"to": [ 2.5, 15.5, 16.5 ],
			"faces": {
				"down": { "uv": [ 0.5, 13.5, 2.5, 14 ], "texture": "#1" },
				"up": { "uv": [ 0.5, 13.5, 2.5, 15.5 ], "texture": "#1" },
				"north": { "uv": [ 2.5, 15.5, 0.5, 13.5 ], "texture": "#1", "cullface": "north" },
				"south": { "uv": [ 15.5, 15.5, 13.5, 13.5 ], "texture": "#1", "cullface": "south" },
				"west": { "uv": [ 0.5, 13.5, 1, 15.5 ], "texture": "#1", "rotation": 180 },
				"east": { "uv": [ 0.5, 13.5, 2.5, 15.5 ], "texture": "#1", "rotation": 180 }
			}
		},
		{
			"__comment": "Element",
			"from": [ 13.5, 13.5, -0.5 ],
			"to": [ 15.5, 15.5, 16.5 ],
			"faces": {
				"down": { "uv": [ 13.5, 13.5, 15.5, 14 ], "texture": "#1" },
				"up": { "uv": [ 13.5, 13.5, 15.5, 15.5 ], "texture": "#1" },
				"north": { "uv": [ 15.5, 15.5, 13.5, 13.5 ], "texture": "#1", "cullface": "north" },
				"south": { "uv": [ 2.5, 15.5, 0.5, 13.5 ], "texture": "#1", "cullface": "south" },
				"west": { "uv": [ 13.5, 13.5, 15.5, 15.5 ], "texture": "#1", "rotation": 180 },
				"east": { "uv": [ 15, 13.5, 15.5, 15.5 ], "texture": "#1", "rotation": 180 }
			}
		},
		{
			"__comment": "Element",
			"from": [ 3, 13.5, 16 ],
			"to": [ 4.5, 15.5, 16.5 ],
			"faces": {
				"down": { "uv": [ 11.5, 13.5, 13, 14 ], "texture": "#1", "cullface": "south" },
				"up": { "uv": [ 11.5, 15, 13, 15.5 ], "texture": "#1", "cullface": "south" },
				"south": { "uv": [ 13, 15.5, 11.5, 13.5 ], "texture": "#1", "cullface": "south" },
				"west": { "uv": [ 12.5, 13.5, 13, 15.5 ], "texture": "#1", "cullface": "south", "rotation": 180 },
				"east": { "uv": [ 11.5, 13.5, 12, 15.5 ], "texture": "#1", "cullface": "south", "rotation": 180 }
			}
		},
		{
			"__comment": "Element",
			"from": [ 11.5, 13.5, 16 ],
			"to": [ 13, 15.5, 16.5 ],
			"faces": {
				"down": { "uv": [ 3, 13.5, 4.5, 14 ], "texture": "#1", "cullface": "south" },
				"up": { "uv": [ 3, 15, 4.5, 15.5 ], "texture": "#1", "cullface": "south" },
				"south": { "uv": [ 4.5, 15.5, 3, 13.5 ], "texture": "#1", "cullface": "south" },
				"west": { "uv": [ 4, 13.5, 4.5, 15.5 ], "texture": "#1", "cullface": "south", "rotation": 180 },
				"east": { "uv": [ 3, 13.5, 3.5, 15.5 ], "texture": "#1", "cullface": "south", "rotation": 180 }
			}
		},
		{
			"__comment": "Element",
			"from": [ 5, 13.5, 16 ],
			"to": [ 7, 15.5, 16.5 ],
			"faces": {
				"down": { "uv": [ 11, 13.5, 9, 14 ], "texture": "#1", "cullface": "south" },
				"up": { "uv": [ 11, 15, 9, 15.5 ], "texture": "#1", "cullface": "south" },
				"south": { "uv": [ 11, 15.5, 9, 13.5 ], "texture": "#1", "cullface": "south" },
				"west": { "uv": [ 10.5, 13.5, 11, 15.5 ], "texture": "#1", "cullface": "south", "rotation": 180 },
				"east": { "uv": [ 9, 13.5, 9.5, 15.5 ], "texture": "#1", "cullface": "south", "rotation": 180 }
			}
		},
		{
			"__comment": "Element",
			"from": [ 9, 13.5, 16 ],
			"to": [ 11, 15.5, 16.5 ],
			"faces": {
				"down": { "uv": [ 7, 13.5, 5, 14 ], "texture": "#1", "cullface": "south" },
				"up": { "uv": [ 7, 15, 5, 15.5 ], "texture": "#1", "cullface": "south" },
				"south": { "uv": [ 7, 15.5, 5, 13.5 ], "texture": "#1", "cullface": "south" },
				"west": { "uv": [ 6.5, 13.5, 7, 15.5 ], "texture": "#1", "cullface": "south", "rotation": 180 },
				"east": { "uv": [ 5, 13.5, 5.5, 15.5 ], "texture": "#1", "cullface": "south", "rotation": 180 }
			}
		},
		{
			"__comment": "Element",
			"from": [ 7.5, 13.5, 16 ],
			"to": [ 8.5, 15.5, 16.5 ],
			"faces": {
				"down": { "uv": [ 8.5, 13.5, 7.5, 14 ], "texture": "#1", "cullface": "south" },
				"up": { "uv": [ 8.5, 15, 7.5, 15.5 ], "texture": "#1", "cullface": "south" },
				"south": { "uv": [ 8.5, 15.5, 7.5, 13.5 ], "texture": "#1", "cullface": "south" },
				"west": { "uv": [ 8, 13.5, 8.5, 15.5 ], "texture": "#1", "cullface": "south", "rotation": 180 },
				"east": { "uv": [ 7.5, 13.5, 8, 15.5 ], "texture": "#1", "cullface": "south", "rotation": 180 }
			}
		},
		{
			"__comment": "Element",
			"from": [ 16, 13.5, 3 ],
			"to": [ 16.5, 15.5, 4.5 ],
			"faces": {
				"down": { "uv": [ 3, 13.5, 4.5, 14 ], "texture": "#1", "cullface": "east", "rotation": 90 },
				"up": { "uv": [ 3, 15, 4.5, 15.5 ], "texture": "#1", "cullface": "east", "rotation": 270 },
				"north": { "uv": [ 3.5, 15.5, 3, 13.5 ], "texture": "#1", "cullface": "east" },
				"south": { "uv": [ 4.5, 15.5, 4, 13.5 ], "texture": "#1", "cullface": "east" },
				"east": { "uv": [ 3, 13.5, 4.5, 15.5 ], "texture": "#1", "cullface": "east", "rotation": 180 }
			}
		},
		{
			"__comment": "Element",
			"from": [ 16, 13.5, 5 ],
			"to": [ 16.5, 15.5, 7 ],
			"faces": {
				"down": { "uv": [ 7, 13.5, 5, 14 ], "texture": "#1", "cullface": "east", "rotation": 90 },
				"up": { "uv": [ 7, 15, 5, 15.5 ], "texture": "#1", "cullface": "east", "rotation": 270 },
				"north": { "uv": [ 5.5, 15.5, 5, 13.5 ], "texture": "#1", "cullface": "east" },
				"south": { "uv": [ 7, 15.5, 6.5, 13.5 ], "texture": "#1", "cullface": "east" },
				"east": { "uv": [ 5, 13.5, 7, 15.5 ], "texture": "#1", "cullface": "east", "rotation": 180 }
			}
		},
		{
			"__comment": "Element",
			"from": [ 16, 13.5, 7.5 ],
			"to": [ 16.5, 15.5, 8.5 ],
			"faces": {
				"down": { "uv": [ 8.5, 13.5, 7.5, 14 ], "texture": "#1", "cullface": "east", "rotation": 90 },
				"up": { "uv": [ 8.5, 15, 7.5, 15.5 ], "texture": "#1", "cullface": "east", "rotation": 270 },
				"north": { "uv": [ 8, 15.5, 7.5, 13.5 ], "texture": "#1", "cullface": "east" },
				"south": { "uv": [ 8.5, 15.5, 8, 13.5 ], "texture": "#1", "cullface": "east" },
				"east": { "uv": [ 7.5, 13.5, 8.5, 15.5 ], "texture": "#1", "cullface": "east", "rotation": 180 }
			}
		},
		{
			"__comment": "Element",
			"from": [ 16, 13.5, 9 ],
			"to": [ 16.5, 15.5, 11 ],
			"faces": {
				"down": { "uv": [ 11, 13.5, 9, 14 ], "texture": "#1", "cullface": "east", "rotation": 90 },
				"up": { "uv": [ 11, 15, 9, 15.5 ], "texture": "#1", "cullface": "east", "rotation": 270 },
				"north": { "uv": [ 9.5, 15.5, 9, 13.5 ], "texture": "#1", "cullface": "east" },
				"south": { "uv": [ 11, 15.5, 10.5, 13.5 ], "texture": "#1", "cullface": "east" },
				"east": { "uv": [ 9, 13.5, 11, 15.5 ], "texture": "#1", "cullface": "east", "rotation": 180 }
			}
		},
		{
			"__comment": "Element",
			"from": [ 16, 13.5, 11.5 ],
			"to": [ 16.5, 15.5, 13 ],
			"faces": {
				"down": { "uv": [ 11.5, 13.5, 13, 14 ], "texture": "#1", "cullface": "east", "rotation": 90 },
				"up": { "uv": [ 11.5, 15, 13, 15.5 ], "texture": "#1", "cullface": "east", "rotation": 270 },
				"north": { "uv": [ 12, 15.5, 11.5, 13.5 ], "texture": "#1", "cullface": "east" },
				"south": { "uv": [ 13, 15.5, 12.5, 13.5 ], "texture": "#1", "cullface": "east" },
				"east": { "uv": [ 11.5, 13.5, 13, 15.5 ], "texture": "#1", "cullface": "east", "rotation": 180 }
			}
		},
		{
			"__comment": "Element",
			"from": [ 3, 13.5, -0.5 ],
			"to": [ 4.5, 15.5, 0 ],
			"faces": {
				"down": { "uv": [ 3, 13.5, 4.5, 14 ], "texture": "#1", "cullface": "north", "rotation": 180 },
				"up": { "uv": [ 3, 15, 4.5, 15.5 ], "texture": "#1", "cullface": "north", "rotation": 180 },
				"north": { "uv": [ 4.5, 15.5, 3, 13.5 ], "texture": "#1", "cullface": "north" },
				"west": { "uv": [ 3, 13.5, 3.5, 15.5 ], "texture": "#1", "cullface": "north", "rotation": 180 },
				"east": { "uv": [ 4, 13.5, 4.5, 15.5 ], "texture": "#1", "cullface": "north", "rotation": 180 }
			}
		},
		{
			"__comment": "Element",
			"from": [ 5, 13.5, -0.5 ],
			"to": [ 7, 15.5, 0 ],
			"faces": {
				"down": { "uv": [ 7, 13.5, 5, 14 ], "texture": "#1", "cullface": "north", "rotation": 180 },
				"up": { "uv": [ 7, 15, 5, 15.5 ], "texture": "#1", "cullface": "north", "rotation": 180 },
				"north": { "uv": [ 7, 15.5, 5, 13.5 ], "texture": "#1", "cullface": "north" },
				"west": { "uv": [ 5, 13.5, 5.5, 15.5 ], "texture": "#1", "cullface": "north", "rotation": 180 },
				"east": { "uv": [ 6.5, 13.5, 7, 15.5 ], "texture": "#1", "cullface": "north", "rotation": 180 }
			}
		},
		{
			"__comment": "Element",
			"from": [ 7.5, 13.5, -0.5 ],
			"to": [ 8.5, 15.5, 0 ],
			"faces": {
				"down": { "uv": [ 8.5, 13.5, 7.5, 14 ], "texture": "#1", "cullface": "north", "rotation": 180 },
				"up": { "uv": [ 8.5, 15, 7.5, 15.5 ], "texture": "#1", "cullface": "north", "rotation": 180 },
				"north": { "uv": [ 8.5, 15.5, 7.5, 13.5 ], "texture": "#1", "cullface": "north" },
				"west": { "uv": [ 7.5, 13.5, 8, 15.5 ], "texture": "#1", "cullface": "north", "rotation": 180 },
				"east": { "uv": [ 8, 13.5, 8.5, 15.5 ], "texture": "#1", "cullface": "north", "rotation": 180 }
			}
		},
		{
			"__comment": "Element",
			"from": [ 9, 13.5, -0.5 ],
			"to": [ 11, 15.5, 0 ],
			"faces": {
				"down": { "uv": [ 11, 13.5, 9, 14 ], "texture": "#1", "cullface": "north", "rotation": 180 },
				"up": { "uv": [ 11, 15, 9, 15.5 ], "texture": "#1", "cullface": "north", "rotation": 180 },
				"north": { "uv": [ 11, 15.5, 9, 13.5 ], "texture": "#1", "cullface": "north" },
				"west": { "uv": [ 9, 13.5, 9.5, 15.5 ], "texture": "#1", "cullface": "north", "rotation": 180 },
				"east": { "uv": [ 10.5, 13.5, 11, 15.5 ], "texture": "#1", "cullface": "north", "rotation": 180 }
			}
		},
		{
			"__comment": "Element",
			"from": [ 11.5, 13.5, -0.5 ],
			"to": [ 13, 15.5, 0 ],
			"faces": {
				"down": { "uv": [ 11.5, 13.5, 13, 14 ], "texture": "#1", "cullface": "north", "rotation": 180 },
				"up": { "uv": [ 11.5, 15, 13, 15.5 ], "texture": "#1", "cullface": "north", "rotation": 180 },
				"north": { "uv": [ 13, 15.5, 11.5, 13.5 ], "texture": "#1", "cullface": "north" },
				"west": { "uv": [ 11.5, 13.5, 12, 15.5 ], "texture": "#1", "cullface": "north", "rotation": 180 },
				"east": { "uv": [ 12.5, 13.5, 13, 15.5 ], "texture": "#1", "cullface": "north", "rotation": 180 }
			}
		},
		{
			"__comment": "Element",
			"from": [ -0.5, 13.5, 3 ],
			"to": [ 0, 15.5, 4.5 ],
			"faces": {
				"down": { "uv": [ 11.5, 13.5, 13, 14 ], "texture": "#1", "cullface": "west", "rotation": 270 },
				"up": { "uv": [ 11.5, 15, 13, 15.5 ], "texture": "#1", "cullface": "west", "rotation": 90 },
				"north": { "uv": [ 13, 15.5, 12.5, 13.5 ], "texture": "#1", "cullface": "west" },
				"south": { "uv": [ 12, 15.5, 11.5, 13.5 ], "texture": "#1", "cullface": "west" },
				"west": { "uv": [ 11.5, 13.5, 13, 15.5 ], "texture": "#1", "cullface": "west", "rotation": 180 }
			}
		},
		{
			"__comment": "Element",
			"from": [ -0.5, 13.5, 5 ],
			"to": [ 0, 15.5, 7 ],
			"faces": {
				"down": { "uv": [ 11, 13.5, 9, 14 ], "texture": "#1", "cullface": "west", "rotation": 270 },
				"up": { "uv": [ 11, 15, 9, 15.5 ], "texture": "#1", "cullface": "west", "rotation": 90 },
				"north": { "uv": [ 11, 15.5, 10.5, 13.5 ], "texture": "#1", "cullface": "west" },
				"south": { "uv": [ 9.5, 15.5, 9, 13.5 ], "texture": "#1", "cullface": "west" },
				"west": { "uv": [ 9, 13.5, 11, 15.5 ], "texture": "#1", "cullface": "west", "rotation": 180 }
			}
		},
		{
			"__comment": "Element",
			"from": [ -0.5, 13.5, 7.5 ],
			"to": [ 0, 15.5, 8.5 ],
			"faces": {
				"down": { "uv": [ 8.5, 13.5, 7.5, 14 ], "texture": "#1", "cullface": "west", "rotation": 270 },
				"up": { "uv": [ 8.5, 15, 7.5, 15.5 ], "texture": "#1", "cullface": "west", "rotation": 90 },
				"north": { "uv": [ 8.5, 15.5, 8, 13.5 ], "texture": "#1", "cullface": "west" },
				"south": { "uv": [ 8, 15.5, 7.5, 13.5 ], "texture": "#1", "cullface": "west" },
				"west": { "uv": [ 7.5, 13.5, 8.5, 15.5 ], "texture": "#1", "cullface": "west", "rotation": 180 }
			}
		},
		{
			"__comment": "Element",
			"from": [ -0.5, 13.5, 9 ],
			"to": [ 0, 15.5, 11 ],
			"faces": {
				"down": { "uv": [ 7, 13.5, 5, 14 ], "texture": "#1", "cullface": "west", "rotation": 270 },
				"up": { "uv": [ 7, 15, 5, 15.5 ], "texture": "#1", "cullface": "west", "rotation": 90 },
				"north": { "uv": [ 7, 15.5, 6.5, 13.5 ], "texture": "#1", "cullface": "west" },
				"south": { "uv": [ 5.5, 15.5, 5, 13.5 ], "texture": "#1", "cullface": "west" },
				"west": { "uv": [ 5, 13.5, 7, 15.5 ], "texture": "#1", "cullface": "west", "rotation": 180 }
			}
		},
		{
			"__comment": "Element",
			"from": [ -0.5, 13.5, 11.5 ],
			"to": [ 0, 15.5, 13 ],
			"faces": {
				"down": { "uv": [ 3, 13.5, 4.5, 14 ], "texture": "#1", "cullface": "west", "rotation": 270 },
				"up": { "uv": [ 3, 15, 4.5, 15.5 ], "texture": "#1", "cullface": "west", "rotation": 90 },
				"north": { "uv": [ 4.5, 15.5, 4, 13.5 ], "texture": "#1", "cullface": "west" },
				"south": { "uv": [ 3.5, 15.5, 3, 13.5 ], "texture": "#1", "cullface": "west" },
				"west": { "uv": [ 3, 13.5, 4.5, 15.5 ], "texture": "#1", "cullface": "west", "rotation": 180 }
			}
		},
		{
			"__comment": "Element",
			"from": [ -0.5, 13.5, 13.5 ],
			"to": [ 16.5, 15.5, 15.5 ],
			"faces": {
				"down": { "uv": [ 0.5, 13.5, 2.5, 14 ], "texture": "#1", "rotation": 90 },
				"up": { "uv": [ 0.5, 13.5, 2.5, 15.5 ], "texture": "#1", "rotation": 270 },
				"north": { "uv": [ 2.5, 15.5, 0.5, 13.5 ], "texture": "#1" },
				"south": { "uv": [ 1, 15.5, 0.5, 13.5 ], "texture": "#1" },
				"west": { "uv": [ 0.5, 13.5, 2.5, 15.5 ], "texture": "#1", "cullface": "west", "rotation": 180 },
				"east": { "uv": [ 13.5, 13.5, 15.5, 15.5 ], "texture": "#1", "cullface": "east", "rotation": 180 }
			}
		},
		{
			"__comment": "Element",
			"from": [ -0.5, 13.5, 0.5 ],
			"to": [ 16.5, 15.5, 2.5 ],
			"faces": {
				"down": { "uv": [ 13.5, 13.5, 15.5, 14 ], "texture": "#1", "rotation": 90 },
				"up": { "uv": [ 13.5, 13.5, 15.5, 15.5 ], "texture": "#1", "rotation": 270 },
				"north": { "uv": [ 15.5, 15.5, 15, 13.5 ], "texture": "#1" },
				"south": { "uv": [ 15.5, 15.5, 13.5, 13.5 ], "texture": "#1" },
				"west": { "uv": [ 13.5, 13.5, 15.5, 15.5 ], "texture": "#1", "cullface": "west", "rotation": 180 },
				"east": { "uv": [ 0.5, 13.5, 2.5, 15.5 ], "texture": "#1", "cullface": "east", "rotation": 180 }
			}
		},
		{
			"__comment": "Element",
			"from": [ 0.5, 12.5, 13.5 ],
			"to": [ 2.5, 16.5, 15.5 ],
			"faces": {
				"down": { "uv": [ 0.5, 0.5, 2.5, 2.5 ], "texture": "#0" },
				"up": { "uv": [ 0.5, 13.5, 2.5, 15.5 ], "texture": "#0" },
				"north": { "uv": [ 2.5, 2.5, 0.5, 2 ], "texture": "#0" },
				"south": { "uv": [ 2.5, 1, 0.5, 0.5 ], "texture": "#0" },
				"west": { "uv": [ 0.5, 0.5, 1, 2.5 ], "texture": "#0", "rotation": 270 },
				"east": { "uv": [ 2, 0.5, 2.5, 2.5 ], "texture": "#0", "rotation": 270 }
			}
		},
		{
			"__comment": "Element",
			"from": [ 13.5, 12.5, 13.5 ],
			"to": [ 15.5, 16.5, 15.5 ],
			"faces": {
				"down": { "uv": [ 13.5, 0.5, 15.5, 2.5 ], "texture": "#0" },
				"up": { "uv": [ 13.5, 13.5, 15.5, 15.5 ], "texture": "#0" },
				"north": { "uv": [ 15.5, 2.5, 13.5, 2 ], "texture": "#0" },
				"south": { "uv": [ 15.5, 1, 13.5, 0.5 ], "texture": "#0" },
				"west": { "uv": [ 13.5, 2.5, 14, 0.5 ], "texture": "#0", "rotation": 270 },
				"east": { "uv": [ 15, 0.5, 15.5, 2.5 ], "texture": "#0", "rotation": 90 }
			}
		},
		{
			"__comment": "Element",
			"from": [ 13.5, 12.5, 0.5 ],
			"to": [ 15.5, 16.5, 2.5 ],
			"faces": {
				"down": { "uv": [ 13.5, 13.5, 15.5, 15.5 ], "texture": "#0" },
				"up": { "uv": [ 13.5, 0.5, 15.5, 2.5 ], "texture": "#0" },
				"north": { "uv": [ 15.5, 15.5, 13.5, 15 ], "texture": "#0" },
				"south": { "uv": [ 13.5, 14, 15.5, 13.5 ], "texture": "#0" },
				"west": { "uv": [ 13.5, 15.5, 14, 13.5 ], "texture": "#0", "rotation": 270 },
				"east": { "uv": [ 15, 13.5, 15.5, 15.5 ], "texture": "#0", "rotation": 90 }
			}
		},
		{
			"__comment": "Element",
			"from": [ 0.5, 12.5, 0.5 ],
			"to": [ 2.5, 16.5, 2.5 ],
			"faces": {
				"down": { "uv": [ 0.5, 13.5, 2.5, 15.5 ], "texture": "#0" },
				"up": { "uv": [ 0.5, 0.5, 2.5, 2.5 ], "texture": "#0" },
				"north": { "uv": [ 2.5, 15.5, 0.5, 15 ], "texture": "#0" },
				"south": { "uv": [ 0.5, 14, 2.5, 13.5 ], "texture": "#0" },
				"west": { "uv": [ 0.5, 15.5, 1, 13.5 ], "texture": "#0", "rotation": 270 },
				"east": { "uv": [ 2, 15.5, 2.5, 13.5 ], "texture": "#0", "rotation": 90 }
			}
		},
		{
			"__comment": "Element",
			"from": [ 3, 12.5, 13.5 ],
			"to": [ 4.5, 16.5, 15.5 ],
			"faces": {
				"down": { "uv": [ 3, 0.5, 4.5, 2.5 ], "texture": "#0" },
				"up": { "uv": [ 3, 13.5, 4.5, 15.5 ], "texture": "#0" },
				"north": { "uv": [ 4.5, 2.5, 3, 2 ], "texture": "#0" },
				"south": { "uv": [ 3, 1, 4.5, 0.5 ], "texture": "#0" },
				"west": { "uv": [ 3, 2.5, 3.5, 0.5 ], "texture": "#0", "rotation": 270 },
				"east": { "uv": [ 4, 0.5, 4.5, 2.5 ], "texture": "#0", "rotation": 270 }
			}
		},
		{
			"__comment": "Element",
			"from": [ 5, 12.5, 13.5 ],
			"to": [ 7, 16.5, 15.5 ],
			"faces": {
				"down": { "uv": [ 5, 0.5, 7, 2.5 ], "texture": "#0" },
				"up": { "uv": [ 5, 13.5, 7, 15.5 ], "texture": "#0" },
				"north": { "uv": [ 7, 2.5, 5, 2 ], "texture": "#0" },
				"south": { "uv": [ 5, 1, 7, 0.5 ], "texture": "#0" },
				"west": { "uv": [ 5, 2.5, 5.5, 0.5 ], "texture": "#0", "rotation": 270 },
				"east": { "uv": [ 6.5, 0.5, 7, 2.5 ], "texture": "#0", "rotation": 270 }
			}
		},
		{
			"__comment": "Element",
			"from": [ 7.5, 12.5, 13.5 ],
			"to": [ 8.5, 16.5, 15.5 ],
			"faces": {
				"down": { "uv": [ 7.5, 0.5, 8.5, 2.5 ], "texture": "#0" },
				"up": { "uv": [ 7.5, 13.5, 8.5, 15.5 ], "texture": "#0" },
				"north": { "uv": [ 8.5, 2.5, 7.5, 2 ], "texture": "#0" },
				"south": { "uv": [ 7.5, 1, 8.5, 0.5 ], "texture": "#0" },
				"west": { "uv": [ 7.5, 2.5, 8, 0.5 ], "texture": "#0", "rotation": 270 },
				"east": { "uv": [ 8, 0.5, 8.5, 2.5 ], "texture": "#0", "rotation": 270 }
			}
		},
		{
			"__comment": "Element",
			"from": [ 9, 12.5, 13.5 ],
			"to": [ 11, 16.5, 15.5 ],
			"faces": {
				"down": { "uv": [ 9, 0.5, 11, 2.5 ], "texture": "#0" },
				"up": { "uv": [ 9, 13.5, 11, 15.5 ], "texture": "#0" },
				"north": { "uv": [ 11, 2.5, 9, 2 ], "texture": "#0" },
				"south": { "uv": [ 11, 1, 9, 0.5 ], "texture": "#0" },
				"west": { "uv": [ 9, 2.5, 9.5, 0.5 ], "texture": "#0", "rotation": 270 },
				"east": { "uv": [ 10.5, 0.5, 11, 2.5 ], "texture": "#0", "rotation": 270 }
			}
		},
		{
			"__comment": "Element",
			"from": [ 11.5, 12.5, 13.5 ],
			"to": [ 13, 16.5, 15.5 ],
			"faces": {
				"down": { "uv": [ 11.5, 0.5, 13, 2.5 ], "texture": "#0" },
				"up": { "uv": [ 11.5, 13.5, 13, 15.5 ], "texture": "#0" },
				"north": { "uv": [ 13, 2.5, 11.5, 2 ], "texture": "#0" },
				"south": { "uv": [ 13, 1, 11.5, 0.5 ], "texture": "#0" },
				"west": { "uv": [ 11.5, 2.5, 12, 0.5 ], "texture": "#0", "rotation": 270 },
				"east": { "uv": [ 12.5, 0.5, 13, 2.5 ], "texture": "#0", "rotation": 270 }
			}
		},
		{
			"__comment": "Element",
			"from": [ 13.5, 12.5, 11.5 ],
			"to": [ 15.5, 16.5, 13 ],
			"faces": {
				"down": { "uv": [ 15.5, 4.5, 13.5, 3 ], "texture": "#0", "rotation": 180 },
				"up": { "uv": [ 13.5, 11.5, 15.5, 13 ], "texture": "#0" },
				"north": { "uv": [ 13.5, 4.5, 15.5, 4 ], "texture": "#0", "rotation": 180 },
				"south": { "uv": [ 15.5, 3, 13.5, 3.5 ], "texture": "#0", "rotation": 180 },
				"west": { "uv": [ 13.5, 3, 14, 4.5 ], "texture": "#0", "rotation": 270 },
				"east": { "uv": [ 15, 3, 15.5, 4.5 ], "texture": "#0", "rotation": 270 }
			}
		},
		{
			"__comment": "Element",
			"from": [ 13.5, 12.5, 9 ],
			"to": [ 15.5, 16.5, 11 ],
			"faces": {
				"down": { "uv": [ 13.5, 5, 15.5, 7 ], "texture": "#0" },
				"up": { "uv": [ 13.5, 9, 15.5, 11 ], "texture": "#0" },
				"north": { "uv": [ 15.5, 7, 13.5, 6.5 ], "texture": "#0" },
				"south": { "uv": [ 15.5, 5, 13.5, 5.5 ], "texture": "#0", "rotation": 180 },
				"west": { "uv": [ 13.5, 7, 14, 5 ], "texture": "#0", "rotation": 270 },
				"east": { "uv": [ 15, 5, 15.5, 7 ], "texture": "#0", "rotation": 270 }
			}
		},
		{
			"__comment": "Element",
			"from": [ 13.5, 12.5, 7.5 ],
			"to": [ 15.5, 16.5, 8.5 ],
			"faces": {
				"down": { "uv": [ 13.5, 7.5, 15.5, 8.5 ], "texture": "#0" },
				"up": { "uv": [ 13.5, 7.5, 15.5, 8.5 ], "texture": "#0" },
				"north": { "uv": [ 15.5, 8.5, 13.5, 8 ], "texture": "#0" },
				"south": { "uv": [ 15.5, 7.5, 13.5, 8 ], "texture": "#0", "rotation": 180 },
				"west": { "uv": [ 13.5, 7.5, 14, 8.5 ], "texture": "#0", "rotation": 90 },
				"east": { "uv": [ 15, 7.5, 15.5, 8.5 ], "texture": "#0", "rotation": 270 }
			}
		},
		{
			"__comment": "Element",
			"from": [ 13.5, 12.5, 5 ],
			"to": [ 15.5, 16.5, 7 ],
			"faces": {
				"down": { "uv": [ 13.5, 9, 15.5, 11 ], "texture": "#0" },
				"up": { "uv": [ 13.5, 5, 15.5, 7 ], "texture": "#0" },
				"north": { "uv": [ 15.5, 11, 13.5, 10.5 ], "texture": "#0" },
				"south": { "uv": [ 15.5, 9, 13.5, 9.5 ], "texture": "#0", "rotation": 180 },
				"west": { "uv": [ 13.5, 9, 14, 11 ], "texture": "#0", "rotation": 270 },
				"east": { "uv": [ 15, 9, 15.5, 11 ], "texture": "#0", "rotation": 270 }
			}
		},
		{
			"__comment": "Element",
			"from": [ 13.5, 12.5, 3 ],
			"to": [ 15.5, 16.5, 4.5 ],
			"faces": {
				"down": { "uv": [ 13.5, 11.5, 15.5, 13 ], "texture": "#0" },
				"up": { "uv": [ 13.5, 3, 15.5, 4.5 ], "texture": "#0" },
				"north": { "uv": [ 15.5, 13, 13.5, 12.5 ], "texture": "#0" },
				"south": { "uv": [ 15.5, 11.5, 13.5, 12 ], "texture": "#0", "rotation": 180 },
				"west": { "uv": [ 13.5, 11.5, 14, 13 ], "texture": "#0", "rotation": 270 },
				"east": { "uv": [ 15, 11.5, 15.5, 13 ], "texture": "#0", "rotation": 270 }
			}
		},
		{
			"__comment": "Element",
			"from": [ 3, 12.5, 0.5 ],
			"to": [ 4.5, 16.5, 2.5 ],
			"faces": {
				"down": { "uv": [ 3, 13.5, 4.5, 15.5 ], "texture": "#0" },
				"up": { "uv": [ 3, 0.5, 4.5, 2.5 ], "texture": "#0" },
				"north": { "uv": [ 4.5, 15.5, 3, 15 ], "texture": "#0" },
				"south": { "uv": [ 3, 14, 4.5, 13.5 ], "texture": "#0" },
				"west": { "uv": [ 3, 15.5, 3.5, 13.5 ], "texture": "#0", "rotation": 270 },
				"east": { "uv": [ 4, 13.5, 4.5, 15.5 ], "texture": "#0", "rotation": 270 }
			}
		},
		{
			"__comment": "Element",
			"from": [ 5, 12.5, 0.5 ],
			"to": [ 7, 16.5, 2.5 ],
			"faces": {
				"down": { "uv": [ 5, 13.5, 7, 15.5 ], "texture": "#0" },
				"up": { "uv": [ 5, 0.5, 7, 2.5 ], "texture": "#0" },
				"north": { "uv": [ 7, 15.5, 5, 15 ], "texture": "#0" },
				"south": { "uv": [ 5, 14, 7, 13.5 ], "texture": "#0" },
				"west": { "uv": [ 5, 15.5, 5.5, 13.5 ], "texture": "#0", "rotation": 270 },
				"east": { "uv": [ 6.5, 13.5, 7, 15.5 ], "texture": "#0", "rotation": 270 }
			}
		},
		{
			"__comment": "Element",
			"from": [ 7.5, 12.5, 0.5 ],
			"to": [ 8.5, 16.5, 2.5 ],
			"faces": {
				"down": { "uv": [ 7.5, 13.5, 8.5, 15.5 ], "texture": "#0" },
				"up": { "uv": [ 7.5, 0.5, 8.5, 2.5 ], "texture": "#0" },
				"north": { "uv": [ 8.5, 15.5, 7.5, 15 ], "texture": "#0" },
				"south": { "uv": [ 7.5, 14, 8.5, 13.5 ], "texture": "#0" },
				"west": { "uv": [ 7.5, 15.5, 8, 13.5 ], "texture": "#0", "rotation": 270 },
				"east": { "uv": [ 8, 13.5, 8.5, 15.5 ], "texture": "#0", "rotation": 270 }
			}
		},
		{
			"__comment": "Element",
			"from": [ 9, 12.5, 0.5 ],
			"to": [ 11, 16.5, 2.5 ],
			"faces": {
				"down": { "uv": [ 9, 13.5, 11, 15.5 ], "texture": "#0" },
				"up": { "uv": [ 9, 0.5, 11, 2.5 ], "texture": "#0" },
				"north": { "uv": [ 11, 15.5, 9, 15 ], "texture": "#0" },
				"south": { "uv": [ 9, 14, 11, 13.5 ], "texture": "#0" },
				"west": { "uv": [ 9, 15.5, 9.5, 13.5 ], "texture": "#0", "rotation": 270 },
				"east": { "uv": [ 10.5, 13.5, 11, 15.5 ], "texture": "#0", "rotation": 270 }
			}
		},
		{
			"__comment": "Element",
			"from": [ 11.5, 12.5, 0.5 ],
			"to": [ 13, 16.5, 2.5 ],
			"faces": {
				"down": { "uv": [ 11.5, 13.5, 13, 15.5 ], "texture": "#0" },
				"up": { "uv": [ 11.5, 0.5, 13, 2.5 ], "texture": "#0" },
				"north": { "uv": [ 13, 15.5, 11.5, 15 ], "texture": "#0" },
				"south": { "uv": [ 11.5, 14, 13, 13.5 ], "texture": "#0" },
				"west": { "uv": [ 11.5, 15.5, 12, 13.5 ], "texture": "#0", "rotation": 270 },
				"east": { "uv": [ 12.5, 13.5, 13, 15.5 ], "texture": "#0", "rotation": 270 }
			}
		},
		{
			"__comment": "Element",
			"from": [ 0.5, 12.5, 11.5 ],
			"to": [ 2.5, 16.5, 13 ],
			"faces": {
				"down": { "uv": [ 2.5, 4.5, 0.5, 3 ], "texture": "#0", "rotation": 180 },
				"up": { "uv": [ 0.5, 11.5, 2.5, 13 ], "texture": "#0" },
				"north": { "uv": [ 0.5, 4.5, 2.5, 4 ], "texture": "#0", "rotation": 180 },
				"south": { "uv": [ 2.5, 3, 0.5, 3.5 ], "texture": "#0", "rotation": 180 },
				"west": { "uv": [ 0.5, 3, 1, 4.5 ], "texture": "#0", "rotation": 270 },
				"east": { "uv": [ 2, 3, 2.5, 4.5 ], "texture": "#0", "rotation": 270 }
			}
		},
		{
			"__comment": "Element",
			"from": [ 0.5, 12.5, 9 ],
			"to": [ 2.5, 16.5, 11 ],
			"faces": {
				"down": { "uv": [ 0.5, 5, 2.5, 7 ], "texture": "#0" },
				"up": { "uv": [ 0.5, 9, 2.5, 11 ], "texture": "#0" },
				"north": { "uv": [ 2.5, 7, 0.5, 6.5 ], "texture": "#0" },
				"south": { "uv": [ 2.5, 5, 0.5, 5.5 ], "texture": "#0", "rotation": 180 },
				"west": { "uv": [ 0.5, 7, 1, 5 ], "texture": "#0", "rotation": 270 },
				"east": { "uv": [ 2, 5, 2.5, 7 ], "texture": "#0", "rotation": 270 }
			}
		},
		{
			"__comment": "Element",
			"from": [ 0.5, 12.5, 7.5 ],
			"to": [ 2.5, 16.5, 8.5 ],
			"faces": {
				"down": { "uv": [ 0.5, 7.5, 2.5, 8.5 ], "texture": "#0" },
				"up": { "uv": [ 0.5, 7.5, 2.5, 8.5 ], "texture": "#0" },
				"north": { "uv": [ 2.5, 8.5, 0.5, 8 ], "texture": "#0" },
				"south": { "uv": [ 2.5, 7.5, 0.5, 8 ], "texture": "#0", "rotation": 180 },
				"west": { "uv": [ 0.5, 7.5, 1, 8.5 ], "texture": "#0", "rotation": 90 },
				"east": { "uv": [ 2, 7.5, 2.5, 8.5 ], "texture": "#0", "rotation": 270 }
			}
		},
		{
			"__comment": "Element",
			"from": [ 0.5, 12.5, 5 ],
			"to": [ 2.5, 16.5, 7 ],
			"faces": {
				"down": { "uv": [ 0.5, 9, 2.5, 11 ], "texture": "#0" },
				"up": { "uv": [ 0.5, 5, 2.5, 7 ], "texture": "#0" },
				"north": { "uv": [ 2.5, 11, 0.5, 10.5 ], "texture": "#0" },
				"south": { "uv": [ 2.5, 9, 0.5, 9.5 ], "texture": "#0", "rotation": 180 },
				"west": { "uv": [ 0.5, 9, 1, 11 ], "texture": "#0", "rotation": 270 },
				"east": { "uv": [ 2, 9, 2.5, 11 ], "texture": "#0", "rotation": 270 }
			}
		},
		{
			"__comment": "Element",
			"from": [ 0.5, 12.5, 3 ],
			"to": [ 2.5, 16.5, 4.5 ],
			"faces": {
				"down": { "uv": [ 0.5, 11.5, 2.5, 13 ], "texture": "#0" },
				"up": { "uv": [ 0.5, 3, 2.5, 4.5 ], "texture": "#0" },
				"north": { "uv": [ 2.5, 13, 0.5, 12.5 ], "texture": "#0" },
				"south": { "uv": [ 2.5, 11.5, 0.5, 12 ], "texture": "#0", "rotation": 180 },
				"west": { "uv": [ 0.5, 11.5, 1, 13 ], "texture": "#0", "rotation": 270 },
				"east": { "uv": [ 2, 11.5, 2.5, 13 ], "texture": "#0", "rotation": 270 }
			}
		}
	]
}