{
	"__comment": "Created by Filal",
	"textures": {
		"particle": "block/iron_trapdoor",
		"0": "block/iron_trapdoor",
		"1": "block/iron_trapdoor_edge"
	},
	"elements": [ 	 
		{
			"from": [ 0, 0, 0 ],
			"to": [ 16, 3, 3 ],
			"faces": {
				"down": { "uv": [ 0, 13, 16, 16 ], "texture": "#0", "cullface": "down" },
				"up": { "uv": [ 0, 0, 16, 3 ], "texture": "#0" },
				"north": { "uv": [ 0, 13, 16, 16 ], "texture": "#1", "cullface": "north" },
				"south": { "uv": [ 0, 13, 16, 16 ], "texture": "#1" },
				"west": { "uv": [ 0, 13, 3, 16 ], "texture": "#1", "cullface": "west" },
				"east": { "uv": [ 13, 13, 16, 16 ], "texture": "#1", "cullface": "east" }
			}
		},
		{
			"from": [ 0, 0, 13 ],
			"to": [ 16, 3, 16 ],
			"faces": {
				"down": { "uv": [ 0, 0, 16, 3 ], "texture": "#0", "cullface": "down" },
				"up": { "uv": [ 0, 13, 16, 16 ], "texture": "#0" },
				"north": { "uv": [ 0, 13, 16, 16 ], "texture": "#1" },
				"south": { "uv": [ 0, 13, 16, 16 ], "texture": "#1", "cullface": "south" },
				"west": { "uv": [ 13, 13, 16, 16 ], "texture": "#1", "cullface": "west" },
				"east": { "uv": [ 0, 13, 3, 16 ], "texture": "#1", "cullface": "east" }
			}
		},
		{
			"from": [ 13, 0, 3 ],
			"to": [ 16, 3, 13 ],
			"faces": {
				"down": { "uv": [ 13, 3, 16, 13 ], "texture": "#0", "cullface": "down" },
				"up": { "uv": [ 13, 3, 16, 13 ], "texture": "#0" },
				"west": { "uv": [ 3, 13, 13, 16 ], "texture": "#1" },
				"east": { "uv": [ 3, 13, 13, 16 ], "texture": "#1", "cullface": "east" }
			}
		},
		{
			"from": [ 0, 0, 3 ],
			"to": [ 3, 3, 13 ],
			"faces": {
				"down": { "uv": [ 0, 3, 3, 13 ], "texture": "#0", "cullface": "down" },
				"up": { "uv": [ 0, 3, 3, 13 ], "texture": "#0" },
				"west": { "uv": [ 3, 13, 13, 16 ], "texture": "#1", "cullface": "west" },
				"east": { "uv": [ 3, 13, 13, 16 ], "texture": "#1" }
			}
		},
		{
			"from": [ 3, 1, 3 ],
			"to": [ 13, 2, 4 ],
			"faces": {
				"down": { "uv": [ 3, 12, 13, 13 ], "texture": "#0" },
				"up": { "uv": [ 3, 3, 13, 4 ], "texture": "#0" },
				"south": { "uv": [ 3, 10, 13, 11 ], "texture": "#1" }
			}
		},
		{
			"from": [ 3, 1, 12 ],
			"to": [ 13, 2, 13 ],
			"faces": {
				"down": { "uv": [ 3, 3, 13, 4 ], "texture": "#0" },
				"up": { "uv": [ 3, 12, 13, 13 ], "texture": "#0" },
				"north": { "uv": [ 3, 10, 13, 11 ], "texture": "#1" }
			}
		},
		{
			"from": [ 3, 1, 4 ],
			"to": [ 4, 2, 12 ],
			"faces": {
				"down": { "uv": [ 3, 4, 4, 12 ], "texture": "#0" },
				"up": { "uv": [ 3, 4, 4, 12 ], "texture": "#0" },
				"east": { "uv": [ 4, 10, 12, 11 ], "texture": "#1" }
			}
		},
		{
			"from": [ 12, 1, 4 ],
			"to": [ 13, 2, 12 ],
			"faces": {
				"down": { "uv": [ 12, 4, 13, 12 ], "texture": "#0" },
				"up": { "uv": [ 12, 4, 13, 12 ], "texture": "#0" },
				"west": { "uv": [ 4, 10, 12, 11 ], "texture": "#1" }
			}
		},
		{
			"from": [ 3, 0.5, 3 ],
			"to": [ 13, 2.5, 3.5 ],
			"faces": {
				"down": { "uv": [ 3, 3, 13, 3.5 ], "texture": "#0" },
				"up": { "uv": [ 3, 3, 13, 3.5 ], "texture": "#0" },
				"south": { "uv": [ 3, 3, 13, 3.5 ], "texture": "#0" }
			}
		},
		{
			"from": [ 3, 0.5, 12.5 ],
			"to": [ 13, 2.5, 13 ],
			"faces": {
				"down": { "uv": [ 3, 3, 13, 3.5 ], "texture": "#0" },
				"up": { "uv": [ 3, 12.5, 13, 13 ], "texture": "#0" },
				"north": { "uv": [ 13, 12.5, 3, 13 ], "texture": "#0" }
			}
		},
		{
			"from": [ 3, 0.5, 3.5 ],
			"to": [ 3.5, 2.5, 12.5 ],
			"faces": {
				"down": { "uv": [ 12.5, 3.5, 13, 12.5 ], "texture": "#0" },
				"up": { "uv": [ 3, 3.5, 3.5, 12.5 ], "texture": "#0" },
				"east": { "uv": [ 3, 3.5, 3.5, 12.5 ], "texture": "#0", "rotation": 90 }
			}
		},
		{
			"from": [ 12.5, 0.5, 3.5 ],
			"to": [ 13, 2.5, 12.5 ],
			"faces": {
				"down": { "uv": [ 3, 3.5, 3.5, 12.5 ], "texture": "#0" },
				"up": { "uv": [ 12.5, 3.5, 13, 12.5 ], "texture": "#0" },
				"west": { "uv": [ 12.5, 12.5, 13, 3.5 ], "texture": "#0", "rotation": 90 }
			}
		},
		{
			"from": [ 4.5, 1, 4 ],
			"to": [ 5.5, 2, 12 ],
			"faces": {
				"down": { "uv": [ 5.5, 12, 4.5, 4 ], "texture": "#0" },
				"up": { "uv": [ 4.5, 4, 5.5, 12 ], "texture": "#0" },
				"west": { "uv": [ 4.5, 12, 5.5, 4 ], "texture": "#0", "rotation": 90 },
				"east": { "uv": [ 5.5, 4, 4.5, 12 ], "texture": "#0", "rotation": 90 }
			}
		},
		{
			"from": [ 6.5, 1, 4 ],
			"to": [ 7.5, 2, 12 ],
			"faces": {
				"down": { "uv": [ 7.5, 12, 6.5, 4 ], "texture": "#0" },
				"up": { "uv": [ 6.5, 4, 7.5, 12 ], "texture": "#0" },
				"west": { "uv": [ 6.5, 12, 7.5, 4 ], "texture": "#0", "rotation": 90 },
				"east": { "uv": [ 7.5, 4, 6.5, 12 ], "texture": "#0", "rotation": 90 }
			}
		},
		{
			"from": [ 8.5, 1, 4 ],
			"to": [ 9.5, 2, 12 ],
			"faces": {
				"down": { "uv": [ 9.5, 12, 8.5, 4 ], "texture": "#0" },
				"up": { "uv": [ 8.5, 4, 9.5, 12 ], "texture": "#0" },
				"west": { "uv": [ 8.5, 12, 9.5, 4 ], "texture": "#0", "rotation": 90 },
				"east": { "uv": [ 9.5, 4, 8.5, 12 ], "texture": "#0", "rotation": 90 }
			}
		},
		{
			"from": [ 10.5, 1, 4 ],
			"to": [ 11.5, 2, 12 ],
			"faces": {
				"down": { "uv": [ 11.5, 12, 10.5, 4 ], "texture": "#0" },
				"up": { "uv": [ 10.5, 4, 11.5, 12 ], "texture": "#0" },
				"west": { "uv": [ 10.5, 12, 11.5, 4 ], "texture": "#0", "rotation": 90 },
				"east": { "uv": [ 11.5, 4, 10.5, 12 ], "texture": "#0", "rotation": 90 }
			}
		},
		{
			"from": [ 4, 1, 4.5 ],
			"to": [ 12, 2, 5.5 ],
			"faces": {
				"down": { "uv": [ 4, 5.5, 12, 4.5 ], "texture": "#0" },
				"up": { "uv": [ 4, 4.5, 12, 5.5 ], "texture": "#0" },
				"north": { "uv": [ 12, 4.5, 4, 5.5 ], "texture": "#0" },
				"south": { "uv": [ 4, 5.5, 12, 4.5 ], "texture": "#0" }
			}
		},
		{
			"from": [ 4, 1, 6.5 ],
			"to": [ 12, 2, 7.5 ],
			"faces": {
				"down": { "uv": [ 4, 7.5, 12, 6.5 ], "texture": "#0" },
				"up": { "uv": [ 4, 6.5, 12, 7.5 ], "texture": "#0" },
				"north": { "uv": [ 12, 6.5, 4, 7.5 ], "texture": "#0" },
				"south": { "uv": [ 4, 7.5, 12, 6.5 ], "texture": "#0" }
			}
		},
		{
			"from": [ 4, 1, 8.5 ],
			"to": [ 12, 2, 9.5 ],
			"faces": {
				"down": { "uv": [ 4, 9.5, 12, 8.5 ], "texture": "#0" },
				"up": { "uv": [ 4, 8.5, 12, 9.5 ], "texture": "#0" },
				"north": { "uv": [ 12, 8.5, 4, 9.5 ], "texture": "#0" },
				"south": { "uv": [ 4, 9.5, 12, 8.5 ], "texture": "#0" }
			}
		},
		{
			"from": [ 4, 1, 10.5 ],
			"to": [ 12, 2, 11.5 ],
			"faces": {
				"down": { "uv": [ 4, 11.5, 12, 10.5 ], "texture": "#0" },
				"up": { "uv": [ 4, 10.5, 12, 11.5 ], "texture": "#0" },
				"north": { "uv": [ 12, 10.5, 4, 11.5 ], "texture": "#0" },
				"south": { "uv": [ 4, 10.5, 12, 11.5 ], "texture": "#0" },
				"west": { "uv": [ 10.5, 14, 11.5, 15 ], "texture": "#0" },
				"east": { "uv": [ 4.5, 14, 5.5, 15 ], "texture": "#0" }
			}
		},
		{
			"from": [ 0.5, 0.5, -0.5 ],
			"to": [ 2.5, 2.5, 16.5 ],
			"faces": {
				"down": { "uv": [ 0.5, 15, 2.5, 15.5 ], "texture": "#1" },
				"up": { "uv": [ 0.5, 13.5, 2.5, 14 ], "texture": "#1" },
				"north": { "uv": [ 13.5, 13.5, 15.5, 15.5 ], "texture": "#1", "cullface": "north" },
				"south": { "uv": [ 0.5, 13.5, 2.5, 15.5 ], "texture": "#1", "cullface": "south" },
				"west": { "uv": [ 0.5, 13.5, 1, 15.5 ], "texture": "#1" },
				"east": { "uv": [ 2, 13.5, 2.5, 15.5 ], "texture": "#1" }
			}
		},
		{
			"from": [ 13.5, 0.5, -0.5 ],
			"to": [ 15.5, 2.5, 16.5 ],
			"faces": {
				"down": { "uv": [ 13.5, 15, 15.5, 15.5 ], "texture": "#1" },
				"up": { "uv": [ 13.5, 13.5, 15.5, 14 ], "texture": "#1" },
				"north": { "uv": [ 0.5, 13.5, 2.5, 15.5 ], "texture": "#1", "cullface": "north" },
				"south": { "uv": [ 13.5, 13.5, 15.5, 15.5 ], "texture": "#1", "cullface": "south" },
				"west": { "uv": [ 13.5, 13.5, 14, 15.5 ], "texture": "#1" },
				"east": { "uv": [ 15, 13.5, 15.5, 15.5 ], "texture": "#1" }
			}
		},
		{
			"from": [ 3, 0.5, -0.5 ],
			"to": [ 4.5, 2.5, 0 ],
			"faces": {
				"down": { "uv": [ 11.5, 15, 13, 15.5 ], "texture": "#1", "cullface": "north" },
				"up": { "uv": [ 11.5, 13.5, 13, 14 ], "texture": "#1", "cullface": "north" },
				"north": { "uv": [ 11.5, 13.5, 13, 15.5 ], "texture": "#1", "cullface": "north" },
				"west": { "uv": [ 12.5, 13.5, 13, 15.5 ], "texture": "#1", "cullface": "north" },
				"east": { "uv": [ 11.5, 13.5, 12, 15.5 ], "texture": "#1", "cullface": "north" }
			}
		},
		{
			"from": [ 11.5, 0.5, -0.5 ],
			"to": [ 13, 2.5, 0 ],
			"faces": {
				"down": { "uv": [ 3, 15, 4.5, 15.5 ], "texture": "#1", "cullface": "north" },
				"up": { "uv": [ 3, 13.5, 4.5, 14 ], "texture": "#1", "cullface": "north" },
				"north": { "uv": [ 3, 13.5, 4.5, 15.5 ], "texture": "#1", "cullface": "north" },
				"west": { "uv": [ 4, 13.5, 4.5, 15.5 ], "texture": "#1", "cullface": "north" },
				"east": { "uv": [ 3, 13.5, 3.5, 15.5 ], "texture": "#1", "cullface": "north" }
			}
		},
		{
			"from": [ 5, 0.5, -0.5 ],
			"to": [ 7, 2.5, 0 ],
			"faces": {
				"down": { "uv": [ 11, 15, 9, 15.5 ], "texture": "#1", "cullface": "north" },
				"up": { "uv": [ 11, 13.5, 9, 14 ], "texture": "#1", "cullface": "north" },
				"north": { "uv": [ 9, 13.5, 11, 15.5 ], "texture": "#1", "cullface": "north" },
				"west": { "uv": [ 10.5, 13.5, 11, 15.5 ], "texture": "#1", "cullface": "north" },
				"east": { "uv": [ 9, 13.5, 9.5, 15.5 ], "texture": "#1", "cullface": "north" }
			}
		},
		{
			"from": [ 9, 0.5, -0.5 ],
			"to": [ 11, 2.5, 0 ],
			"faces": {
				"down": { "uv": [ 7, 15, 5, 15.5 ], "texture": "#1", "cullface": "north" },
				"up": { "uv": [ 7, 13.5, 5, 14 ], "texture": "#1", "cullface": "north" },
				"north": { "uv": [ 5, 13.5, 7, 15.5 ], "texture": "#1", "cullface": "north" },
				"west": { "uv": [ 6.5, 13.5, 7, 15.5 ], "texture": "#1", "cullface": "north" },
				"east": { "uv": [ 5, 13.5, 5.5, 15.5 ], "texture": "#1", "cullface": "north" }
			}
		},
		{
			"from": [ 7.5, 0.5, -0.5 ],
			"to": [ 8.5, 2.5, 0 ],
			"faces": {
				"down": { "uv": [ 8.5, 15, 7.5, 15.5 ], "texture": "#1", "cullface": "north" },
				"up": { "uv": [ 8.5, 13.5, 7.5, 14 ], "texture": "#1", "cullface": "north" },
				"north": { "uv": [ 7.5, 13.5, 8.5, 15.5 ], "texture": "#1", "cullface": "north" },
				"west": { "uv": [ 8, 13.5, 8.5, 15.5 ], "texture": "#1", "cullface": "north" },
				"east": { "uv": [ 7.5, 13.5, 8, 15.5 ], "texture": "#1", "cullface": "north" }
			}
		},
		{
			"from": [ 16, 0.5, 11.5 ],
			"to": [ 16.5, 2.5, 13 ],
			"faces": {
				"down": { "uv": [ 3, 15, 4.5, 15.5 ], "texture": "#1", "cullface": "east", "rotation": 270 },
				"up": { "uv": [ 3, 13.5, 4.5, 14 ], "texture": "#1", "cullface": "east", "rotation": 90 },
				"north": { "uv": [ 4, 13.5, 4.5, 15.5 ], "texture": "#1", "cullface": "east" },
				"south": { "uv": [ 3, 13.5, 3.5, 15.5 ], "texture": "#1", "cullface": "east" },
				"east": { "uv": [ 3, 13.5, 4.5, 15.5 ], "texture": "#1", "cullface": "east" }
			}
		},
		{
			"from": [ 16, 0.5, 9 ],
			"to": [ 16.5, 2.5, 11 ],
			"faces": {
				"down": { "uv": [ 7, 15, 5, 15.5 ], "texture": "#1", "cullface": "east", "rotation": 270 },
				"up": { "uv": [ 7, 13.5, 5, 14 ], "texture": "#1", "cullface": "east", "rotation": 90 },
				"north": { "uv": [ 6.5, 13.5, 7, 15.5 ], "texture": "#1", "cullface": "east" },
				"south": { "uv": [ 5, 13.5, 5.5, 15.5 ], "texture": "#1", "cullface": "east" },
				"east": { "uv": [ 5, 13.5, 7, 15.5 ], "texture": "#1", "cullface": "east" }
			}
		},
		{
			"from": [ 16, 0.5, 7.5 ],
			"to": [ 16.5, 2.5, 8.5 ],
			"faces": {
				"down": { "uv": [ 8.5, 15, 7.5, 15.5 ], "texture": "#1", "cullface": "east", "rotation": 270 },
				"up": { "uv": [ 8.5, 13.5, 7.5, 14 ], "texture": "#1", "cullface": "east", "rotation": 90 },
				"north": { "uv": [ 8, 13.5, 8.5, 15.5 ], "texture": "#1", "cullface": "east" },
				"south": { "uv": [ 7.5, 13.5, 8, 15.5 ], "texture": "#1", "cullface": "east" },
				"east": { "uv": [ 7.5, 13.5, 8.5, 15.5 ], "texture": "#1", "cullface": "east" }
			}
		},
		{
			"from": [ 16, 0.5, 5 ],
			"to": [ 16.5, 2.5, 7 ],
			"faces": {
				"down": { "uv": [ 11, 15, 9, 15.5 ], "texture": "#1", "cullface": "east", "rotation": 270 },
				"up": { "uv": [ 11, 13.5, 9, 14 ], "texture": "#1", "cullface": "east", "rotation": 90 },
				"north": { "uv": [ 10.5, 13.5, 11, 15.5 ], "texture": "#1", "cullface": "east" },
				"south": { "uv": [ 9, 13.5, 9.5, 15.5 ], "texture": "#1", "cullface": "east" },
				"east": { "uv": [ 9, 13.5, 11, 15.5 ], "texture": "#1", "cullface": "east" }
			}
		},
		{
			"from": [ 16, 0.5, 3 ],
			"to": [ 16.5, 2.5, 4.5 ],
			"faces": {
				"down": { "uv": [ 11.5, 15, 13, 15.5 ], "texture": "#1", "cullface": "east", "rotation": 270 },
				"up": { "uv": [ 11.5, 13.5, 13, 14 ], "texture": "#1", "cullface": "east", "rotation": 90 },
				"north": { "uv": [ 12.5, 13.5, 13, 15.5 ], "texture": "#1", "cullface": "east" },
				"south": { "uv": [ 11.5, 13.5, 12, 15.5 ], "texture": "#1", "cullface": "east" },
				"east": { "uv": [ 11.5, 13.5, 13, 15.5 ], "texture": "#1", "cullface": "east" }
			}
		},
		{
			"from": [ 3, 0.5, 16 ],
			"to": [ 4.5, 2.5, 16.5 ],
			"faces": {
				"down": { "uv": [ 3, 15, 4.5, 15.5 ], "texture": "#1", "cullface": "south", "rotation": 180 },
				"up": { "uv": [ 3, 13.5, 4.5, 14 ], "texture": "#1", "cullface": "south", "rotation": 180 },
				"south": { "uv": [ 3, 13.5, 4.5, 15.5 ], "texture": "#1", "cullface": "south" },
				"west": { "uv": [ 3, 13.5, 3.5, 15.5 ], "texture": "#1", "cullface": "south" },
				"east": { "uv": [ 4, 13.5, 4.5, 15.5 ], "texture": "#1", "cullface": "south" }
			}
		},
		{
			"from": [ 5, 0.5, 16 ],
			"to": [ 7, 2.5, 16.5 ],
			"faces": {
				"down": { "uv": [ 7, 15, 5, 15.5 ], "texture": "#1", "cullface": "south", "rotation": 180 },
				"up": { "uv": [ 7, 13.5, 5, 14 ], "texture": "#1", "cullface": "south", "rotation": 180 },
				"south": { "uv": [ 5, 13.5, 7, 15.5 ], "texture": "#1", "cullface": "south" },
				"west": { "uv": [ 5, 13.5, 5.5, 15.5 ], "texture": "#1", "cullface": "south" },
				"east": { "uv": [ 6.5, 13.5, 7, 15.5 ], "texture": "#1", "cullface": "south" }
			}
		},
		{
			"from": [ 7.5, 0.5, 16 ],
			"to": [ 8.5, 2.5, 16.5 ],
			"faces": {
				"down": { "uv": [ 8.5, 15, 7.5, 15.5 ], "texture": "#1", "cullface": "south", "rotation": 180 },
				"up": { "uv": [ 8.5, 13.5, 7.5, 14 ], "texture": "#1", "cullface": "south", "rotation": 180 },
				"south": { "uv": [ 7.5, 13.5, 8.5, 15.5 ], "texture": "#1", "cullface": "south" },
				"west": { "uv": [ 7.5, 13.5, 8, 15.5 ], "texture": "#1", "cullface": "south" },
				"east": { "uv": [ 8, 13.5, 8.5, 15.5 ], "texture": "#1", "cullface": "south" }
			}
		},
		{
			"from": [ 9, 0.5, 16 ],
			"to": [ 11, 2.5, 16.5 ],
			"faces": {
				"down": { "uv": [ 11, 15, 9, 15.5 ], "texture": "#1", "cullface": "south", "rotation": 180 },
				"up": { "uv": [ 11, 13.5, 9, 14 ], "texture": "#1", "cullface": "south", "rotation": 180 },
				"south": { "uv": [ 9, 13.5, 11, 15.5 ], "texture": "#1", "cullface": "south" },
				"west": { "uv": [ 9, 13.5, 9.5, 15.5 ], "texture": "#1", "cullface": "south" },
				"east": { "uv": [ 10.5, 13.5, 11, 15.5 ], "texture": "#1", "cullface": "south" }
			}
		},
		{
			"from": [ 11.5, 0.5, 16 ],
			"to": [ 13, 2.5, 16.5 ],
			"faces": {
				"down": { "uv": [ 11.5, 15, 13, 15.5 ], "texture": "#1", "cullface": "south", "rotation": 180 },
				"up": { "uv": [ 11.5, 13.5, 13, 14 ], "texture": "#1", "cullface": "south", "rotation": 180 },
				"south": { "uv": [ 11.5, 13.5, 13, 15.5 ], "texture": "#1", "cullface": "south" },
				"west": { "uv": [ 11.5, 13.5, 12, 15.5 ], "texture": "#1", "cullface": "south" },
				"east": { "uv": [ 12.5, 13.5, 13, 15.5 ], "texture": "#1", "cullface": "south" }
			}
		},
		{
			"from": [ -0.5, 0.5, 11.5 ],
			"to": [ 0, 2.5, 13 ],
			"faces": {
				"down": { "uv": [ 11.5, 15, 13, 15.5 ], "texture": "#1", "cullface": "west", "rotation": 90 },
				"up": { "uv": [ 11.5, 13.5, 13, 14 ], "texture": "#1", "cullface": "west", "rotation": 270 },
				"north": { "uv": [ 11.5, 13.5, 12, 15.5 ], "texture": "#1", "cullface": "west" },
				"south": { "uv": [ 12.5, 13.5, 13, 15.5 ], "texture": "#1", "cullface": "west" },
				"west": { "uv": [ 11.5, 13.5, 13, 15.5 ], "texture": "#1", "cullface": "west" }
			}
		},
		{
			"from": [ -0.5, 0.5, 9 ],
			"to": [ 0, 2.5, 11 ],
			"faces": {
				"down": { "uv": [ 11, 15, 9, 15.5 ], "texture": "#1", "cullface": "west", "rotation": 90 },
				"up": { "uv": [ 11, 13.5, 9, 14 ], "texture": "#1", "cullface": "west", "rotation": 270 },
				"north": { "uv": [ 9, 13.5, 9.5, 15.5 ], "texture": "#1", "cullface": "west" },
				"south": { "uv": [ 10.5, 13.5, 11, 15.5 ], "texture": "#1", "cullface": "west" },
				"west": { "uv": [ 9, 13.5, 11, 15.5 ], "texture": "#1", "cullface": "west" }
			}
		},
		{
			"from": [ -0.5, 0.5, 7.5 ],
			"to": [ 0, 2.5, 8.5 ],
			"faces": {
				"down": { "uv": [ 8.5, 15, 7.5, 15.5 ], "texture": "#1", "cullface": "west", "rotation": 90 },
				"up": { "uv": [ 8.5, 13.5, 7.5, 14 ], "texture": "#1", "cullface": "west", "rotation": 270 },
				"north": { "uv": [ 7.5, 13.5, 8, 15.5 ], "texture": "#1", "cullface": "west" },
				"south": { "uv": [ 8, 13.5, 8.5, 15.5 ], "texture": "#1", "cullface": "west" },
				"west": { "uv": [ 7.5, 13.5, 8.5, 15.5 ], "texture": "#1", "cullface": "west" }
			}
		},
		{
			"from": [ -0.5, 0.5, 5 ],
			"to": [ 0, 2.5, 7 ],
			"faces": {
				"down": { "uv": [ 7, 15, 5, 15.5 ], "texture": "#1", "cullface": "west", "rotation": 90 },
				"up": { "uv": [ 7, 13.5, 5, 14 ], "texture": "#1", "cullface": "west", "rotation": 270 },
				"north": { "uv": [ 5, 13.5, 5.5, 15.5 ], "texture": "#1", "cullface": "west" },
				"south": { "uv": [ 6.5, 13.5, 7, 15.5 ], "texture": "#1", "cullface": "west" },
				"west": { "uv": [ 5, 13.5, 7, 15.5 ], "texture": "#1", "cullface": "west" }
			}
		},
		{
			"from": [ -0.5, 0.5, 3 ],
			"to": [ 0, 2.5, 4.5 ],
			"faces": {
				"down": { "uv": [ 3, 15, 4.5, 15.5 ], "texture": "#1", "cullface": "west", "rotation": 90 },
				"up": { "uv": [ 3, 13.5, 4.5, 14 ], "texture": "#1", "cullface": "west", "rotation": 270 },
				"north": { "uv": [ 3, 13.5, 3.5, 15.5 ], "texture": "#1", "cullface": "west" },
				"south": { "uv": [ 4, 13.5, 4.5, 15.5 ], "texture": "#1", "cullface": "west" },
				"west": { "uv": [ 3, 13.5, 4.5, 15.5 ], "texture": "#1", "cullface": "west" }
			}
		},
		{
			"from": [ -0.5, 0.5, 0.5 ],
			"to": [ 16.5, 2.5, 2.5 ],
			"faces": {
				"down": { "uv": [ 0.5, 15, 2.5, 15.5 ], "texture": "#1", "rotation": 270 },
				"up": { "uv": [ 0.5, 13.5, 2.5, 14 ], "texture": "#1", "rotation": 90 },
				"north": { "uv": [ 0.5, 13.5, 1, 15.5 ], "texture": "#1" },
				"south": { "uv": [ 2, 13.5, 2.5, 15.5 ], "texture": "#1" },
				"west": { "uv": [ 0.5, 13.5, 2.5, 15.5 ], "texture": "#1", "cullface": "west" },
				"east": { "uv": [ 13.5, 13.5, 15.5, 15.5 ], "texture": "#1", "cullface": "east" }
			}
		},
		{
			"from": [ -0.5, 0.5, 13.5 ],
			"to": [ 16.5, 2.5, 15.5 ],
			"faces": {
				"down": { "uv": [ 13.5, 15, 15.5, 15.5 ], "texture": "#1", "rotation": 270 },
				"up": { "uv": [ 13.5, 13.5, 15.5, 14 ], "texture": "#1", "rotation": 90 },
				"north": { "uv": [ 13.5, 13.5, 14, 15.5 ], "texture": "#1" },
				"south": { "uv": [ 15, 13.5, 15.5, 15.5 ], "texture": "#1" },
				"west": { "uv": [ 13.5, 13.5, 15.5, 15.5 ], "texture": "#1", "cullface": "west" },
				"east": { "uv": [ 0.5, 13.5, 2.5, 15.5 ], "texture": "#1", "cullface": "east" }
			}
		},
		{
			"from": [ 0.5, -0.5, 0.5 ],
			"to": [ 2.5, 3.5, 2.5 ],
			"faces": {
				"down": { "uv": [ 0.5, 13.5, 2.5, 15.5 ], "texture": "#0" },
				"up": { "uv": [ 0.5, 0.5, 2.5, 2.5 ], "texture": "#0", "cullface": "down" },
				"north": { "uv": [ 0.5, 0.5, 2.5, 1 ], "texture": "#0" },
				"south": { "uv": [ 0.5, 2, 2.5, 2.5 ], "texture": "#0" },
				"west": { "uv": [ 0.5, 0.5, 1, 2.5 ], "texture": "#0", "rotation": 90 },
				"east": { "uv": [ 2, 0.5, 2.5, 2.5 ], "texture": "#0", "rotation": 90 }
			}
		},
		{
			"from": [ 13.5, -0.5, 0.5 ],
			"to": [ 15.5, 3.5, 2.5 ],
			"faces": {
				"down": { "uv": [ 13.5, 13.5, 15.5, 15.5 ], "texture": "#0" },
				"up": { "uv": [ 13.5, 0.5, 15.5, 2.5 ], "texture": "#0", "cullface": "down" },
				"north": { "uv": [ 13.5, 0.5, 15.5, 1 ], "texture": "#0" },
				"south": { "uv": [ 13.5, 2, 15.5, 2.5 ], "texture": "#0" },
				"west": { "uv": [ 13.5, 2.5, 14, 0.5 ], "texture": "#0", "rotation": 90 },
				"east": { "uv": [ 15, 0.5, 15.5, 2.5 ], "texture": "#0", "rotation": 270 }
			}
		},
		{
			"from": [ 13.5, -0.5, 13.5 ],
			"to": [ 15.5, 3.5, 15.5 ],
			"faces": {
				"down": { "uv": [ 13.5, 0.5, 15.5, 2.5 ], "texture": "#0" },
				"up": { "uv": [ 13.5, 13.5, 15.5, 15.5 ], "texture": "#0", "cullface": "down" },
				"north": { "uv": [ 15.5, 13.5, 13.5, 14 ], "texture": "#0" },
				"south": { "uv": [ 13.5, 15, 15.5, 15.5 ], "texture": "#0" },
				"west": { "uv": [ 13.5, 15.5, 14, 13.5 ], "texture": "#0", "rotation": 90 },
				"east": { "uv": [ 15, 13.5, 15.5, 15.5 ], "texture": "#0", "rotation": 270 }
			}
		},
		{
			"from": [ 0.5, -0.5, 13.5 ],
			"to": [ 2.5, 3.5, 15.5 ],
			"faces": {
				"down": { "uv": [ 0.5, 0.5, 2.5, 2.5 ], "texture": "#0" },
				"up": { "uv": [ 0.5, 13.5, 2.5, 15.5 ], "texture": "#0", "cullface": "down" },
				"north": { "uv": [ 2.5, 13.5, 0.5, 14 ], "texture": "#0" },
				"south": { "uv": [ 0.5, 15, 2.5, 15.5 ], "texture": "#0" },
				"west": { "uv": [ 0.5, 15.5, 1, 13.5 ], "texture": "#0", "rotation": 90 },
				"east": { "uv": [ 2, 15.5, 2.5, 13.5 ], "texture": "#0", "rotation": 270 }
			}
		},
		{
			"from": [ 3, -0.5, 0.5 ],
			"to": [ 4.5, 3.5, 2.5 ],
			"faces": {
				"down": { "uv": [ 3, 13.5, 4.5, 15.5 ], "texture": "#0", "cullface": "down" },
				"up": { "uv": [ 3, 0.5, 4.5, 2.5 ], "texture": "#0" },
				"north": { "uv": [ 4.5, 0.5, 3, 1 ], "texture": "#0" },
				"south": { "uv": [ 3, 2, 4.5, 2.5 ], "texture": "#0" },
				"west": { "uv": [ 3, 2.5, 3.5, 0.5 ], "texture": "#0", "rotation": 90 },
				"east": { "uv": [ 4, 0.5, 4.5, 2.5 ], "texture": "#0", "rotation": 90 }
			}
		},
		{
			"from": [ 5, -0.5, 0.5 ],
			"to": [ 7, 3.5, 2.5 ],
			"faces": {
				"down": { "uv": [ 5, 13.5, 7, 15.5 ], "texture": "#0", "cullface": "down" },
				"up": { "uv": [ 5, 0.5, 7, 2.5 ], "texture": "#0" },
				"north": { "uv": [ 7, 0.5, 5, 1 ], "texture": "#0" },
				"south": { "uv": [ 5, 2, 7, 2.5 ], "texture": "#0" },
				"west": { "uv": [ 5, 2.5, 5.5, 0.5 ], "texture": "#0", "rotation": 90 },
				"east": { "uv": [ 6.5, 0.5, 7, 2.5 ], "texture": "#0", "rotation": 90 }
			}
		},
		{
			"from": [ 7.5, -0.5, 0.5 ],
			"to": [ 8.5, 3.5, 2.5 ],
			"faces": {
				"down": { "uv": [ 7.5, 13.5, 8.5, 15.5 ], "texture": "#0", "cullface": "down" },
				"up": { "uv": [ 7.5, 0.5, 8.5, 2.5 ], "texture": "#0" },
				"north": { "uv": [ 8.5, 0.5, 7.5, 1 ], "texture": "#0" },
				"south": { "uv": [ 7.5, 2, 8.5, 2.5 ], "texture": "#0" },
				"west": { "uv": [ 7.5, 2.5, 8, 0.5 ], "texture": "#0", "rotation": 90 },
				"east": { "uv": [ 8, 0.5, 8.5, 2.5 ], "texture": "#0", "rotation": 90 }
			}
		},
		{
			"from": [ 9, -0.5, 0.5 ],
			"to": [ 11, 3.5, 2.5 ],
			"faces": {
				"down": { "uv": [ 9, 13.5, 11, 15.5 ], "texture": "#0", "cullface": "down" },
				"up": { "uv": [ 9, 0.5, 11, 2.5 ], "texture": "#0" },
				"north": { "uv": [ 9, 0.5, 11, 1 ], "texture": "#0" },
				"south": { "uv": [ 9, 2, 11, 2.5 ], "texture": "#0" },
				"west": { "uv": [ 9, 2.5, 9.5, 0.5 ], "texture": "#0", "rotation": 90 },
				"east": { "uv": [ 10.5, 0.5, 11, 2.5 ], "texture": "#0", "rotation": 90 }
			}
		},
		{
			"from": [ 11.5, -0.5, 0.5 ],
			"to": [ 13, 3.5, 2.5 ],
			"faces": {
				"down": { "uv": [ 11.5, 13.5, 13, 15.5 ], "texture": "#0", "cullface": "down" },
				"up": { "uv": [ 11.5, 0.5, 13, 2.5 ], "texture": "#0" },
				"north": { "uv": [ 11.5, 0.5, 13, 1 ], "texture": "#0" },
				"south": { "uv": [ 11.5, 2, 13, 2.5 ], "texture": "#0" },
				"west": { "uv": [ 11.5, 2.5, 12, 0.5 ], "texture": "#0", "rotation": 90 },
				"east": { "uv": [ 12.5, 0.5, 13, 2.5 ], "texture": "#0", "rotation": 90 }
			}
		},
		{
			"from": [ 13.5, -0.5, 3 ],
			"to": [ 15.5, 3.5, 4.5 ],
			"faces": {
				"down": { "uv": [ 13.5, 11.5, 15.5, 13 ], "texture": "#0", "cullface": "down" },
				"up": { "uv": [ 15.5, 4.5, 13.5, 3 ], "texture": "#0", "rotation": 180 },
				"north": { "uv": [ 13.5, 3.5, 15.5, 3 ], "texture": "#0", "rotation": 180 },
				"south": { "uv": [ 15.5, 4, 13.5, 4.5 ], "texture": "#0", "rotation": 180 },
				"west": { "uv": [ 13.5, 3, 14, 4.5 ], "texture": "#0", "rotation": 90 },
				"east": { "uv": [ 15, 3, 15.5, 4.5 ], "texture": "#0", "rotation": 90 }
			}
		},
		{
			"from": [ 13.5, -0.5, 5 ],
			"to": [ 15.5, 3.5, 7 ],
			"faces": {
				"down": { "uv": [ 13.5, 9, 15.5, 11 ], "texture": "#0", "cullface": "down" },
				"up": { "uv": [ 13.5, 5, 15.5, 7 ], "texture": "#0" },
				"north": { "uv": [ 13.5, 5.5, 15.5, 5 ], "texture": "#0", "rotation": 180 },
				"south": { "uv": [ 13.5, 6.5, 15.5, 7 ], "texture": "#0" },
				"west": { "uv": [ 13.5, 7, 14, 5 ], "texture": "#0", "rotation": 90 },
				"east": { "uv": [ 15, 5, 15.5, 7 ], "texture": "#0", "rotation": 90 }
			}
		},
		{
			"from": [ 13.5, -0.5, 7.5 ],
			"to": [ 15.5, 3.5, 8.5 ],
			"faces": {
				"down": { "uv": [ 13.5, 7.5, 15.5, 8.5 ], "texture": "#0", "cullface": "down" },
				"up": { "uv": [ 13.5, 7.5, 15.5, 8.5 ], "texture": "#0" },
				"north": { "uv": [ 13.5, 8, 15.5, 7.5 ], "texture": "#0", "rotation": 180 },
				"south": { "uv": [ 13.5, 8, 15.5, 8.5 ], "texture": "#0" },
				"west": { "uv": [ 13.5, 7.5, 14, 8.5 ], "texture": "#0", "rotation": 270 },
				"east": { "uv": [ 15, 7.5, 15.5, 8.5 ], "texture": "#0", "rotation": 90 }
			}
		},
		{
			"from": [ 13.5, -0.5, 9 ],
			"to": [ 15.5, 3.5, 11 ],
			"faces": {
				"down": { "uv": [ 13.5, 5, 15.5, 7 ], "texture": "#0", "cullface": "down" },
				"up": { "uv": [ 13.5, 9, 15.5, 11 ], "texture": "#0" },
				"north": { "uv": [ 13.5, 9.5, 15.5, 9 ], "texture": "#0", "rotation": 180 },
				"south": { "uv": [ 13.5, 10.5, 15.5, 11 ], "texture": "#0" },
				"west": { "uv": [ 13.5, 9, 14, 11 ], "texture": "#0", "rotation": 90 },
				"east": { "uv": [ 15, 9, 15.5, 11 ], "texture": "#0", "rotation": 90 }
			}
		},
		{
			"from": [ 13.5, -0.5, 11.5 ],
			"to": [ 15.5, 3.5, 13 ],
			"faces": {
				"down": { "uv": [ 13.5, 3, 15.5, 4.5 ], "texture": "#0", "cullface": "down" },
				"up": { "uv": [ 13.5, 11.5, 15.5, 13 ], "texture": "#0" },
				"north": { "uv": [ 13.5, 12, 15.5, 11.5 ], "texture": "#0", "rotation": 180 },
				"south": { "uv": [ 13.5, 12.5, 15.5, 13 ], "texture": "#0" },
				"west": { "uv": [ 13.5, 11.5, 14, 13 ], "texture": "#0", "rotation": 90 },
				"east": { "uv": [ 15, 11.5, 15.5, 13 ], "texture": "#0", "rotation": 90 }
			}
		},
		{
			"from": [ 3, -0.5, 13.5 ],
			"to": [ 4.5, 3.5, 15.5 ],
			"faces": {
				"down": { "uv": [ 3, 0.5, 4.5, 2.5 ], "texture": "#0", "cullface": "down" },
				"up": { "uv": [ 3, 13.5, 4.5, 15.5 ], "texture": "#0" },
				"north": { "uv": [ 4.5, 13.5, 3, 14 ], "texture": "#0" },
				"south": { "uv": [ 3, 15, 4.5, 15.5 ], "texture": "#0" },
				"west": { "uv": [ 3, 15.5, 3.5, 13.5 ], "texture": "#0", "rotation": 90 },
				"east": { "uv": [ 4, 13.5, 4.5, 15.5 ], "texture": "#0", "rotation": 90 }
			}
		},
		{
			"from": [ 5, -0.5, 13.5 ],
			"to": [ 7, 3.5, 15.5 ],
			"faces": {
				"down": { "uv": [ 5, 0.5, 7, 2.5 ], "texture": "#0", "cullface": "down" },
				"up": { "uv": [ 5, 13.5, 7, 15.5 ], "texture": "#0" },
				"north": { "uv": [ 7, 13.5, 5, 14 ], "texture": "#0" },
				"south": { "uv": [ 5, 15, 7, 15.5 ], "texture": "#0" },
				"west": { "uv": [ 5, 15.5, 5.5, 13.5 ], "texture": "#0", "rotation": 90 },
				"east": { "uv": [ 6.5, 13.5, 7, 15.5 ], "texture": "#0", "rotation": 90 }
			}
		},
		{
			"from": [ 7.5, -0.5, 13.5 ],
			"to": [ 8.5, 3.5, 15.5 ],
			"faces": {
				"down": { "uv": [ 7.5, 0.5, 8.5, 2.5 ], "texture": "#0", "cullface": "down" },
				"up": { "uv": [ 7.5, 13.5, 8.5, 15.5 ], "texture": "#0" },
				"north": { "uv": [ 8.5, 13.5, 7.5, 14 ], "texture": "#0" },
				"south": { "uv": [ 7.5, 15, 8.5, 15.5 ], "texture": "#0" },
				"west": { "uv": [ 7.5, 15.5, 8, 13.5 ], "texture": "#0", "rotation": 90 },
				"east": { "uv": [ 8, 13.5, 8.5, 15.5 ], "texture": "#0", "rotation": 90 }
			}
		},
		{
			"from": [ 9, -0.5, 13.5 ],
			"to": [ 11, 3.5, 15.5 ],
			"faces": {
				"down": { "uv": [ 9, 0.5, 11, 2.5 ], "texture": "#0", "cullface": "down" },
				"up": { "uv": [ 9, 13.5, 11, 15.5 ], "texture": "#0" },
				"north": { "uv": [ 11, 13.5, 9, 14 ], "texture": "#0" },
				"south": { "uv": [ 9, 15, 11, 15.5 ], "texture": "#0" },
				"west": { "uv": [ 9, 15.5, 9.5, 13.5 ], "texture": "#0", "rotation": 90 },
				"east": { "uv": [ 10.5, 13.5, 11, 15.5 ], "texture": "#0", "rotation": 90 }
			}
		},
		{
			"from": [ 11.5, -0.5, 13.5 ],
			"to": [ 13, 3.5, 15.5 ],
			"faces": {
				"down": { "uv": [ 11.5, 0.5, 13, 2.5 ], "texture": "#0", "cullface": "down" },
				"up": { "uv": [ 11.5, 13.5, 13, 15.5 ], "texture": "#0" },
				"north": { "uv": [ 13, 13.5, 11.5, 14 ], "texture": "#0" },
				"south": { "uv": [ 11.5, 15, 13, 15.5 ], "texture": "#0" },
				"west": { "uv": [ 11.5, 15.5, 12, 13.5 ], "texture": "#0", "rotation": 90 },
				"east": { "uv": [ 12.5, 13.5, 13, 15.5 ], "texture": "#0", "rotation": 90 }
			}
		},
		{
			"from": [ 0.5, -0.5, 3 ],
			"to": [ 2.5, 3.5, 4.5 ],
			"faces": {
				"down": { "uv": [ 0.5, 11.5, 2.5, 13 ], "texture": "#0", "cullface": "down" },
				"up": { "uv": [ 2.5, 4.5, 0.5, 3 ], "texture": "#0", "rotation": 180 },
				"north": { "uv": [ 0.5, 3.5, 2.5, 3 ], "texture": "#0", "rotation": 180 },
				"south": { "uv": [ 2.5, 4, 0.5, 4.5 ], "texture": "#0", "rotation": 180 },
				"west": { "uv": [ 0.5, 3, 1, 4.5 ], "texture": "#0", "rotation": 90 },
				"east": { "uv": [ 2, 3, 2.5, 4.5 ], "texture": "#0", "rotation": 90 }
			}
		},
		{
			"from": [ 0.5, -0.5, 5 ],
			"to": [ 2.5, 3.5, 7 ],
			"faces": {
				"down": { "uv": [ 0.5, 9, 2.5, 11 ], "texture": "#0", "cullface": "down" },
				"up": { "uv": [ 0.5, 5, 2.5, 7 ], "texture": "#0" },
				"north": { "uv": [ 0.5, 5.5, 2.5, 5 ], "texture": "#0", "rotation": 180 },
				"south": { "uv": [ 0.5, 6.5, 2.5, 7 ], "texture": "#0" },
				"west": { "uv": [ 0.5, 7, 1, 5 ], "texture": "#0", "rotation": 90 },
				"east": { "uv": [ 2, 5, 2.5, 7 ], "texture": "#0", "rotation": 90 }
			}
		},
		{
			"from": [ 0.5, -0.5, 7.5 ],
			"to": [ 2.5, 3.5, 8.5 ],
			"faces": {
				"down": { "uv": [ 0.5, 7.5, 2.5, 8.5 ], "texture": "#0", "cullface": "down" },
				"up": { "uv": [ 0.5, 7.5, 2.5, 8.5 ], "texture": "#0" },
				"north": { "uv": [ 0.5, 8, 2.5, 7.5 ], "texture": "#0", "rotation": 180 },
				"south": { "uv": [ 0.5, 8, 2.5, 8.5 ], "texture": "#0" },
				"west": { "uv": [ 0.5, 7.5, 1, 8.5 ], "texture": "#0", "rotation": 270 },
				"east": { "uv": [ 2, 7.5, 2.5, 8.5 ], "texture": "#0", "rotation": 90 }
			}
		},
		{
			"from": [ 0.5, -0.5, 9 ],
			"to": [ 2.5, 3.5, 11 ],
			"faces": {
				"down": { "uv": [ 0.5, 5, 2.5, 7 ], "texture": "#0", "cullface": "down" },
				"up": { "uv": [ 0.5, 9, 2.5, 11 ], "texture": "#0" },
				"north": { "uv": [ 0.5, 9.5, 2.5, 9 ], "texture": "#0", "rotation": 180 },
				"south": { "uv": [ 0.5, 10.5, 2.5, 11 ], "texture": "#0" },
				"west": { "uv": [ 0.5, 9, 1, 11 ], "texture": "#0", "rotation": 90 },
				"east": { "uv": [ 2, 9, 2.5, 11 ], "texture": "#0", "rotation": 90 }
			}
		},
		{
			"from": [ 0.5, -0.5, 11.5 ],
			"to": [ 2.5, 3.5, 13 ],
			"faces": {
				"down": { "uv": [ 0.5, 3, 2.5, 4.5 ], "texture": "#0", "cullface": "down" },
				"up": { "uv": [ 0.5, 11.5, 2.5, 13 ], "texture": "#0" },
				"north": { "uv": [ 0.5, 12, 2.5, 11.5 ], "texture": "#0", "rotation": 180 },
				"south": { "uv": [ 0.5, 12.5, 2.5, 13 ], "texture": "#0" },
				"west": { "uv": [ 0.5, 11.5, 1, 13 ], "texture": "#0", "rotation": 90 },
				"east": { "uv": [ 2, 11.5, 2.5, 13 ], "texture": "#0", "rotation": 90 }
			}
		}
	],
"display": {
    "thirdperson_righthand": {
        "rotation": [ 0, 0, -90 ],
        "translation": [ 4, -1.5, 2 ],
        "scale": [ 1, 1, 1 ]
    },
    "thirdperson_lefthand": {
        "rotation": [ 0, 0, -90 ],
        "translation": [ 4, -1.5, 2 ],
        "scale": [ 1, 1, 1 ]
    },
    "ground": {
        "rotation": [ 0, 0, 0 ],
        "translation": [ 0, 3, 0 ],
        "scale": [ 0.4, 0.4, 0.4 ]
    },
    "fixed": {
        "rotation": [ -90, 0, 0 ],
        "translation": [ 0, 0, -8 ],
        "scale": [ 1, 1, 1 ]
    },
    "firstperson_righthand": {
        "rotation": [ 30, 0, 90 ],
        "translation": [ -3, 6, 4 ],
        "scale": [ 1, 1, 1 ]
    },
    "firstperson_lefthand": {
        "rotation": [ 30, 0, 90 ],
        "translation": [ -3, 6, 4 ],
        "scale": [ 1, 1, 1 ]
    },
    "gui": {
        "rotation": [ 30, 225, 0 ],
        "translation": [ 0, 0, 0 ],
        "scale": [ 0.625, 0.625, 0.625 ]
    }
}
}