{
	"__comment": "Creaed by Filal",
	"textures": {
		"particle": "block/jungle_door_top",
		"0": "block/jungle_door_top",
		"1": "block/jungle_door_edge"
	},
	"elements": [ 	 
		{
			"from": [ 0, 0, 1 ],
			"to": [ 5, 16, 2 ],
			"faces": {
				"up": { "uv": [ 7.01, 0.01, 7.99, 4.99 ], "texture": "#1", "rotation": 270 },
				"north": { "uv": [ 11.01, 0.01, 15.99, 15.99 ], "texture": "#0" },
				"south": { "uv": [ 15.99, 0.01, 11.01, 15.99 ], "texture": "#0" },
				"west": { "uv": [ 11.01, 0.01, 11.99, 15.99 ], "texture": "#1" },
				"east": { "uv": [ 7.01, 0.01, 7.99, 15.99 ], "texture": "#1" }
			}
		},
		{
			"from": [ 11, 0, 1 ],
			"to": [ 16, 16, 2 ],
			"faces": {
				"up": { "uv": [ 7.01, 11.01, 7.99, 15.99 ], "texture": "#1", "rotation": 270 },
				"north": { "uv": [ 0.01, 0.01, 4.99, 15.99 ], "texture": "#0" },
				"south": { "uv": [ 4.99, 0.01, 0.01, 15.99 ], "texture": "#0" },
				"west": { "uv": [ 7.01, 0.01, 7.99, 15.99 ], "texture": "#1" },
				"east": { "uv": [ 4.01, 0.01, 4.99, 15.99 ], "texture": "#1" }
			}
		},
		{
			"from": [ 5, 0, 1 ],
			"to": [ 11, 1.5, 2 ],
			"faces": {
				"up": { "uv": [ 7.01, 4.51, 7.99, 10.49 ], "texture": "#1", "rotation": 90 },
				"north": { "uv": [ 5.01, 14.51, 10.99, 15.99 ], "texture": "#0" },
				"south": { "uv": [ 10.99, 14.51, 5.01, 15.99 ], "texture": "#0" }
			}
		},
		{
			"from": [ 5, 11, 1 ],
			"to": [ 11, 16, 2 ],
			"faces": {
				"down": { "uv": [ 7.01, 3.01, 7.99, 8.99 ], "texture": "#1" },
				"up": { "uv": [ 7.01, 5.01, 7.99, 10.99 ], "texture": "#1", "rotation": 270 },
				"north": { "uv": [ 5.01, 0.01, 10.99, 4.99 ], "texture": "#0" },
				"south": { "uv": [ 10.99, 0.01, 5.01, 4.99 ], "texture": "#0" }
			}
		},
		{
			"from": [ 5, 1.5, 1 ],
			"to": [ 5.5, 2.5, 2 ],
			"faces": {
				"up": { "uv": [ 7.01, 4.01, 7.49, 4.99 ], "texture": "#1" },
				"north": { "uv": [ 10.51, 13.51, 10.99, 14.49 ], "texture": "#0" },
				"south": { "uv": [ 10.51, 13.51, 10.99, 14.49 ], "texture": "#0" },
				"east": { "uv": [ 14.51, 1.01, 15.49, 1.99 ], "texture": "#1" }
			}
		},
		{
			"from": [ 10.5, 1.5, 1 ],
			"to": [ 11, 2.5, 2 ],
			"faces": {
				"up": { "uv": [ 15.01, 0.01, 15.49, 0.99 ], "texture": "#1" },
				"north": { "uv": [ 5.01, 13.51, 5.49, 14.49 ], "texture": "#0" },
				"south": { "uv": [ 5.01, 13.51, 5.49, 14.49 ], "texture": "#0" },
				"west": { "uv": [ 14.01, 0.01, 14.99, 0.99 ], "texture": "#1" }
			}
		},
		{
			"from": [ 10, 1.5, 1 ],
			"to": [ 10.5, 2, 2 ],
			"faces": {
				"up": { "uv": [ 14.01, 0.01, 14.49, 0.99 ], "texture": "#1" },
				"north": { "uv": [ 5.51, 14.01, 5.99, 14.49 ], "texture": "#0" },
				"south": { "uv": [ 5.51, 14.01, 5.99, 14.49 ], "texture": "#0" },
				"west": { "uv": [ 14.01, 1.01, 14.99, 1.49 ], "texture": "#1" }
			}
		},
		{
			"from": [ 5.5, 1.5, 1 ],
			"to": [ 6, 2, 2 ],
			"faces": {
				"up": { "uv": [ 15.01, 0.01, 15.49, 0.99 ], "texture": "#1" },
				"north": { "uv": [ 10.01, 14.01, 10.49, 14.49 ], "texture": "#0" },
				"south": { "uv": [ 10.01, 14.01, 10.49, 14.49 ], "texture": "#0" },
				"east": { "uv": [ 14.01, 0.01, 14.99, 0.49 ], "texture": "#1" }
			}
		},
		{
			"from": [ 10.5, 10, 1 ],
			"to": [ 11, 11, 2 ],
			"faces": {
				"down": { "uv": [ 14.01, 0.01, 14.49, 0.99 ], "texture": "#1" },
				"north": { "uv": [ 5.01, 5.01, 5.49, 5.99 ], "texture": "#0" },
				"south": { "uv": [ 5.01, 5.01, 5.49, 5.99 ], "texture": "#0" },
				"west": { "uv": [ 14.01, 0.01, 14.99, 0.99 ], "texture": "#1" }
			}
		},
		{
			"from": [ 5, 10, 1 ],
			"to": [ 5.5, 11, 2 ],
			"faces": {
				"down": { "uv": [ 14.01, 0.01, 14.49, 0.99 ], "texture": "#1" },
				"north": { "uv": [ 10.51, 5.01, 10.99, 5.99 ], "texture": "#0" },
				"south": { "uv": [ 10.51, 5.01, 10.99, 5.99 ], "texture": "#0" },
				"east": { "uv": [ 14.01, 0.01, 14.99, 0.99 ], "texture": "#1" }
			}
		},
		{
			"from": [ 5.5, 10.5, 1 ],
			"to": [ 6, 11, 2 ],
			"faces": {
				"down": { "uv": [ 15.01, 0.01, 15.49, 0.99 ], "texture": "#1" },
				"north": { "uv": [ 10.01, 5.01, 10.49, 5.49 ], "texture": "#0" },
				"south": { "uv": [ 10.01, 5.01, 10.49, 5.49 ], "texture": "#0" },
				"east": { "uv": [ 14.01, 0.01, 14.99, 0.49 ], "texture": "#1" }
			}
		},
		{
			"from": [ 10, 10.5, 1 ],
			"to": [ 10.5, 11, 2 ],
			"faces": {
				"down": { "uv": [ 14.01, 0.01, 14.49, 0.99 ], "texture": "#1" },
				"north": { "uv": [ 5.51, 5.01, 5.99, 5.49 ], "texture": "#0" },
				"south": { "uv": [ 5.51, 5.01, 5.99, 5.49 ], "texture": "#0" },
				"west": { "uv": [ 14.01, 0.01, 14.99, 0.49 ], "texture": "#1" }
			}
		},
		{
			"from": [ 0.5, 0, 0 ],
			"to": [ 1.5, 15.5, 3 ],
			"faces": {
				"up": { "uv": [ 6.01, 0.51, 8.99, 1.49 ], "texture": "#1", "rotation": 270 },
				"north": { "uv": [ 14.51, 0.51, 15.49, 15.99 ], "texture": "#0" },
				"south": { "uv": [ 15.49, 0.51, 14.51, 15.99 ], "texture": "#0" },
				"west": { "uv": [ 10.01, 0.51, 12.99, 15.99 ], "texture": "#1" },
				"east": { "uv": [ 6.01, 0.51, 8.99, 15.99 ], "texture": "#1" }
			}
		},
		{
			"from": [ 2, 0, 0.5 ],
			"to": [ 3.5, 14, 2.5 ],
			"faces": {
				"up": { "uv": [ 12.51, 2.01, 13.99, 2.49 ], "texture": "#0", "rotation": 180 },
				"north": { "uv": [ 12.51, 2.01, 13.99, 15.99 ], "texture": "#0" },
				"south": { "uv": [ 13.99, 2.01, 12.51, 15.99 ], "texture": "#0" },
				"west": { "uv": [ 6.51, 1.01, 8.49, 14.99 ], "texture": "#1" },
				"east": { "uv": [ 6.51, 1.51, 8.49, 15.49 ], "texture": "#1" }
			}
		},
		{
			"from": [ 2, 14.5, 0 ],
			"to": [ 14, 15.5, 3 ],
			"faces": {
				"down": { "uv": [ 6.01, 2.01, 8.99, 13.99 ], "texture": "#1", "rotation": 90 },
				"up": { "uv": [ 6.01, 2.01, 8.99, 13.99 ], "texture": "#1", "rotation": 90 },
				"north": { "uv": [ 2.01, 0.51, 13.99, 1.49 ], "texture": "#0" },
				"south": { "uv": [ 13.99, 0.51, 2.01, 1.49 ], "texture": "#0" },
				"west": { "uv": [ 13.51, 0.51, 13.99, 1.49 ], "texture": "#0" },
				"east": { "uv": [ 2.01, 0.51, 2.49, 1.49 ], "texture": "#0" }
			}
		},
		{
			"from": [ 14.5, 0, 0 ],
			"to": [ 15.5, 15.5, 3 ],
			"faces": {
				"up": { "uv": [ 8.99, 0.51, 6.01, 1.49 ], "texture": "#1", "rotation": 90 },
				"north": { "uv": [ 0.51, 0.51, 1.49, 15.99 ], "texture": "#0" },
				"south": { "uv": [ 1.49, 0.51, 0.51, 15.99 ], "texture": "#0" },
				"west": { "uv": [ 13.01, 0.01, 15.99, 15.49 ], "texture": "#1" },
				"east": { "uv": [ 3.01, 0.51, 5.99, 15.99 ], "texture": "#1" }
			}
		},
		{
			"from": [ 12.5, 0, 0.5 ],
			"to": [ 14, 14, 2.5 ],
			"faces": {
				"up": { "uv": [ 2.01, 2.01, 3.49, 2.49 ], "texture": "#0", "rotation": 180 },
				"north": { "uv": [ 2.01, 2.01, 3.49, 15.99 ], "texture": "#0" },
				"south": { "uv": [ 3.49, 2.01, 2.01, 15.99 ], "texture": "#0" },
				"west": { "uv": [ 6.51, 0.51, 8.49, 14.49 ], "texture": "#1" },
				"east": { "uv": [ 6.51, 1.01, 8.49, 14.99 ], "texture": "#1" }
			}
		},
		{
			"from": [ 4, 12.5, 0.5 ],
			"to": [ 6.5, 14, 2.5 ],
			"faces": {
				"down": { "uv": [ 9.51, 3.01, 11.99, 3.49 ], "texture": "#0", "rotation": 180 },
				"up": { "uv": [ 9.51, 2.01, 11.99, 2.49 ], "texture": "#0", "rotation": 180 },
				"north": { "uv": [ 9.51, 2.01, 11.99, 3.49 ], "texture": "#0" },
				"south": { "uv": [ 11.99, 2.01, 9.51, 3.49 ], "texture": "#0" },
				"west": { "uv": [ 11.51, 2.01, 11.99, 3.49 ], "texture": "#0" },
				"east": { "uv": [ 9.51, 2.01, 9.99, 3.49 ], "texture": "#0" }
			}
		},
		{
			"from": [ 4, 11, 0.5 ],
			"to": [ 4.5, 11.5, 2.5 ],
			"faces": {
				"down": { "uv": [ 11.51, 4.51, 11.99, 4.99 ], "texture": "#0" },
				"north": { "uv": [ 11.51, 4.51, 11.99, 4.99 ], "texture": "#0" },
				"south": { "uv": [ 11.51, 4.51, 11.99, 4.99 ], "texture": "#0" },
				"west": { "uv": [ 11.51, 4.51, 11.99, 4.99 ], "texture": "#0" },
				"east": { "uv": [ 11.51, 4.51, 11.99, 4.99 ], "texture": "#0" }
			}
		},
		{
			"from": [ 4, 11.5, 0.5 ],
			"to": [ 5, 12, 2.5 ],
			"faces": {
				"down": { "uv": [ 11.01, 4.01, 11.99, 4.49 ], "texture": "#0", "rotation": 180 },
				"north": { "uv": [ 11.01, 4.01, 11.99, 4.49 ], "texture": "#0" },
				"south": { "uv": [ 11.01, 4.01, 11.99, 4.49 ], "texture": "#0", "rotation": 180 },
				"west": { "uv": [ 11.51, 4.01, 11.99, 4.49 ], "texture": "#0" },
				"east": { "uv": [ 11.01, 4.01, 11.49, 4.49 ], "texture": "#0" }
			}
		},
		{
			"from": [ 4, 12, 0.5 ],
			"to": [ 5.5, 12.5, 2.5 ],
			"faces": {
				"down": { "uv": [ 10.51, 3.51, 11.99, 3.99 ], "texture": "#0", "rotation": 180 },
				"north": { "uv": [ 10.51, 3.51, 11.99, 3.99 ], "texture": "#0" },
				"south": { "uv": [ 11.99, 3.51, 10.51, 3.99 ], "texture": "#0" },
				"west": { "uv": [ 11.51, 3.51, 11.99, 3.99 ], "texture": "#0" },
				"east": { "uv": [ 10.51, 3.51, 10.99, 3.99 ], "texture": "#0" }
			}
		},
		{
			"from": [ 7, 12.5, 0.5 ],
			"to": [ 9, 14, 2.5 ],
			"faces": {
				"down": { "uv": [ 7.01, 3.01, 8.99, 3.49 ], "texture": "#0", "rotation": 180 },
				"up": { "uv": [ 7.01, 2.01, 8.99, 2.49 ], "texture": "#0", "rotation": 180 },
				"north": { "uv": [ 7.01, 2.01, 8.99, 3.49 ], "texture": "#0" },
				"south": { "uv": [ 8.99, 2.01, 7.01, 3.49 ], "texture": "#0" },
				"west": { "uv": [ 8.51, 2.01, 8.99, 3.49 ], "texture": "#0" },
				"east": { "uv": [ 7.01, 2.01, 7.49, 3.49 ], "texture": "#0" }
			}
		},
		{
			"from": [ 9.5, 12.5, 0.5 ],
			"to": [ 12, 14, 2.5 ],
			"faces": {
				"down": { "uv": [ 4.01, 3.01, 6.49, 3.49 ], "texture": "#0", "rotation": 180 },
				"up": { "uv": [ 4.01, 2.01, 6.49, 2.49 ], "texture": "#0", "rotation": 180 },
				"north": { "uv": [ 4.01, 2.01, 6.49, 3.49 ], "texture": "#0" },
				"south": { "uv": [ 6.49, 2.01, 4.02, 3.49 ], "texture": "#0" },
				"west": { "uv": [ 6.01, 2.01, 6.49, 3.49 ], "texture": "#0" },
				"east": { "uv": [ 4.01, 2.01, 4.49, 3.49 ], "texture": "#0" }
			}
		},
		{
			"from": [ 10.5, 12, 0.5 ],
			"to": [ 12, 12.5, 2.5 ],
			"faces": {
				"down": { "uv": [ 4.01, 3.51, 5.49, 3.99 ], "texture": "#0", "rotation": 90 },
				"north": { "uv": [ 4.01, 3.51, 5.49, 3.99 ], "texture": "#0" },
				"south": { "uv": [ 5.49, 3.51, 4.01, 3.99 ], "texture": "#0" },
				"west": { "uv": [ 5.01, 3.51, 5.49, 3.99 ], "texture": "#0" },
				"east": { "uv": [ 4.01, 3.51, 4.49, 3.99 ], "texture": "#0" }
			}
		},
		{
			"from": [ 11, 11.5, 0.5 ],
			"to": [ 12, 12, 2.5 ],
			"faces": {
				"down": { "uv": [ 4.01, 4.01, 4.99, 4.49 ], "texture": "#0", "rotation": 180 },
				"north": { "uv": [ 4.01, 4.01, 4.99, 4.49 ], "texture": "#0" },
				"south": { "uv": [ 4.99, 4.01, 4.01, 4.49 ], "texture": "#0" },
				"west": { "uv": [ 4.51, 4.01, 4.99, 4.49 ], "texture": "#0" },
				"east": { "uv": [ 4.01, 4.01, 4.49, 4.49 ], "texture": "#0" }
			}
		},
		{
			"from": [ 11.5, 11, 0.5 ],
			"to": [ 12, 11.5, 2.5 ],
			"faces": {
				"down": { "uv": [ 4.01, 4.51, 4.49, 4.99 ], "texture": "#0" },
				"north": { "uv": [ 4.01, 4.51, 4.49, 4.99 ], "texture": "#0" },
				"south": { "uv": [ 4.01, 4.51, 4.49, 4.99 ], "texture": "#0" },
				"west": { "uv": [ 4.01, 4.51, 4.49, 4.99 ], "texture": "#0" },
				"east": { "uv": [ 4.01, 4.51, 4.49, 4.99 ], "texture": "#0" }
			}
		},
		{
			"from": [ 4, 0, 0.5 ],
			"to": [ 5.5, 0.5, 2.5 ],
			"faces": {
				"up": { "uv": [ 10.51, 15.51, 11.99, 15.99 ], "texture": "#0", "rotation": 180 },
				"north": { "uv": [ 10.51, 15.51, 11.99, 15.99 ], "texture": "#0" },
				"south": { "uv": [ 11.99, 15.51, 10.51, 15.99 ], "texture": "#0" },
				"west": { "uv": [ 11.51, 15.51, 11.99, 15.99 ], "texture": "#0" },
				"east": { "uv": [ 10.51, 15.51, 10.99, 15.99 ], "texture": "#0" }
			}
		},
		{
			"from": [ 10.5, 0, 0.5 ],
			"to": [ 12, 0.5, 2.5 ],
			"faces": {
				"up": { "uv": [ 4.01, 15.51, 5.49, 15.99 ], "texture": "#0", "rotation": 180 },
				"north": { "uv": [ 4.01, 15.51, 5.49, 15.99 ], "texture": "#0" },
				"south": { "uv": [ 5.49, 15.51, 4.01, 15.99 ], "texture": "#0" },
				"west": { "uv": [ 5.01, 15.51, 5.49, 15.99 ], "texture": "#0" },
				"east": { "uv": [ 4.01, 15.51, 4.49, 15.99 ], "texture": "#0" }
			}
		},
		{
			"from": [ 4, 0.5, 0.5 ],
			"to": [ 5, 1, 2.5 ],
			"faces": {
				"up": { "uv": [ 11.01, 15.01, 11.99, 15.49 ], "texture": "#0", "rotation": 180 },
				"north": { "uv": [ 11.01, 15.01, 11.99, 15.49 ], "texture": "#0" },
				"south": { "uv": [ 11.99, 15.01, 11.01, 15.49 ], "texture": "#0" },
				"west": { "uv": [ 11.51, 15.01, 11.99, 15.49 ], "texture": "#0" },
				"east": { "uv": [ 11.01, 15.01, 11.49, 15.49 ], "texture": "#0" }
			}
		},
		{
			"from": [ 11, 0.5, 0.5 ],
			"to": [ 12, 1, 2.5 ],
			"faces": {
				"up": { "uv": [ 4.01, 15.01, 4.99, 15.49 ], "texture": "#0", "rotation": 180 },
				"north": { "uv": [ 4.01, 15.01, 4.99, 15.49 ], "texture": "#0" },
				"south": { "uv": [ 4.99, 15.01, 4.01, 15.49 ], "texture": "#0" },
				"west": { "uv": [ 4.51, 15.01, 4.99, 15.49 ], "texture": "#0" },
				"east": { "uv": [ 4.01, 15.01, 4.49, 15.49 ], "texture": "#0" }
			}
		},
		{
			"from": [ 4, 1, 0.5 ],
			"to": [ 4.5, 1.5, 2.5 ],
			"faces": {
				"up": { "uv": [ 11.51, 14.51, 11.99, 14.99 ], "texture": "#0" },
				"north": { "uv": [ 11.51, 14.51, 11.99, 14.99 ], "texture": "#0" },
				"south": { "uv": [ 11.51, 14.51, 11.99, 14.99 ], "texture": "#0" },
				"west": { "uv": [ 11.51, 14.51, 11.99, 14.99 ], "texture": "#0" },
				"east": { "uv": [ 11.51, 14.51, 11.99, 14.99 ], "texture": "#0" }
			}
		},
		{
			"from": [ 11.5, 1, 0.5 ],
			"to": [ 12, 1.5, 2.5 ],
			"faces": {
				"up": { "uv": [ 4.01, 14.51, 4.49, 14.99 ], "texture": "#0" },
				"north": { "uv": [ 4.01, 14.51, 4.49, 14.99 ], "texture": "#0" },
				"south": { "uv": [ 4.01, 14.51, 4.49, 14.99 ], "texture": "#0" },
				"west": { "uv": [ 4.01, 14.51, 4.49, 14.99 ], "texture": "#0" },
				"east": { "uv": [ 4.01, 14.51, 4.49, 14.99 ], "texture": "#0" }
			}
		},
		{
			"from": [ 7, 1.5, 1.3 ],
			"to": [ 7.5, 2.5, 1.7 ],
			"faces": {
				"up": { "uv": [ 10.01, 8.01, 10.49, 8.39 ], "texture": "#0" },
				"north": { "uv": [ 10.01, 8.51, 10.49, 9.49 ], "texture": "#0" },
				"south": { "uv": [ 8.51, 5.51, 8.99, 6.49 ], "texture": "#0" },
				"west": { "uv": [ 8.51, 5.01, 8.89, 5.99 ], "texture": "#0" },
				"east": { "uv": [ 10.01, 10.01, 10.39, 10.99 ], "texture": "#0" }
			}
		},
		{
			"from": [ 8.5, 1.5, 1.3 ],
			"to": [ 9, 2.5, 1.7 ],
			"faces": {
				"up": { "uv": [ 5.51, 8.01, 5.99, 8.39 ], "texture": "#0" },
				"north": { "uv": [ 5.51, 10.51, 5.99, 11.49 ], "texture": "#0" },
				"south": { "uv": [ 7.01, 13.51, 7.49, 14.49 ], "texture": "#0" },
				"west": { "uv": [ 10.01, 11.01, 10.39, 11.99 ], "texture": "#0" },
				"east": { "uv": [ 8.51, 5.51, 8.89, 6.49 ], "texture": "#0" }
			}
		},
		{
			"from": [ 7.5, 2, 1.3 ],
			"to": [ 8.5, 2.5, 1.7 ],
			"faces": {
				"down": { "uv": [ 7.51, 5.51, 8.49, 5.89 ], "texture": "#0" },
				"up": { "uv": [ 8.01, 13.51, 8.99, 13.89 ], "texture": "#0" },
				"north": { "uv": [ 7.51, 5.51, 8.49, 5.99 ], "texture": "#0" },
				"south": { "uv": [ 10.01, 11.51, 10.99, 11.99 ], "texture": "#0" }
			}
		},
		{
			"from": [ 10, 4, 1.3 ],
			"to": [ 11, 4.5, 1.7 ],
			"faces": {
				"down": { "uv": [ 10.01, 7.51, 10.99, 7.89 ], "texture": "#0" },
				"up": { "uv": [ 7.51, 5.51, 8.49, 5.89 ], "texture": "#0" },
				"north": { "uv": [ 7.51, 5.51, 8.49, 5.99 ], "texture": "#0" },
				"south": { "uv": [ 7.51, 5.51, 8.49, 5.99 ], "texture": "#0" },
				"west": { "uv": [ 8.51, 5.51, 8.89, 5.99 ], "texture": "#0" }
			}
		},
		{
			"from": [ 10, 8, 1.3 ],
			"to": [ 11, 8.5, 1.7 ],
			"faces": {
				"down": { "uv": [ 8.01, 5.51, 8.99, 5.89 ], "texture": "#0" },
				"up": { "uv": [ 10.01, 11.51, 10.99, 11.89 ], "texture": "#0" },
				"north": { "uv": [ 5.01, 11.51, 5.99, 11.99 ], "texture": "#0" },
				"south": { "uv": [ 5.01, 11.51, 5.99, 11.99 ], "texture": "#0" },
				"west": { "uv": [ 9.51, 7.01, 9.89, 7.49 ], "texture": "#0" }
			}
		},
		{
			"from": [ 10, 4.5, 1.3 ],
			"to": [ 10.5, 8, 1.7 ],
			"faces": {
				"north": { "uv": [ 10.01, 8.01, 10.49, 11.49 ], "texture": "#0" },
				"south": { "uv": [ 10.01, 8.01, 10.49, 11.49 ], "texture": "#0" },
				"west": { "uv": [ 5.51, 8.01, 5.89, 11.49 ], "texture": "#0" },
				"east": { "uv": [ 5.51, 8.01, 5.89, 11.49 ], "texture": "#0" }
			}
		},
		{
			"from": [ 5, 4, 1.3 ],
			"to": [ 6, 4.5, 1.7 ],
			"faces": {
				"down": { "uv": [ 7.51, 5.51, 8.49, 5.89 ], "texture": "#0" },
				"up": { "uv": [ 7.01, 13.51, 7.99, 13.89 ], "texture": "#0" },
				"north": { "uv": [ 5.01, 7.51, 5.99, 7.99 ], "texture": "#0" },
				"south": { "uv": [ 5.01, 11.51, 5.99, 11.99 ], "texture": "#0" },
				"east": { "uv": [ 8.51, 5.51, 8.89, 5.99 ], "texture": "#0" }
			}
		},
		{
			"from": [ 5.5, 4.5, 1.3 ],
			"to": [ 6, 8, 1.7 ],
			"faces": {
				"north": { "uv": [ 10.01, 8.01, 10.49, 11.49 ], "texture": "#0" },
				"south": { "uv": [ 10.01, 8.01, 10.49, 11.49 ], "texture": "#0" },
				"west": { "uv": [ 5.51, 8.01, 5.89, 11.49 ], "texture": "#0" },
				"east": { "uv": [ 5.51, 8.01, 5.89, 11.49 ], "texture": "#0" }
			}
		},
		{
			"from": [ 5, 8, 1.3 ],
			"to": [ 6, 8.5, 1.7 ],
			"faces": {
				"down": { "uv": [ 8.01, 5.51, 8.99, 5.89 ], "texture": "#0" },
				"up": { "uv": [ 5.01, 11.51, 5.99, 11.89 ], "texture": "#0" },
				"north": { "uv": [ 7.51, 13.51, 8.49, 13.99 ], "texture": "#0" },
				"south": { "uv": [ 7.51, 5.51, 8.49, 5.99 ], "texture": "#0" },
				"east": { "uv": [ 7.01, 5.51, 7.39, 5.99 ], "texture": "#0" }
			}
		},
		{
			"from": [ 7, 10, 1.3 ],
			"to": [ 7.5, 11, 1.7 ],
			"faces": {
				"down": { "uv": [ 8.01, 5.51, 8.49, 5.89 ], "texture": "#0" },
				"north": { "uv": [ 5.51, 8.51, 5.99, 9.49 ], "texture": "#0" },
				"south": { "uv": [ 5.51, 11.01, 5.99, 11.99 ], "texture": "#0" },
				"west": { "uv": [ 10.01, 10.01, 10.39, 10.99 ], "texture": "#0" },
				"east": { "uv": [ 10.01, 11.01, 10.39, 11.99 ], "texture": "#0" }
			}
		},
		{
			"from": [ 8.5, 10, 1.3 ],
			"to": [ 9, 11, 1.7 ],
			"faces": {
				"down": { "uv": [ 8.51, 6.01, 8.99, 6.39 ], "texture": "#0" },
				"north": { "uv": [ 5.51, 7.51, 5.99, 8.49 ], "texture": "#0" },
				"south": { "uv": [ 7.01, 13.51, 7.49, 14.49 ], "texture": "#0" },
				"west": { "uv": [ 8.51, 13.51, 8.89, 14.49 ], "texture": "#0" },
				"east": { "uv": [ 10.01, 10.51, 10.39, 11.49 ], "texture": "#0" }
			}
		},
		{
			"from": [ 7.5, 10, 1.3 ],
			"to": [ 8.5, 10.5, 1.7 ],
			"faces": {
				"down": { "uv": [ 7.01, 13.51, 7.99, 13.89 ], "texture": "#0" },
				"up": { "uv": [ 8.01, 5.51, 8.99, 5.89 ], "texture": "#0" },
				"north": { "uv": [ 5.01, 11.51, 5.99, 11.99 ], "texture": "#0" },
				"south": { "uv": [ 10.01, 11.51, 10.99, 11.99 ], "texture": "#0" }
			}
		},
		{
			"from": [ 6, 6, 1.3 ],
			"to": [ 10, 6.5, 1.7 ],
			"faces": {
				"down": { "uv": [ 5.51, 7.51, 5.99, 11.49 ], "texture": "#0", "rotation": 90 },
				"up": { "uv": [ 5.51, 7.51, 5.99, 11.49 ], "texture": "#0", "rotation": 90 },
				"north": { "uv": [ 5.51, 7.51, 5.99, 11.49 ], "texture": "#0", "rotation": 90 },
				"south": { "uv": [ 5.51, 7.51, 5.99, 11.49 ], "texture": "#0", "rotation": 90 }
			}
		},
		{
			"from": [ 7, 2, 1.3 ],
			"to": [ 7.5, 4.6, 1.7 ],
			"rotation": { "origin": [ 7, 2.5, 1.5 ], "axis": "z", "angle": 45 },
			"faces": {
				"north": { "uv": [ 5.51, 9.01, 5.99, 11.59 ], "texture": "#0" },
				"south": { "uv": [ 10.01, 8.51, 10.49, 11.09 ], "texture": "#0" },
				"west": { "uv": [ 5.51, 9.01, 5.89, 11.59 ], "texture": "#0" },
				"east": { "uv": [ 10.01, 8.51, 10.39, 11.09 ], "texture": "#0" }
			}
		},
		{
			"from": [ 8.5, 2, 1.3 ],
			"to": [ 9, 4.6, 1.7 ],
			"rotation": { "origin": [ 9, 2.5, 1.5 ], "axis": "z", "angle": -45 },
			"faces": {
				"north": { "uv": [ 10.01, 9.01, 10.49, 11.59 ], "texture": "#0" },
				"south": { "uv": [ 5.51, 9.01, 5.99, 11.59 ], "texture": "#0" },
				"west": { "uv": [ 10.01, 7.51, 10.39, 10.09 ], "texture": "#0" },
				"east": { "uv": [ 5.51, 7.51, 5.89, 10.09 ], "texture": "#0" }
			}
		},
		{
			"from": [ 7, 7.9, 1.3 ],
			"to": [ 7.5, 10.5, 1.7 ],
			"rotation": { "origin": [ 7, 10, 1.5 ], "axis": "z", "angle": -45 },
			"faces": {
				"north": { "uv": [ 5.51, 8.51, 5.99, 11.09 ], "texture": "#0" },
				"south": { "uv": [ 10.01, 9.51, 10.49, 12.09 ], "texture": "#0" },
				"west": { "uv": [ 5.51, 7.51, 5.89, 10.09 ], "texture": "#0" },
				"east": { "uv": [ 10.01, 9.51, 10.39, 12.09 ], "texture": "#0" }
			}
		},
		{
			"from": [ 8.5, 7.9, 1.3 ],
			"to": [ 9, 10.5, 1.7 ],
			"rotation": { "origin": [ 9, 10, 1.5 ], "axis": "z", "angle": 45 },
			"faces": {
				"north": { "uv": [ 10.01, 9.51, 10.49, 12.09 ], "texture": "#0" },
				"south": { "uv": [ 5.51, 9.01, 5.99, 11.59 ], "texture": "#0" },
				"west": { "uv": [ 10.01, 9.51, 10.39, 12.09 ], "texture": "#0" },
				"east": { "uv": [ 5.51, 7.51, 5.89, 10.09 ], "texture": "#0" }
			}
		},
		{
			"from": [ 1, 0.5, -0.5 ],
			"to": [ 2, 1.5, 3.5 ],
			"faces": {
				"down": { "uv": [ 14.99, 14.51, 14.01, 14.99 ], "texture": "#0" },
				"up": { "uv": [ 14.99, 15.01, 14.01, 15.49 ], "texture": "#0" },
				"north": { "uv": [ 14.01, 14.51, 14.99, 15.49 ], "texture": "#0" },
				"south": { "uv": [ 14.99, 14.51, 14.01, 15.49 ], "texture": "#0" },
				"west": { "uv": [ 14.01, 14.51, 14.49, 15.49 ], "texture": "#0" },
				"east": { "uv": [ 14, 14.5, 14.48, 15.48 ], "texture": "#0" }
			}
		},
		{
			"from": [ 15.5, 8, 0 ],
			"to": [ 16, 9.5, 3 ],
			"faces": {
				"down": { "uv": [ 5.99, 7.51, 3.01, 7.99 ], "texture": "#1", "rotation": 90 },
				"up": { "uv": [ 5.99, 6.51, 3.01, 6.99 ], "texture": "#1", "rotation": 90 },
				"north": { "uv": [ 0.01, 6.51, 0.49, 7.99 ], "texture": "#0" },
				"south": { "uv": [ 0.01, 6.51, 0.49, 7.99 ], "texture": "#0" },
				"east": { "uv": [ 3.01, 6.51, 5.99, 7.99 ], "texture": "#1" }
			}
		}
	]
}