{
	"__comment": "Created by Filal",
	"textures": {
		"particle": "block/jungle_door_bottom",
		"0": "block/jungle_door_bottom",
		"1": "block/jungle_door_edge"
	},
	"elements": [ 	 
		{
			"from": [ 0, 0, 1 ],
			"to": [ 16, 16, 2 ],
			"faces": {
				"down": { "uv": [ 7.01, 0.01, 7.99, 15.99 ], "texture": "#1", "rotation": 90 },
				"north": { "uv": [ 0.01, 0.01, 15.99, 15.99 ], "texture": "#0" },
				"south": { "uv": [ 15.99, 0.01, 0.01, 15.99 ], "texture": "#0" },
				"west": { "uv": [ 14.01, 0.01, 14.99, 15.99 ], "texture": "#1" },
				"east": { "uv": [ 1.01, 0.01, 1.99, 15.99 ], "texture": "#1" }
			}
		},
		{
			"from": [ 0.5, 0, 0 ],
			"to": [ 1.5, 16, 3 ],
			"faces": {
				"down": { "uv": [ 6.01, 14.51, 8.99, 15.49 ], "texture": "#1", "rotation": 90 },
				"north": { "uv": [ 14.51, 0.01, 15.49, 15.99 ], "texture": "#0" },
				"south": { "uv": [ 15.49, 0.01, 14.51, 15.99 ], "texture": "#0" },
				"west": { "uv": [ 13.01, 0.01, 15.99, 15.99 ], "texture": "#1" },
				"east": { "uv": [ 13.01, 0.01, 15.99, 15.99 ], "texture": "#1" }
			}
		},
		{
			"from": [ 14.5, 0, 0 ],
			"to": [ 15.5, 16, 3 ],
			"faces": {
				"down": { "uv": [ 6.01, 0.51, 8.99, 1.49 ], "texture": "#1", "rotation": 90 },
				"north": { "uv": [ 0.51, 0.01, 1.49, 15.99 ], "texture": "#0" },
				"south": { "uv": [ 1.49, 0.01, 0.51, 15.99 ], "texture": "#0" },
				"west": { "uv": [ 13.01, 0.01, 15.99, 15.99 ], "texture": "#1" },
				"east": { "uv": [ 0.01, 0.01, 2.99, 15.99 ], "texture": "#1" }
			}
		},
		{
			"from": [ 2, 0, 0 ],
			"to": [ 14, 2.5, 3 ],
			"faces": {
				"down": { "uv": [ 6.01, 2.01, 8.99, 13.99 ], "texture": "#1", "rotation": 90 },
				"up": { "uv": [ 6.01, 2.01, 8.99, 13.99 ], "texture": "#1", "rotation": 90 },
				"north": { "uv": [ 2.01, 13.51, 13.99, 15.99 ], "texture": "#0" },
				"south": { "uv": [ 13.99, 13.51, 2.01, 15.99 ], "texture": "#0" },
				"west": { "uv": [ 6.01, 9.51, 8.99, 11.99 ], "texture": "#1" },
				"east": { "uv": [ 6.01, 7.51, 8.99, 9.99 ], "texture": "#1" }
			}
		},
		{
			"from": [ 12.5, 3, 0.5 ],
			"to": [ 14, 16, 2.5 ],
			"faces": {
				"down": { "uv": [ 2.01, 12.51, 3.49, 12.99 ], "texture": "#0", "rotation": 180 },
				"north": { "uv": [ 2.01, 0.01, 3.49, 12.99 ], "texture": "#0" },
				"south": { "uv": [ 3.49, 0.01, 2.01, 12.99 ], "texture": "#0" },
				"west": { "uv": [ 3.01, 0.01, 3.49, 12.99 ], "texture": "#0" },
				"east": { "uv": [ 2.01, 0.01, 2.49, 12.99 ], "texture": "#0" }
			}
		},
		{
			"from": [ 2, 3, 0.5 ],
			"to": [ 3.5, 16, 2.5 ],
			"faces": {
				"down": { "uv": [ 12.51, 12.51, 13.99, 12.99 ], "texture": "#0", "rotation": 180 },
				"north": { "uv": [ 12.51, 0.01, 13.99, 12.99 ], "texture": "#0" },
				"south": { "uv": [ 13.99, 0.01, 12.51, 12.99 ], "texture": "#0" },
				"west": { "uv": [ 13.51, 0.01, 13.99, 12.99 ], "texture": "#0" },
				"east": { "uv": [ 12.51, 0.01, 12.99, 12.99 ], "texture": "#0" }
			}
		},
		{
			"from": [ 4, 3, 0.5 ],
			"to": [ 6.5, 13, 2.5 ],
			"faces": {
				"down": { "uv": [ 0.01, 0.01, 2.49, 0.49 ], "texture": "#0" },
				"up": { "uv": [ 9.51, 12.51, 11.99, 12.99 ], "texture": "#0" },
				"north": { "uv": [ 9.51, 3.01, 11.99, 12.99 ], "texture": "#0" },
				"south": { "uv": [ 11.99, 3.01, 9.51, 12.99 ], "texture": "#0" },
				"west": { "uv": [ 7.51, 2.01, 7.99, 11.99 ], "texture": "#1" },
				"east": { "uv": [ 8.01, 3.01, 8.49, 12.99 ], "texture": "#1" }
			}
		},
		{
			"from": [ 7, 3, 0.5 ],
			"to": [ 9, 13, 2.5 ],
			"faces": {
				"down": { "uv": [ 7.01, 12.51, 8.99, 12.99 ], "texture": "#0", "rotation": 180 },
				"up": { "uv": [ 7.01, 3.01, 8.99, 3.49 ], "texture": "#0", "rotation": 180 },
				"north": { "uv": [ 7.01, 3.01, 8.99, 12.99 ], "texture": "#0" },
				"south": { "uv": [ 8.99, 3.01, 7.01, 12.99 ], "texture": "#0" },
				"west": { "uv": [ 8.51, 3.01, 8.99, 12.99 ], "texture": "#0" },
				"east": { "uv": [ 7.01, 3.01, 7.49, 12.99 ], "texture": "#0" }
			}
		},
		{
			"from": [ 9.5, 3, 0.5 ],
			"to": [ 12, 13, 2.5 ],
			"faces": {
				"down": { "uv": [ 4.01, 12.51, 6.49, 12.99 ], "texture": "#0", "rotation": 180 },
				"up": { "uv": [ 4.01, 3.01, 6.49, 3.49 ], "texture": "#0", "rotation": 180 },
				"north": { "uv": [ 4.01, 3.01, 6.49, 12.99 ], "texture": "#0" },
				"south": { "uv": [ 6.49, 3.01, 4.01, 12.99 ], "texture": "#0" },
				"west": { "uv": [ 7.51, 3.01, 7.99, 12.99 ], "texture": "#1" },
				"east": { "uv": [ 7.01, 4.51, 7.49, 14.49 ], "texture": "#1" }
			}
		},
		{
			"from": [ 3.5, 13.5, 0 ],
			"to": [ 12.5, 15, 3 ],
			"faces": {
				"down": { "uv": [ 3.51, 2.01, 12.49, 2.49 ], "texture": "#0", "rotation": 180 },
				"up": { "uv": [ 3.51, 1.01, 12.49, 1.49 ], "texture": "#0", "rotation": 180 },
				"north": { "uv": [ 3.51, 1.01, 12.49, 2.49 ], "texture": "#0" },
				"south": { "uv": [ 12.49, 1.01, 3.51, 2.49 ], "texture": "#0" },
				"west": { "uv": [ 12.01, 1.01, 12.49, 2.49 ], "texture": "#0" },
				"east": { "uv": [ 3.51, 1.01, 3.99, 2.49 ], "texture": "#0" }
			}
		},
		{
			"from": [ 4, 15.5, 0.5 ],
			"to": [ 6.5, 16, 2.5 ],
			"faces": {
				"down": { "uv": [ 9.51, 0.01, 11.99, 0.49 ], "texture": "#0", "rotation": 180 },
				"north": { "uv": [ 9.51, 0.01, 11.99, 0.49 ], "texture": "#0" },
				"south": { "uv": [ 11.99, 0.01, 9.51, 0.49 ], "texture": "#0" },
				"west": { "uv": [ 11.51, 0.01, 11.99, 0.49 ], "texture": "#0" },
				"east": { "uv": [ 9.51, 0.01, 9.99, 0.49 ], "texture": "#0" }
			}
		},
		{
			"from": [ 7, 15.5, 0.5 ],
			"to": [ 9, 16, 2.5 ],
			"faces": {
				"down": { "uv": [ 7.01, 0.01, 8.99, 0.49 ], "texture": "#0", "rotation": 180 },
				"north": { "uv": [ 7.01, 0.01, 8.99, 0.49 ], "texture": "#0" },
				"south": { "uv": [ 8.99, 0.01, 7.01, 0.49 ], "texture": "#0" },
				"west": { "uv": [ 8.51, 0.01, 8.99, 0.49 ], "texture": "#0" },
				"east": { "uv": [ 7.01, 0.01, 7.49, 0.49 ], "texture": "#0" }
			}
		},
		{
			"from": [ 9.5, 15.5, 0.5 ],
			"to": [ 12, 16, 2.5 ],
			"faces": {
				"down": { "uv": [ 4.01, 0.01, 6.49, 0.49 ], "texture": "#0" },
				"north": { "uv": [ 4.01, 0.01, 6.49, 0.49 ], "texture": "#0" },
				"south": { "uv": [ 6.49, 0.01, 4.01, 0.49 ], "texture": "#0" },
				"west": { "uv": [ 6.01, 0.01, 6.49, 0.49 ], "texture": "#0" },
				"east": { "uv": [ 4.01, 0.01, 4.49, 0.49 ], "texture": "#0" }
			}
		},
		{
			"from": [ 5, 11, 0 ],
			"to": [ 5.5, 12, 3 ],
			"faces": {
				"down": { "uv": [ 10.51, 4.51, 10.99, 4.99 ], "texture": "#0" },
				"up": { "uv": [ 10.51, 4.01, 10.99, 4.49 ], "texture": "#0" },
				"north": { "uv": [ 10.51, 4.01, 10.99, 4.99 ], "texture": "#0" },
				"south": { "uv": [ 10.51, 4.01, 10.99, 4.99 ], "texture": "#0" },
				"west": { "uv": [ 10.51, 4.01, 10.99, 4.99 ], "texture": "#0" },
				"east": { "uv": [ 10.51, 4.01, 10.99, 4.99 ], "texture": "#0" }
			}
		},
		{
			"from": [ 10.5, 11, 0 ],
			"to": [ 11, 12, 3 ],
			"faces": {
				"down": { "uv": [ 5.01, 4.51, 5.49, 4.99 ], "texture": "#0" },
				"up": { "uv": [ 5.01, 4.01, 5.49, 4.49 ], "texture": "#0" },
				"north": { "uv": [ 5.01, 4.01, 5.49, 4.99 ], "texture": "#0" },
				"south": { "uv": [ 5.01, 4.01, 5.49, 4.99 ], "texture": "#0" },
				"west": { "uv": [ 5.01, 4.01, 5.49, 4.99 ], "texture": "#0" },
				"east": { "uv": [ 5.01, 4.01, 5.49, 4.99 ], "texture": "#0" }
			}
		},
		{
			"from": [ 4.5, 4.5, 0 ],
			"to": [ 6, 10.5, 3 ],
			"faces": {
				"down": { "uv": [ 10.01, 11.01, 11.49, 11.49 ], "texture": "#0", "rotation": 180 },
				"up": { "uv": [ 10.01, 5.51, 11.49, 5.99 ], "texture": "#0" },
				"north": { "uv": [ 10.01, 5.51, 11.49, 11.49 ], "texture": "#0" },
				"south": { "uv": [ 11.49, 5.51, 10.01, 11.49 ], "texture": "#0" },
				"west": { "uv": [ 11.01, 5.51, 11.49, 11.49 ], "texture": "#0" },
				"east": { "uv": [ 10.01, 5.51, 10.49, 11.49 ], "texture": "#0" }
			}
		},
		{
			"from": [ 4, 5, 0 ],
			"to": [ 6.5, 10, 0.5 ],
			"faces": {
				"down": { "uv": [ 9.51, 10.51, 11.99, 10.99 ], "texture": "#0" },
				"up": { "uv": [ 9.51, 6.01, 11.99, 6.49 ], "texture": "#0" },
				"north": { "uv": [ 9.51, 6.01, 11.99, 10.99 ], "texture": "#0" },
				"west": { "uv": [ 11.51, 6.01, 11.99, 10.99 ], "texture": "#0" },
				"east": { "uv": [ 9.51, 6.01, 9.99, 10.99 ], "texture": "#0" }
			}
		},
		{
			"from": [ 4, 5, 2.5 ],
			"to": [ 6.5, 10, 3 ],
			"faces": {
				"down": { "uv": [ 9.51, 10.51, 11.99, 10.99 ], "texture": "#0" },
				"up": { "uv": [ 9.51, 6.01, 11.99, 6.49 ], "texture": "#0" },
				"south": { "uv": [ 11.99, 6.01, 9.51, 10.99 ], "texture": "#0" },
				"west": { "uv": [ 11.51, 6.01, 11.99, 10.99 ], "texture": "#0" },
				"east": { "uv": [ 9.51, 6.01, 9.99, 10.99 ], "texture": "#0" }
			}
		},
		{
			"from": [ 10, 4.5, 0 ],
			"to": [ 11.5, 10.5, 3 ],
			"faces": {
				"down": { "uv": [ 4.51, 11.01, 5.99, 11.49 ], "texture": "#0", "rotation": 180 },
				"up": { "uv": [ 4.51, 5.51, 5.99, 5.99 ], "texture": "#0" },
				"north": { "uv": [ 4.51, 5.51, 5.99, 11.49 ], "texture": "#0" },
				"south": { "uv": [ 5.99, 5.51, 4.51, 11.49 ], "texture": "#0" },
				"west": { "uv": [ 5.51, 5.51, 5.99, 11.49 ], "texture": "#0" },
				"east": { "uv": [ 4.51, 5.51, 4.99, 11.49 ], "texture": "#0" }
			}
		},
		{
			"from": [ 9.5, 5, 0 ],
			"to": [ 12, 10, 0.5 ],
			"faces": {
				"down": { "uv": [ 4.01, 10.51, 6.49, 10.99 ], "texture": "#0", "rotation": 180 },
				"up": { "uv": [ 4.01, 6.01, 6.49, 6.49 ], "texture": "#0" },
				"north": { "uv": [ 4.01, 6.01, 6.49, 10.99 ], "texture": "#0" },
				"west": { "uv": [ 6.01, 6.01, 6.49, 10.99 ], "texture": "#0" },
				"east": { "uv": [ 4.01, 6.01, 4.49, 10.99 ], "texture": "#0" }
			}
		},
		{
			"from": [ 9.5, 5, 2.5 ],
			"to": [ 12, 10, 3 ],
			"faces": {
				"down": { "uv": [ 4.01, 10.51, 6.49, 10.99 ], "texture": "#0", "rotation": 180 },
				"up": { "uv": [ 4.01, 6.01, 6.49, 6.49 ], "texture": "#0" },
				"south": { "uv": [ 6.49, 6.01, 4.01, 10.99 ], "texture": "#0" },
				"west": { "uv": [ 6.01, 6.01, 6.49, 10.99 ], "texture": "#0" },
				"east": { "uv": [ 4.01, 6.01, 4.49, 10.99 ], "texture": "#0" }
			}
		},
		{
			"from": [ 15.5, 7, 0 ],
			"to": [ 16, 8.5, 3 ],
			"faces": {
				"down": { "uv": [ 0.01, 8.51, 2.99, 8.99 ], "texture": "#1", "rotation": 90 },
				"up": { "uv": [ 2.99, 7.51, 0.01, 7.99 ], "texture": "#1", "rotation": 90 },
				"north": { "uv": [ 0.01, 7.51, 0.49, 8.99 ], "texture": "#0" },
				"south": { "uv": [ 0.01, 7.51, 0.49, 8.99 ], "texture": "#0" },
				"east": { "uv": [ 0.01, 7.51, 2.99, 8.99 ], "texture": "#1" }
			}
		}
	]
}