{
	"__comment": "Created by Filal",
	"parent": "block/block",
	"textures": {
		"particle": "block/mossy_stone_bricks3",
		"1": "block/mossy_stone_bricks_top3",
		"0": "block/mossy_stone_bricks3"
	},
	"elements": [ 	 
		{
			"from": [ 0, 0, 0 ],
			"to": [ 16, 16, 16 ],
			"faces": {
				"down": { "uv": [ 0.01, 0.01, 15.99, 15.99 ], "texture": "#0", "cullface": "down" },
				"up": { "uv": [ 0.01, 0.01, 15.99, 15.99 ], "texture": "#1", "cullface": "up" },
				"north": { "uv": [ 0.01, 0.01, 15.99, 15.99 ], "texture": "#0", "cullface": "north" },
				"south": { "uv": [ 0.01, 0.01, 15.99, 15.99 ], "texture": "#0", "cullface": "south" },
				"west": { "uv": [ 0.01, 0.01, 15.99, 15.99 ], "texture": "#0", "cullface": "west" },
				"east": { "uv": [ 0.01, 0.01, 15.99, 15.99 ], "texture": "#0", "cullface": "east" }
			}
		},
		{
			"from": [ 0.502, 1.002, -0.498 ],
			"to": [ 6.498, 7.498, -0.002 ],
			"faces": {
				"down": { "uv": [ 15.49, 14.51, 9.51, 14.99 ], "texture": "#0", "cullface": "north" },
				"up": { "uv": [ 0.5, 15.5, 6.5, 16 ], "texture": "#0", "cullface": "north" },
				"north": { "uv": [ 9.51, 8.51, 15.49, 14.99 ], "texture": "#0", "cullface": "north" },
				"west": { "uv": [ 15.01, 8.51, 15.49, 14.99 ], "texture": "#0", "cullface": "north" },
				"east": { "uv": [ 9.51, 8.51, 9.99, 14.99 ], "texture": "#0", "cullface": "north" }
			}
		},
		{
			"from": [ 0.002, 2.002, -0.498 ],
			"to": [ 0.498, 7.498, 0.002 ],
			"faces": {
				"down": { "uv": [ 15.51, 13.51, 15.99, 13.99 ], "texture": "#0", "cullface": "north" },
				"up": { "uv": [ 15.51, 8.51, 15.99, 8.99 ], "texture": "#0", "cullface": "north" },
				"north": { "uv": [ 15.51, 8.51, 15.99, 13.99 ], "texture": "#0", "cullface": "north" },
				"west": { "uv": [ 15.51, 8.51, 15.99, 13.99 ], "texture": "#0", "cullface": "north" }
			}
		},
		{
			"from": [ 1.002, 7.502, -0.498 ],
			"to": [ 6.498, 7.998, -0.002 ],
			"faces": {
				"down": { "uv": [ 1.01, 0.01, 6.49, 0.49 ], "texture": "#0", "cullface": "north" },
				"up": { "uv": [ 14.99, 8.01, 9.51, 8.49 ], "texture": "#0", "cullface": "north" },
				"north": { "uv": [ 9.51, 8.01, 14.99, 8.49 ], "texture": "#0", "cullface": "north" },
				"west": { "uv": [ 14.51, 8.01, 14.99, 8.49 ], "texture": "#0", "cullface": "north" },
				"east": { "uv": [ 9.51, 8.01, 9.99, 8.49 ], "texture": "#0", "cullface": "north" }
			}
		},
		{
			"from": [ 7.002, 2.002, -0.498 ],
			"to": [ 7.489, 6.498, 0 ],
			"faces": {
				"down": { "uv": [ 8.51, 13.51, 8.99, 13.99 ], "texture": "#0", "cullface": "north" },
				"up": { "uv": [ 8.99, 9.51, 8.51, 9.99 ], "texture": "#0", "cullface": "north" },
				"north": { "uv": [ 8.51, 9.51, 9.49, 13.99 ], "texture": "#0", "cullface": "north" },
				"east": { "uv": [ 8.51, 9.51, 8.99, 13.99 ], "texture": "#0", "cullface": "north" }
			}
		},
		{
			"from": [ 6.502, 1.502, -0.498 ],
			"to": [ 6.998, 7.498, -0.002 ],
			"faces": {
				"down": { "uv": [ 9.01, 14.01, 9.49, 14.49 ], "texture": "#0", "cullface": "north" },
				"up": { "uv": [ 9.01, 8.51, 9.49, 8.99 ], "texture": "#0", "cullface": "north" },
				"north": { "uv": [ 9.01, 8.51, 9.49, 14.49 ], "texture": "#0", "cullface": "north" },
				"east": { "uv": [ 9.01, 8.51, 9.49, 14.49 ], "texture": "#0", "cullface": "north" }
			}
		},
		{
			"from": [ 8.502, 1.002, -0.498 ],
			"to": [ 14.998, 7.498, -0.002 ],
			"faces": {
				"down": { "uv": [ 7.49, 14.51, 1.01, 14.99 ], "texture": "#0", "cullface": "north" },
				"up": { "uv": [ 7.49, 8.51, 1.01, 8.99 ], "texture": "#0", "cullface": "north" },
				"north": { "uv": [ 1.01, 8.51, 7.49, 14.99 ], "texture": "#0", "cullface": "north" },
				"west": { "uv": [ 7.01, 8.51, 7.49, 14.99 ], "texture": "#0", "cullface": "north" },
				"east": { "uv": [ 1.01, 8.51, 1.49, 14.99 ], "texture": "#0", "cullface": "north" }
			}
		},
		{
			"from": [ 9.502, 7.502, -0.498 ],
			"to": [ 14.498, 7.998, -0.002 ],
			"faces": {
				"up": { "uv": [ 6.49, 8.01, 1.51, 8.49 ], "texture": "#0", "cullface": "north" },
				"north": { "uv": [ 1.51, 8.01, 6.49, 8.49 ], "texture": "#0", "cullface": "north" },
				"west": { "uv": [ 6.01, 8.01, 6.49, 8.49 ], "texture": "#0", "cullface": "north" },
				"east": { "uv": [ 1.51, 8.01, 1.99, 8.49 ], "texture": "#0", "cullface": "north" }
			}
		},
		{
			"from": [ 15.002, 1.002, -0.498 ],
			"to": [ 15.498, 6.498, 0.002 ],
			"faces": {
				"down": { "uv": [ 0.51, 14.51, 0.99, 14.99 ], "texture": "#0", "cullface": "north" },
				"up": { "uv": [ 0.51, 9.51, 0.99, 9.99 ], "texture": "#0", "cullface": "north" },
				"north": { "uv": [ 0.51, 9.51, 0.99, 14.99 ], "texture": "#0", "cullface": "north" },
				"east": { "uv": [ 0.51, 9.51, 0.99, 14.99 ], "texture": "#0", "cullface": "north" }
			}
		},
		{
			"from": [ 8.002, 1.502, -0.498 ],
			"to": [ 8.498, 6.998, -0.002 ],
			"faces": {
				"down": { "uv": [ 7.51, 14.01, 7.99, 14.49 ], "texture": "#0", "cullface": "north" },
				"up": { "uv": [ 7.51, 9.01, 7.99, 9.49 ], "texture": "#0", "cullface": "north" },
				"north": { "uv": [ 7.51, 9.01, 7.99, 14.49 ], "texture": "#0", "cullface": "north" },
				"west": { "uv": [ 7.51, 9.01, 7.99, 14.49 ], "texture": "#0", "cullface": "north" }
			}
		},
		{
			"from": [ 9.002, 0.502, -0.498 ],
			"to": [ 13.998, 0.998, -0.002 ],
			"faces": {
				"down": { "uv": [ 6.99, 15.01, 2.01, 15.49 ], "texture": "#0", "cullface": "north" },
				"north": { "uv": [ 2.01, 15.01, 6.99, 15.49 ], "texture": "#0", "cullface": "north" },
				"west": { "uv": [ 6.51, 15.01, 6.99, 15.49 ], "texture": "#0", "cullface": "north" },
				"east": { "uv": [ 2.01, 15.01, 2.49, 15.49 ], "texture": "#0", "cullface": "north" }
			}
		},
		{
			"from": [ 0.002, 8.502, -0.498 ],
			"to": [ 2.998, 15.498, -0.002 ],
			"faces": {
				"down": { "uv": [ 15.99, 7.01, 13.01, 7.49 ], "texture": "#0", "cullface": "north" },
				"up": { "uv": [ 15.99, 0.51, 13.01, 0.99 ], "texture": "#0", "cullface": "north" },
				"north": { "uv": [ 13.01, 0.51, 15.99, 7.49 ], "texture": "#0", "cullface": "north" },
				"west": { "uv": [ 15.51, 0.51, 15.99, 7.49 ], "texture": "#0", "cullface": "north" },
				"east": { "uv": [ 13.01, 0.51, 13.49, 7.49 ], "texture": "#0", "cullface": "north" }
			}
		},
		{
			"from": [ 0.002, 15.502, -0.498 ],
			"to": [ 1.998, 15.998, -0.002 ],
			"faces": {
				"up": { "uv": [ 15.99, 0.01, 14.01, 0.49 ], "texture": "#0", "cullface": "north" },
				"north": { "uv": [ 14.01, 0.01, 15.99, 0.49 ], "texture": "#0", "cullface": "north" },
				"west": { "uv": [ 15.51, 0.01, 15.99, 0.49 ], "texture": "#0", "cullface": "north" },
				"east": { "uv": [ 14.01, 0.01, 14.49, 0.49 ], "texture": "#0", "cullface": "north" }
			}
		},
		{
			"from": [ 3.002, 9.502, -0.498 ],
			"to": [ 3.498, 14.998, -0.002 ],
			"faces": {
				"down": { "uv": [ 12.51, 6.01, 12.99, 6.49 ], "texture": "#0", "cullface": "north" },
				"up": { "uv": [ 12.51, 1.01, 12.99, 1.49 ], "texture": "#0", "cullface": "north" },
				"north": { "uv": [ 12.51, 1.01, 12.99, 6.49 ], "texture": "#0", "cullface": "north" },
				"east": { "uv": [ 12.51, 1.01, 12.99, 6.49 ], "texture": "#0", "cullface": "north" }
			}
		},
		{
			"from": [ 13.002, 11.002, -0.498 ],
			"to": [ 15.998, 15.498, 0.002 ],
			"faces": {
				"down": { "uv": [ 2.99, 4.51, 0.01, 4.99 ], "texture": "#0", "cullface": "north" },
				"up": { "uv": [ 2.99, 0.51, 0.01, 0.99 ], "texture": "#0", "cullface": "north" },
				"north": { "uv": [ 0.01, 0.51, 2.99, 4.99 ], "texture": "#0", "cullface": "north" },
				"west": { "uv": [ 2.51, 0.51, 2.99, 4.99 ], "texture": "#0", "cullface": "north" },
				"east": { "uv": [ 0.01, 0.51, 0.49, 4.99 ], "texture": "#0", "cullface": "north" }
			}
		},
		{
			"from": [ 12.502, 12.002, -0.498 ],
			"to": [ 12.998, 15.498, -0.002 ],
			"faces": {
				"down": { "uv": [ 3.01, 3.51, 3.49, 3.99 ], "texture": "#0", "cullface": "north" },
				"up": { "uv": [ 3.01, 0.51, 3.49, 0.99 ], "texture": "#0", "cullface": "north" },
				"north": { "uv": [ 3.01, 0.51, 3.49, 3.99 ], "texture": "#0", "cullface": "north" },
				"west": { "uv": [ 3.01, 0.51, 3.49, 3.99 ], "texture": "#0", "cullface": "north" }
			}
		},
		{
			"from": [ 12.002, 12.502, -0.498 ],
			"to": [ 12.498, 14.998, -0.002 ],
			"faces": {
				"down": { "uv": [ 3.51, 3.01, 3.99, 3.49 ], "texture": "#0", "cullface": "north" },
				"up": { "uv": [ 3.51, 1.01, 3.99, 1.49 ], "texture": "#0", "cullface": "north" },
				"north": { "uv": [ 3.51, 1.01, 3.99, 3.49 ], "texture": "#0", "cullface": "north" },
				"west": { "uv": [ 3.51, 1.01, 3.99, 3.49 ], "texture": "#0", "cullface": "north" }
			}
		},
		{
			"from": [ 14.002, 15.502, -0.498 ],
			"to": [ 15.998, 15.998, -0.002 ],
			"faces": {
				"up": { "uv": [ 1.99, 0.01, 0.01, 0.49 ], "texture": "#0", "cullface": "north" },
				"north": { "uv": [ 0.01, 0.01, 1.99, 0.49 ], "texture": "#0", "cullface": "north" },
				"west": { "uv": [ 1.51, 0.01, 1.99, 0.49 ], "texture": "#0", "cullface": "north" },
				"east": { "uv": [ 0.01, 0.01, 0.49, 0.49 ], "texture": "#0", "cullface": "north" }
			}
		},
		{
			"from": [ 5.002, 9.002, -0.3 ],
			"to": [ 10.998, 15.498, 0 ],
			"faces": {
				"down": { "uv": [ 10.99, 6.51, 5.01, 6.79 ], "texture": "#0", "cullface": "north" },
				"up": { "uv": [ 10.99, 0.51, 5.01, 0.79 ], "texture": "#0", "cullface": "north" },
				"north": { "uv": [ 5.01, 0.51, 10.99, 6.99 ], "texture": "#0", "cullface": "north" },
				"west": { "uv": [ 10.51, 0.51, 10.79, 6.99 ], "texture": "#0", "cullface": "north" },
				"east": { "uv": [ 5.01, 0.51, 5.29, 6.99 ], "texture": "#0", "cullface": "north" }
			}
		},
		{
			"from": [ 4.502, 8.502, -0.3 ],
			"to": [ 4.998, 15.498, 0 ],
			"faces": {
				"down": { "uv": [ 11.01, 7.01, 11.49, 7.29 ], "texture": "#0", "cullface": "north" },
				"up": { "uv": [ 11.01, 0.51, 11.49, 0.79 ], "texture": "#0", "cullface": "north" },
				"north": { "uv": [ 11.01, 0.51, 11.49, 7.49 ], "texture": "#0", "cullface": "north" },
				"west": { "uv": [ 11.01, 0.51, 11.49, 7.49 ], "texture": "#0", "cullface": "north" }
			}
		},
		{
			"from": [ 4.002, 12.002, -0.3 ],
			"to": [ 4.498, 14.998, 0 ],
			"faces": {
				"down": { "uv": [ 11.51, 3.51, 11.99, 3.99 ], "texture": "#0", "cullface": "north" },
				"up": { "uv": [ 11.51, 1.01, 11.99, 1.49 ], "texture": "#0", "cullface": "north" },
				"north": { "uv": [ 11.51, 1.01, 11.99, 3.99 ], "texture": "#0", "cullface": "north" },
				"west": { "uv": [ 11.51, 1.01, 11.99, 3.99 ], "texture": "#0", "cullface": "north" }
			}
		},
		{
			"from": [ 4.002, 9.002, -0.3 ],
			"to": [ 4.498, 11.498, 0 ],
			"faces": {
				"down": { "uv": [ 11.51, 6.51, 11.99, 6.79 ], "texture": "#0", "cullface": "north" },
				"up": { "uv": [ 11.51, 4.51, 11.99, 4.79 ], "texture": "#0", "cullface": "north" },
				"north": { "uv": [ 11.51, 4.51, 11.99, 6.99 ], "texture": "#0", "cullface": "north" },
				"west": { "uv": [ 11.51, 4.51, 11.79, 6.99 ], "texture": "#0", "cullface": "north" }
			}
		},
		{
			"from": [ 11.002, 10.502, -0.3 ],
			"to": [ 11.498, 14.998, 0 ],
			"faces": {
				"down": { "uv": [ 4.51, 5.01, 4.99, 5.49 ], "texture": "#0", "cullface": "north" },
				"up": { "uv": [ 4.51, 1.01, 4.99, 1.49 ], "texture": "#0", "cullface": "north" },
				"north": { "uv": [ 4.51, 1.01, 4.99, 5.49 ], "texture": "#0", "cullface": "north" },
				"east": { "uv": [ 4.51, 1.01, 4.99, 5.49 ], "texture": "#0", "cullface": "north" }
			}
		},
		{
			"from": [ 5.502, 8.502, -0.3 ],
			"to": [ 7.498, 8.998, 0 ],
			"faces": {
				"down": { "uv": [ 10.49, 7.01, 8.51, 7.49 ], "texture": "#0", "cullface": "north" },
				"north": { "uv": [ 8.51, 7.01, 10.49, 7.49 ], "texture": "#0", "cullface": "north" },
				"west": { "uv": [ 10.01, 7.01, 10.49, 7.49 ], "texture": "#0", "cullface": "north" },
				"east": { "uv": [ 8.51, 7.01, 8.99, 7.49 ], "texture": "#0", "cullface": "north" }
			}
		},
		{
			"from": [ 8.502, 8.502, -0.3 ],
			"to": [ 10.498, 8.998, 0 ],
			"faces": {
				"down": { "uv": [ 7.49, 7.01, 5.51, 7.49 ], "texture": "#0", "cullface": "north" },
				"north": { "uv": [ 5.51, 7.01, 7.49, 7.49 ], "texture": "#0", "cullface": "north" },
				"west": { "uv": [ 7.01, 7.01, 7.49, 7.49 ], "texture": "#0", "cullface": "north" },
				"east": { "uv": [ 5.51, 7.01, 5.99, 7.49 ], "texture": "#0", "cullface": "north" }
			}
		},
		{
			"from": [ -0.498, 1.002, 9.502 ],
			"to": [ -0.002, 7.498, 15.498 ],
			"faces": {
				"down": { "uv": [ 15.49, 14.51, 9.51, 14.99 ], "texture": "#0", "cullface": "west", "rotation": 90 },
				"up": { "uv": [ 15.5, 9.5, 16, 15.5 ], "texture": "#0", "cullface": "west" },
				"north": { "uv": [ 9.51, 8.51, 9.99, 14.99 ], "texture": "#0", "cullface": "west" },
				"south": { "uv": [ 15.01, 8.51, 15.49, 14.99 ], "texture": "#0", "cullface": "west" },
				"west": { "uv": [ 9.51, 8.51, 15.49, 14.99 ], "texture": "#0", "cullface": "west" }
			}
		},
		{
			"from": [ -0.498, 2.002, 15.502 ],
			"to": [ -0.002, 7.498, 15.998 ],
			"faces": {
				"down": { "uv": [ 15.51, 13.51, 15.99, 13.99 ], "texture": "#0", "cullface": "west", "rotation": 90 },
				"up": { "uv": [ 15.51, 8.51, 15.99, 8.99 ], "texture": "#0", "cullface": "west", "rotation": 270 },
				"south": { "uv": [ 15.51, 8.51, 15.99, 13.99 ], "texture": "#0", "cullface": "west" },
				"west": { "uv": [ 15.51, 8.51, 15.99, 13.99 ], "texture": "#0", "cullface": "west" }
			}
		},
		{
			"from": [ -0.498, 7.502, 9.502 ],
			"to": [ -0.002, 7.998, 14.998 ],
			"faces": {
				"down": { "uv": [ 1.01, 0.01, 6.49, 0.49 ], "texture": "#0", "cullface": "west", "rotation": 90 },
				"up": { "uv": [ 14.99, 8.01, 9.51, 8.49 ], "texture": "#0", "cullface": "west", "rotation": 270 },
				"north": { "uv": [ 9.51, 8.01, 9.99, 8.49 ], "texture": "#0", "cullface": "west" },
				"south": { "uv": [ 14.51, 8.01, 14.99, 8.49 ], "texture": "#0", "cullface": "west" },
				"west": { "uv": [ 9.51, 8.01, 14.99, 8.49 ], "texture": "#0", "cullface": "west" }
			}
		},
		{
			"from": [ -0.498, 2.002, 8.502 ],
			"to": [ -0.002, 6.498, 8.998 ],
			"faces": {
				"down": { "uv": [ 8.51, 13.51, 8.99, 13.99 ], "texture": "#0", "cullface": "west", "rotation": 90 },
				"up": { "uv": [ 8.99, 9.51, 8.51, 9.99 ], "texture": "#0", "cullface": "west", "rotation": 270 },
				"north": { "uv": [ 8.51, 9.51, 8.99, 13.99 ], "texture": "#0", "cullface": "west" },
				"west": { "uv": [ 8.51, 9.51, 9.49, 13.99 ], "texture": "#0", "cullface": "west" }
			}
		},
		{
			"from": [ -0.498, 1.502, 9.002 ],
			"to": [ -0.002, 7.498, 9.498 ],
			"faces": {
				"down": { "uv": [ 9.01, 14.01, 9.49, 14.49 ], "texture": "#0", "cullface": "west", "rotation": 90 },
				"up": { "uv": [ 9.01, 8.51, 9.49, 8.99 ], "texture": "#0", "cullface": "west", "rotation": 270 },
				"north": { "uv": [ 9.01, 8.51, 9.49, 14.49 ], "texture": "#0", "cullface": "west" },
				"west": { "uv": [ 9.01, 8.51, 9.49, 14.49 ], "texture": "#0", "cullface": "west" }
			}
		},
		{
			"from": [ -0.498, 1.002, 1.002 ],
			"to": [ -0.002, 7.498, 7.498 ],
			"faces": {
				"down": { "uv": [ 7.49, 14.51, 1.01, 14.99 ], "texture": "#0", "cullface": "west", "rotation": 90 },
				"up": { "uv": [ 7.49, 8.51, 1.01, 8.99 ], "texture": "#0", "cullface": "west", "rotation": 270 },
				"north": { "uv": [ 1.01, 8.51, 1.49, 14.99 ], "texture": "#0", "cullface": "west" },
				"south": { "uv": [ 7.01, 8.51, 7.49, 14.99 ], "texture": "#0", "cullface": "west" },
				"west": { "uv": [ 1.01, 8.51, 7.49, 14.99 ], "texture": "#0", "cullface": "west" }
			}
		},
		{
			"from": [ -0.498, 7.502, 1.502 ],
			"to": [ -0.002, 7.998, 6.498 ],
			"faces": {
				"up": { "uv": [ 6.49, 8.01, 1.51, 8.49 ], "texture": "#0", "cullface": "west", "rotation": 270 },
				"north": { "uv": [ 1.51, 8.01, 1.99, 8.49 ], "texture": "#0", "cullface": "west" },
				"south": { "uv": [ 6.01, 8.01, 6.49, 8.49 ], "texture": "#0", "cullface": "west" },
				"west": { "uv": [ 1.51, 8.01, 6.49, 8.49 ], "texture": "#0", "cullface": "west" }
			}
		},
		{
			"from": [ -0.498, 1.002, 0.502 ],
			"to": [ -0.002, 6.498, 0.998 ],
			"faces": {
				"down": { "uv": [ 0.51, 14.51, 0.99, 14.99 ], "texture": "#0", "cullface": "west", "rotation": 90 },
				"up": { "uv": [ 0.51, 9.51, 0.99, 9.99 ], "texture": "#0", "cullface": "west", "rotation": 270 },
				"north": { "uv": [ 0.51, 9.51, 0.99, 14.99 ], "texture": "#0", "cullface": "west" },
				"west": { "uv": [ 0.51, 9.51, 0.99, 14.99 ], "texture": "#0", "cullface": "west" }
			}
		},
		{
			"from": [ -0.498, 1.502, 7.502 ],
			"to": [ -0.002, 6.998, 7.998 ],
			"faces": {
				"down": { "uv": [ 7.51, 14.01, 7.99, 14.49 ], "texture": "#0", "cullface": "west", "rotation": 90 },
				"up": { "uv": [ 7.51, 9.01, 7.99, 9.49 ], "texture": "#0", "cullface": "west", "rotation": 270 },
				"south": { "uv": [ 7.51, 9.01, 7.99, 14.49 ], "texture": "#0", "cullface": "west" },
				"west": { "uv": [ 7.51, 9.01, 7.99, 14.49 ], "texture": "#0", "cullface": "west" }
			}
		},
		{
			"from": [ -0.498, 0.502, 2.002 ],
			"to": [ -0.002, 0.998, 6.998 ],
			"faces": {
				"down": { "uv": [ 6.99, 15.01, 2.01, 15.49 ], "texture": "#0", "cullface": "west", "rotation": 90 },
				"north": { "uv": [ 2.01, 15.01, 2.49, 15.49 ], "texture": "#0", "cullface": "west" },
				"south": { "uv": [ 6.51, 15.01, 6.99, 15.49 ], "texture": "#0", "cullface": "west" },
				"west": { "uv": [ 2.01, 15.01, 6.99, 15.49 ], "texture": "#0", "cullface": "west" }
			}
		},
		{
			"from": [ -0.498, 8.502, 13.002 ],
			"to": [ -0.002, 15.498, 15.998 ],
			"faces": {
				"down": { "uv": [ 15.99, 7.01, 13.01, 7.49 ], "texture": "#0", "cullface": "west", "rotation": 90 },
				"up": { "uv": [ 15.99, 0.51, 13.01, 0.99 ], "texture": "#0", "cullface": "west", "rotation": 270 },
				"north": { "uv": [ 13.01, 0.51, 13.49, 7.49 ], "texture": "#0", "cullface": "west" },
				"south": { "uv": [ 15.51, 0.51, 15.99, 7.49 ], "texture": "#0", "cullface": "west" },
				"west": { "uv": [ 13.01, 0.51, 15.99, 7.49 ], "texture": "#0", "cullface": "west" }
			}
		},
		{
			"from": [ -0.498, 15.502, 14.002 ],
			"to": [ -0.002, 15.998, 15.998 ],
			"faces": {
				"up": { "uv": [ 15.99, 0.01, 14.01, 0.49 ], "texture": "#0", "cullface": "west", "rotation": 270 },
				"north": { "uv": [ 14.01, 0.01, 14.49, 0.49 ], "texture": "#0", "cullface": "west" },
				"south": { "uv": [ 15.51, 0.01, 15.99, 0.49 ], "texture": "#0", "cullface": "west" },
				"west": { "uv": [ 14.01, 0.01, 15.99, 0.49 ], "texture": "#0", "cullface": "west" }
			}
		},
		{
			"from": [ -0.498, 9.502, 12.502 ],
			"to": [ -0.002, 14.998, 12.998 ],
			"faces": {
				"down": { "uv": [ 12.51, 6.01, 12.99, 6.49 ], "texture": "#0", "cullface": "west", "rotation": 90 },
				"up": { "uv": [ 12.51, 1.01, 12.99, 1.49 ], "texture": "#0", "cullface": "west", "rotation": 270 },
				"north": { "uv": [ 12.51, 1.01, 12.99, 6.49 ], "texture": "#0", "cullface": "west" },
				"west": { "uv": [ 12.51, 1.01, 12.99, 6.49 ], "texture": "#0", "cullface": "west" }
			}
		},
		{
			"from": [ -0.3, 9.002, 5.002 ],
			"to": [ 0, 15.498, 10.998 ],
			"faces": {
				"down": { "uv": [ 10.99, 6.51, 5.01, 6.79 ], "texture": "#0", "cullface": "west", "rotation": 90 },
				"up": { "uv": [ 10.99, 0.51, 5.01, 0.79 ], "texture": "#0", "cullface": "west", "rotation": 270 },
				"north": { "uv": [ 5.01, 0.51, 5.29, 6.99 ], "texture": "#0", "cullface": "west" },
				"south": { "uv": [ 10.51, 0.51, 10.79, 6.99 ], "texture": "#0", "cullface": "west" },
				"west": { "uv": [ 5.01, 0.51, 10.99, 6.99 ], "texture": "#0", "cullface": "west" }
			}
		},
		{
			"from": [ -0.3, 8.502, 11.002 ],
			"to": [ 0, 15.498, 11.498 ],
			"faces": {
				"down": { "uv": [ 11.01, 7.01, 11.49, 7.29 ], "texture": "#0", "cullface": "west", "rotation": 90 },
				"up": { "uv": [ 11.01, 0.51, 11.49, 0.79 ], "texture": "#0", "cullface": "west", "rotation": 270 },
				"south": { "uv": [ 11.01, 0.51, 11.49, 7.49 ], "texture": "#0", "cullface": "west" },
				"west": { "uv": [ 11.01, 0.51, 11.49, 7.49 ], "texture": "#0", "cullface": "west" }
			}
		},
		{
			"from": [ -0.3, 12.002, 11.502 ],
			"to": [ 0, 14.998, 11.998 ],
			"faces": {
				"down": { "uv": [ 11.51, 3.51, 11.99, 3.99 ], "texture": "#0", "cullface": "west", "rotation": 90 },
				"up": { "uv": [ 11.51, 1.01, 11.99, 1.49 ], "texture": "#0", "cullface": "west", "rotation": 270 },
				"south": { "uv": [ 11.51, 1.01, 11.99, 3.99 ], "texture": "#0", "cullface": "west" },
				"west": { "uv": [ 11.51, 1.01, 11.99, 3.99 ], "texture": "#0", "cullface": "west" }
			}
		},
		{
			"from": [ -0.3, 9.002, 11.502 ],
			"to": [ 0, 11.498, 11.998 ],
			"faces": {
				"down": { "uv": [ 11.51, 6.51, 11.99, 6.79 ], "texture": "#0", "cullface": "west", "rotation": 90 },
				"up": { "uv": [ 11.51, 4.51, 11.99, 4.79 ], "texture": "#0", "cullface": "west", "rotation": 270 },
				"south": { "uv": [ 11.51, 4.51, 11.79, 6.99 ], "texture": "#0", "cullface": "west" },
				"west": { "uv": [ 11.51, 4.51, 11.99, 6.99 ], "texture": "#0", "cullface": "west" }
			}
		},
		{
			"from": [ -0.3, 10.502, 4.502 ],
			"to": [ 0, 14.998, 4.998 ],
			"faces": {
				"down": { "uv": [ 4.51, 5.01, 4.99, 5.49 ], "texture": "#0", "cullface": "west", "rotation": 90 },
				"up": { "uv": [ 4.51, 1.01, 4.99, 1.49 ], "texture": "#0", "cullface": "west", "rotation": 270 },
				"north": { "uv": [ 4.51, 1.01, 4.99, 5.49 ], "texture": "#0", "cullface": "west" },
				"west": { "uv": [ 4.51, 1.01, 4.99, 5.49 ], "texture": "#0", "cullface": "west" }
			}
		},
		{
			"from": [ -0.3, 8.502, 8.502 ],
			"to": [ 0, 8.998, 10.498 ],
			"faces": {
				"down": { "uv": [ 10.49, 7.01, 8.51, 7.49 ], "texture": "#0", "cullface": "west", "rotation": 90 },
				"north": { "uv": [ 8.51, 7.01, 8.99, 7.49 ], "texture": "#0", "cullface": "west" },
				"south": { "uv": [ 10.01, 7.01, 10.49, 7.49 ], "texture": "#0", "cullface": "west" },
				"west": { "uv": [ 8.51, 7.01, 10.49, 7.49 ], "texture": "#0", "cullface": "west" }
			}
		},
		{
			"from": [ -0.3, 8.502, 5.502 ],
			"to": [ 0, 8.998, 7.498 ],
			"faces": {
				"down": { "uv": [ 7.49, 7.01, 5.51, 7.49 ], "texture": "#0", "cullface": "west", "rotation": 90 },
				"north": { "uv": [ 5.51, 7.01, 5.99, 7.49 ], "texture": "#0", "cullface": "west" },
				"south": { "uv": [ 7.01, 7.01, 7.49, 7.49 ], "texture": "#0", "cullface": "west" },
				"west": { "uv": [ 5.51, 7.01, 7.49, 7.49 ], "texture": "#0", "cullface": "west" }
			}
		},
		{
			"from": [ 9.502, 1.002, 16.002 ],
			"to": [ 15.498, 7.498, 16.498 ],
			"faces": {
				"down": { "uv": [ 15.49, 14.51, 9.51, 14.99 ], "texture": "#0", "cullface": "south", "rotation": 180 },
				"up": { "uv": [ 9.5, 0, 15.5, 0.5 ], "texture": "#0", "cullface": "south" },
				"south": { "uv": [ 9.51, 8.51, 15.49, 14.99 ], "texture": "#0", "cullface": "south" },
				"west": { "uv": [ 9.51, 8.51, 9.99, 14.99 ], "texture": "#0", "cullface": "south" },
				"east": { "uv": [ 15.01, 8.51, 15.49, 14.99 ], "texture": "#0", "cullface": "south" }
			}
		},
		{
			"from": [ 15.502, 2.002, 16.002 ],
			"to": [ 15.998, 7.498, 16.498 ],
			"faces": {
				"down": { "uv": [ 15.51, 13.51, 15.99, 13.99 ], "texture": "#0", "cullface": "south", "rotation": 180 },
				"up": { "uv": [ 15.51, 8.51, 15.99, 8.99 ], "texture": "#0", "cullface": "south", "rotation": 180 },
				"south": { "uv": [ 15.51, 8.51, 15.99, 13.99 ], "texture": "#0", "cullface": "south" },
				"east": { "uv": [ 15.51, 8.51, 15.99, 13.99 ], "texture": "#0", "cullface": "south" }
			}
		},
		{
			"from": [ 9.502, 7.502, 16.002 ],
			"to": [ 14.998, 7.998, 16.498 ],
			"faces": {
				"down": { "uv": [ 1.01, 0.01, 6.49, 0.49 ], "texture": "#0", "cullface": "south", "rotation": 180 },
				"up": { "uv": [ 14.99, 8.01, 9.51, 8.49 ], "texture": "#0", "cullface": "south", "rotation": 180 },
				"south": { "uv": [ 9.51, 8.01, 14.99, 8.49 ], "texture": "#0", "cullface": "south" },
				"west": { "uv": [ 9.51, 8.01, 9.99, 8.49 ], "texture": "#0", "cullface": "south" },
				"east": { "uv": [ 14.51, 8.01, 14.99, 8.49 ], "texture": "#0", "cullface": "south" }
			}
		},
		{
			"from": [ 8.502, 2.002, 16.002 ],
			"to": [ 8.998, 6.498, 16.498 ],
			"faces": {
				"down": { "uv": [ 8.51, 13.51, 8.99, 13.99 ], "texture": "#0", "cullface": "south", "rotation": 180 },
				"up": { "uv": [ 8.99, 9.51, 8.51, 9.99 ], "texture": "#0", "cullface": "south", "rotation": 180 },
				"south": { "uv": [ 8.51, 9.51, 9.49, 13.99 ], "texture": "#0", "cullface": "south" },
				"west": { "uv": [ 8.51, 9.51, 8.99, 13.99 ], "texture": "#0", "cullface": "south" }
			}
		},
		{
			"from": [ 9.002, 1.502, 16.002 ],
			"to": [ 9.498, 7.498, 16.498 ],
			"faces": {
				"down": { "uv": [ 9.01, 14.01, 9.49, 14.49 ], "texture": "#0", "cullface": "south", "rotation": 180 },
				"up": { "uv": [ 9.01, 8.51, 9.49, 8.99 ], "texture": "#0", "cullface": "south", "rotation": 180 },
				"south": { "uv": [ 9.01, 8.51, 9.49, 14.49 ], "texture": "#0", "cullface": "south" },
				"west": { "uv": [ 9.01, 8.51, 9.49, 14.49 ], "texture": "#0", "cullface": "south" }
			}
		},
		{
			"from": [ 1.002, 1.002, 16.002 ],
			"to": [ 7.498, 7.498, 16.498 ],
			"faces": {
				"down": { "uv": [ 7.49, 14.51, 1.01, 14.99 ], "texture": "#0", "cullface": "south", "rotation": 180 },
				"up": { "uv": [ 7.49, 8.51, 1.01, 8.99 ], "texture": "#0", "cullface": "south", "rotation": 180 },
				"south": { "uv": [ 1.01, 8.51, 7.49, 14.99 ], "texture": "#0", "cullface": "south" },
				"west": { "uv": [ 1.01, 8.51, 1.49, 14.99 ], "texture": "#0", "cullface": "south" },
				"east": { "uv": [ 7.01, 8.51, 7.49, 14.99 ], "texture": "#0", "cullface": "south" }
			}
		},
		{
			"from": [ 1.502, 7.502, 16.002 ],
			"to": [ 6.498, 7.998, 16.498 ],
			"faces": {
				"up": { "uv": [ 6.49, 8.01, 1.51, 8.49 ], "texture": "#0", "cullface": "south", "rotation": 180 },
				"south": { "uv": [ 1.51, 8.01, 6.49, 8.49 ], "texture": "#0", "cullface": "south" },
				"west": { "uv": [ 1.51, 8.01, 1.99, 8.49 ], "texture": "#0", "cullface": "south" },
				"east": { "uv": [ 6.01, 8.01, 6.49, 8.49 ], "texture": "#0", "cullface": "south" }
			}
		},
		{
			"from": [ 0.502, 1.002, 16.002 ],
			"to": [ 0.998, 6.498, 16.498 ],
			"faces": {
				"down": { "uv": [ 0.51, 14.51, 0.99, 14.99 ], "texture": "#0", "cullface": "south", "rotation": 180 },
				"up": { "uv": [ 0.51, 9.51, 0.99, 9.99 ], "texture": "#0", "cullface": "south", "rotation": 180 },
				"south": { "uv": [ 0.51, 9.51, 0.99, 14.99 ], "texture": "#0", "cullface": "south" },
				"west": { "uv": [ 0.51, 9.51, 0.99, 14.99 ], "texture": "#0", "cullface": "south" }
			}
		},
		{
			"from": [ 7.502, 1.502, 16.002 ],
			"to": [ 7.998, 6.998, 16.498 ],
			"faces": {
				"down": { "uv": [ 7.51, 14.01, 7.99, 14.49 ], "texture": "#0", "cullface": "south", "rotation": 180 },
				"up": { "uv": [ 7.51, 9.01, 7.99, 9.49 ], "texture": "#0", "cullface": "south", "rotation": 180 },
				"south": { "uv": [ 7.51, 9.01, 7.99, 14.49 ], "texture": "#0", "cullface": "south" },
				"east": { "uv": [ 7.51, 9.01, 7.99, 14.49 ], "texture": "#0", "cullface": "south" }
			}
		},
		{
			"from": [ 2.002, 0.502, 16.002 ],
			"to": [ 6.998, 0.998, 16.498 ],
			"faces": {
				"down": { "uv": [ 6.99, 15.01, 2.01, 15.49 ], "texture": "#0", "cullface": "south", "rotation": 180 },
				"south": { "uv": [ 2.01, 15.01, 6.99, 15.49 ], "texture": "#0", "cullface": "south" },
				"west": { "uv": [ 2.01, 15.01, 2.49, 15.49 ], "texture": "#0", "cullface": "south" },
				"east": { "uv": [ 6.51, 15.01, 6.99, 15.49 ], "texture": "#0", "cullface": "south" }
			}
		},
		{
			"from": [ 13.002, 8.502, 16.002 ],
			"to": [ 15.998, 15.498, 16.498 ],
			"faces": {
				"down": { "uv": [ 15.99, 7.01, 13.01, 7.49 ], "texture": "#0", "cullface": "south", "rotation": 180 },
				"up": { "uv": [ 15.99, 0.51, 13.01, 0.99 ], "texture": "#0", "cullface": "south", "rotation": 180 },
				"south": { "uv": [ 13.01, 0.51, 15.99, 7.49 ], "texture": "#0", "cullface": "south" },
				"west": { "uv": [ 13.01, 0.51, 13.49, 7.49 ], "texture": "#0", "cullface": "south" },
				"east": { "uv": [ 15.51, 0.51, 15.99, 7.49 ], "texture": "#0", "cullface": "south" }
			}
		},
		{
			"from": [ 14.002, 15.502, 16.002 ],
			"to": [ 15.998, 15.998, 16.498 ],
			"faces": {
				"up": { "uv": [ 15.99, 0.01, 14.01, 0.49 ], "texture": "#0", "cullface": "south", "rotation": 180 },
				"south": { "uv": [ 14.01, 0.01, 15.99, 0.49 ], "texture": "#0", "cullface": "south" },
				"west": { "uv": [ 14.01, 0.01, 14.49, 0.49 ], "texture": "#0", "cullface": "south" },
				"east": { "uv": [ 15.51, 0.01, 15.99, 0.49 ], "texture": "#0", "cullface": "south" }
			}
		},
		{
			"from": [ 12.502, 9.502, 16.002 ],
			"to": [ 12.998, 14.998, 16.498 ],
			"faces": {
				"down": { "uv": [ 12.51, 6.01, 12.99, 6.49 ], "texture": "#0", "cullface": "south", "rotation": 180 },
				"up": { "uv": [ 12.51, 1.01, 12.99, 1.49 ], "texture": "#0", "cullface": "south", "rotation": 180 },
				"south": { "uv": [ 12.51, 1.01, 12.99, 6.49 ], "texture": "#0", "cullface": "south" },
				"west": { "uv": [ 12.51, 1.01, 12.99, 6.49 ], "texture": "#0", "cullface": "south" }
			}
		},
		{
			"from": [ 5.002, 9.002, 16 ],
			"to": [ 10.998, 15.498, 16.3 ],
			"faces": {
				"down": { "uv": [ 10.99, 6.51, 5.01, 6.79 ], "texture": "#0", "cullface": "south", "rotation": 180 },
				"up": { "uv": [ 10.99, 0.51, 5.01, 0.79 ], "texture": "#0", "cullface": "south", "rotation": 180 },
				"south": { "uv": [ 5.01, 0.51, 10.99, 6.99 ], "texture": "#0", "cullface": "south" },
				"west": { "uv": [ 5.01, 0.51, 5.29, 6.99 ], "texture": "#0", "cullface": "south" },
				"east": { "uv": [ 10.51, 0.51, 10.79, 6.99 ], "texture": "#0", "cullface": "south" }
			}
		},
		{
			"from": [ 11.002, 8.502, 16 ],
			"to": [ 11.498, 15.498, 16.3 ],
			"faces": {
				"down": { "uv": [ 11.01, 7.01, 11.49, 7.29 ], "texture": "#0", "cullface": "south", "rotation": 180 },
				"up": { "uv": [ 11.01, 0.51, 11.49, 0.79 ], "texture": "#0", "cullface": "south", "rotation": 180 },
				"south": { "uv": [ 11.01, 0.51, 11.49, 7.49 ], "texture": "#0", "cullface": "south" },
				"east": { "uv": [ 11.01, 0.51, 11.49, 7.49 ], "texture": "#0", "cullface": "south" }
			}
		},
		{
			"from": [ 11.502, 12.002, 16 ],
			"to": [ 11.998, 14.998, 16.3 ],
			"faces": {
				"down": { "uv": [ 11.51, 3.51, 11.99, 3.99 ], "texture": "#0", "cullface": "south", "rotation": 180 },
				"up": { "uv": [ 11.51, 1.01, 11.99, 1.49 ], "texture": "#0", "cullface": "south", "rotation": 180 },
				"south": { "uv": [ 11.51, 1.01, 11.99, 3.99 ], "texture": "#0", "cullface": "south" },
				"east": { "uv": [ 11.51, 1.01, 11.99, 3.99 ], "texture": "#0", "cullface": "south" }
			}
		},
		{
			"from": [ 11.502, 9.002, 16 ],
			"to": [ 11.998, 11.498, 16.3 ],
			"faces": {
				"down": { "uv": [ 11.51, 6.51, 11.99, 6.79 ], "texture": "#0", "cullface": "south", "rotation": 180 },
				"up": { "uv": [ 11.51, 4.51, 11.99, 4.79 ], "texture": "#0", "cullface": "south", "rotation": 180 },
				"south": { "uv": [ 11.51, 4.51, 11.99, 6.99 ], "texture": "#0", "cullface": "south" },
				"east": { "uv": [ 11.51, 4.51, 11.79, 6.99 ], "texture": "#0", "cullface": "south" }
			}
		},
		{
			"from": [ 4.502, 10.502, 16 ],
			"to": [ 4.998, 14.998, 16.3 ],
			"faces": {
				"down": { "uv": [ 4.51, 5.01, 4.99, 5.49 ], "texture": "#0", "cullface": "south", "rotation": 180 },
				"up": { "uv": [ 4.51, 1.01, 4.99, 1.49 ], "texture": "#0", "cullface": "south", "rotation": 180 },
				"south": { "uv": [ 4.51, 1.01, 4.99, 5.49 ], "texture": "#0", "cullface": "south" },
				"west": { "uv": [ 4.51, 1.01, 4.99, 5.49 ], "texture": "#0", "cullface": "south" }
			}
		},
		{
			"from": [ 8.502, 8.502, 16 ],
			"to": [ 10.498, 8.998, 16.3 ],
			"faces": {
				"down": { "uv": [ 10.49, 7.01, 8.51, 7.49 ], "texture": "#0", "cullface": "south", "rotation": 180 },
				"south": { "uv": [ 8.51, 7.01, 10.49, 7.49 ], "texture": "#0", "cullface": "south" },
				"west": { "uv": [ 8.51, 7.01, 8.99, 7.49 ], "texture": "#0", "cullface": "south" },
				"east": { "uv": [ 10.01, 7.01, 10.49, 7.49 ], "texture": "#0", "cullface": "south" }
			}
		},
		{
			"from": [ 5.502, 8.502, 16.002 ],
			"to": [ 7.498, 8.998, 16.3 ],
			"faces": {
				"down": { "uv": [ 7.49, 7.01, 5.51, 7.49 ], "texture": "#0", "cullface": "south", "rotation": 180 },
				"south": { "uv": [ 5.51, 7.01, 7.49, 7.49 ], "texture": "#0", "cullface": "south" },
				"west": { "uv": [ 5.51, 7.01, 5.99, 7.49 ], "texture": "#0", "cullface": "south" },
				"east": { "uv": [ 7.01, 7.01, 7.49, 7.49 ], "texture": "#0", "cullface": "south" }
			}
		},
		{
			"from": [ 16.002, 1.002, 0.502 ],
			"to": [ 16.498, 7.498, 6.498 ],
			"faces": {
				"down": { "uv": [ 15.49, 14.51, 9.51, 14.99 ], "texture": "#0", "cullface": "east", "rotation": 270 },
				"up": { "uv": [ 0, 0.5, 0.5, 6.5 ], "texture": "#0", "cullface": "east" },
				"north": { "uv": [ 15.01, 8.51, 15.49, 14.99 ], "texture": "#0", "cullface": "east" },
				"south": { "uv": [ 9.51, 8.51, 9.99, 14.99 ], "texture": "#0", "cullface": "east" },
				"east": { "uv": [ 9.51, 8.51, 15.49, 14.99 ], "texture": "#0", "cullface": "east" }
			}
		},
		{
			"from": [ 16.002, 2.002, 0.002 ],
			"to": [ 16.498, 7.498, 0.498 ],
			"faces": {
				"down": { "uv": [ 15.51, 13.51, 15.99, 13.99 ], "texture": "#0", "cullface": "east", "rotation": 270 },
				"up": { "uv": [ 15.51, 8.51, 15.99, 8.99 ], "texture": "#0", "cullface": "east", "rotation": 90 },
				"north": { "uv": [ 15.51, 8.51, 15.99, 13.99 ], "texture": "#0", "cullface": "east" },
				"east": { "uv": [ 15.51, 8.51, 15.99, 13.99 ], "texture": "#0", "cullface": "east" }
			}
		},
		{
			"from": [ 16.002, 7.502, 1.002 ],
			"to": [ 16.498, 7.998, 6.498 ],
			"faces": {
				"down": { "uv": [ 1.01, 0.01, 6.49, 0.49 ], "texture": "#0", "cullface": "east", "rotation": 270 },
				"up": { "uv": [ 14.99, 8.01, 9.51, 8.49 ], "texture": "#0", "cullface": "east", "rotation": 90 },
				"north": { "uv": [ 14.51, 8.01, 14.99, 8.49 ], "texture": "#0", "cullface": "east" },
				"south": { "uv": [ 9.51, 8.01, 9.99, 8.49 ], "texture": "#0", "cullface": "east" },
				"east": { "uv": [ 9.51, 8.01, 14.99, 8.49 ], "texture": "#0", "cullface": "east" }
			}
		},
		{
			"from": [ 16.002, 2.002, 7.002 ],
			"to": [ 16.498, 6.498, 7.498 ],
			"faces": {
				"down": { "uv": [ 8.51, 13.51, 8.99, 13.99 ], "texture": "#0", "cullface": "east", "rotation": 270 },
				"up": { "uv": [ 8.99, 9.51, 8.51, 9.99 ], "texture": "#0", "cullface": "east", "rotation": 90 },
				"south": { "uv": [ 8.51, 9.51, 8.99, 13.99 ], "texture": "#0", "cullface": "east" },
				"east": { "uv": [ 8.51, 9.51, 9.49, 13.99 ], "texture": "#0", "cullface": "east" }
			}
		},
		{
			"from": [ 16.002, 1.502, 6.502 ],
			"to": [ 16.498, 7.498, 6.998 ],
			"faces": {
				"down": { "uv": [ 9.01, 14.01, 9.49, 14.49 ], "texture": "#0", "cullface": "east", "rotation": 270 },
				"up": { "uv": [ 9.01, 8.51, 9.49, 8.99 ], "texture": "#0", "cullface": "east", "rotation": 90 },
				"south": { "uv": [ 9.01, 8.51, 9.49, 14.49 ], "texture": "#0" },
				"east": { "uv": [ 9.01, 8.51, 9.49, 14.49 ], "texture": "#0", "cullface": "east" }
			}
		},
		{
			"from": [ 16.002, 1.002, 8.502 ],
			"to": [ 16.498, 7.498, 14.998 ],
			"faces": {
				"down": { "uv": [ 7.49, 14.51, 1.01, 14.99 ], "texture": "#0", "cullface": "east", "rotation": 270 },
				"up": { "uv": [ 7.49, 8.51, 1.01, 8.99 ], "texture": "#0", "cullface": "east", "rotation": 90 },
				"north": { "uv": [ 7.01, 8.51, 7.49, 14.99 ], "texture": "#0", "cullface": "east" },
				"south": { "uv": [ 1.01, 8.51, 1.49, 14.99 ], "texture": "#0", "cullface": "east" },
				"east": { "uv": [ 1.01, 8.51, 7.49, 14.99 ], "texture": "#0", "cullface": "east" }
			}
		},
		{
			"from": [ 16.002, 7.502, 9.502 ],
			"to": [ 16.498, 7.998, 14.498 ],
			"faces": {
				"up": { "uv": [ 6.49, 8.01, 1.51, 8.49 ], "texture": "#0", "cullface": "east", "rotation": 90 },
				"north": { "uv": [ 6.01, 8.01, 6.49, 8.49 ], "texture": "#0", "cullface": "east" },
				"south": { "uv": [ 1.51, 8.01, 1.99, 8.49 ], "texture": "#0", "cullface": "east" },
				"east": { "uv": [ 1.51, 8.01, 6.49, 8.49 ], "texture": "#0", "cullface": "east" }
			}
		},
		{
			"from": [ 16.002, 1.002, 15.002 ],
			"to": [ 16.498, 6.498, 15.498 ],
			"faces": {
				"down": { "uv": [ 0.51, 14.51, 0.99, 14.99 ], "texture": "#0", "cullface": "east", "rotation": 270 },
				"up": { "uv": [ 0.51, 9.51, 0.99, 9.99 ], "texture": "#0", "cullface": "east", "rotation": 90 },
				"south": { "uv": [ 0.51, 9.51, 0.99, 14.99 ], "texture": "#0", "cullface": "east" },
				"east": { "uv": [ 0.51, 9.51, 0.99, 14.99 ], "texture": "#0", "cullface": "east" }
			}
		},
		{
			"from": [ 16.002, 1.502, 8.002 ],
			"to": [ 16.498, 6.998, 8.498 ],
			"faces": {
				"down": { "uv": [ 7.51, 14.01, 7.99, 14.49 ], "texture": "#0", "cullface": "east", "rotation": 270 },
				"up": { "uv": [ 7.51, 9.01, 7.99, 9.49 ], "texture": "#0", "cullface": "east", "rotation": 90 },
				"north": { "uv": [ 7.51, 9.01, 7.99, 14.49 ], "texture": "#0", "cullface": "east" },
				"east": { "uv": [ 7.51, 9.01, 7.99, 14.49 ], "texture": "#0", "cullface": "east" }
			}
		},
		{
			"from": [ 16.002, 0.502, 9.002 ],
			"to": [ 16.498, 0.998, 13.998 ],
			"faces": {
				"down": { "uv": [ 6.99, 15.01, 2.01, 15.49 ], "texture": "#0", "cullface": "east", "rotation": 270 },
				"north": { "uv": [ 6.51, 15.01, 6.99, 15.49 ], "texture": "#0", "cullface": "east" },
				"south": { "uv": [ 2.01, 15.01, 2.49, 15.49 ], "texture": "#0", "cullface": "east" },
				"east": { "uv": [ 2.01, 15.01, 6.99, 15.49 ], "texture": "#0", "cullface": "east" }
			}
		},
		{
			"from": [ 16.002, 8.502, 0.002 ],
			"to": [ 16.498, 15.498, 2.998 ],
			"faces": {
				"down": { "uv": [ 15.99, 7.01, 13.01, 7.49 ], "texture": "#0", "cullface": "east", "rotation": 270 },
				"up": { "uv": [ 15.99, 0.51, 13.01, 0.99 ], "texture": "#0", "cullface": "east", "rotation": 90 },
				"north": { "uv": [ 15.51, 0.51, 15.99, 7.49 ], "texture": "#0", "cullface": "east" },
				"south": { "uv": [ 13.01, 0.51, 13.49, 7.49 ], "texture": "#0", "cullface": "east" },
				"east": { "uv": [ 13.01, 0.51, 15.99, 7.49 ], "texture": "#0", "cullface": "east" }
			}
		},
		{
			"from": [ 16.002, 15.502, 0.002 ],
			"to": [ 16.498, 15.998, 1.998 ],
			"faces": {
				"up": { "uv": [ 15.99, 0.01, 14.01, 0.49 ], "texture": "#0", "cullface": "east", "rotation": 90 },
				"north": { "uv": [ 15.51, 0.01, 15.99, 0.49 ], "texture": "#0", "cullface": "east" },
				"south": { "uv": [ 14.01, 0.01, 14.49, 0.49 ], "texture": "#0", "cullface": "east" },
				"east": { "uv": [ 14.01, 0.01, 15.99, 0.49 ], "texture": "#0", "cullface": "east" }
			}
		},
		{
			"from": [ 16.002, 9.502, 3.002 ],
			"to": [ 16.498, 14.998, 3.498 ],
			"faces": {
				"down": { "uv": [ 12.51, 6.01, 12.99, 6.49 ], "texture": "#0", "cullface": "east", "rotation": 270 },
				"up": { "uv": [ 12.51, 1.01, 12.99, 1.49 ], "texture": "#0", "cullface": "east", "rotation": 90 },
				"south": { "uv": [ 12.51, 1.01, 12.99, 6.49 ], "texture": "#0", "cullface": "east" },
				"east": { "uv": [ 12.51, 1.01, 12.99, 6.49 ], "texture": "#0", "cullface": "east" }
			}
		},
		{
			"from": [ 16, 9.002, 5.002 ],
			"to": [ 16.3, 15.498, 10.998 ],
			"faces": {
				"down": { "uv": [ 10.99, 6.51, 5.01, 6.79 ], "texture": "#0", "cullface": "east", "rotation": 270 },
				"up": { "uv": [ 10.99, 0.51, 5.01, 0.79 ], "texture": "#0", "cullface": "east", "rotation": 90 },
				"north": { "uv": [ 10.51, 0.51, 10.79, 6.99 ], "texture": "#0", "cullface": "east" },
				"south": { "uv": [ 5.01, 0.51, 5.29, 6.99 ], "texture": "#0", "cullface": "east" },
				"east": { "uv": [ 5.01, 0.51, 10.99, 6.99 ], "texture": "#0", "cullface": "east" }
			}
		},
		{
			"from": [ 16, 8.502, 4.502 ],
			"to": [ 16.3, 15.498, 4.998 ],
			"faces": {
				"down": { "uv": [ 11.01, 7.01, 11.49, 7.29 ], "texture": "#0", "cullface": "east", "rotation": 270 },
				"up": { "uv": [ 11.01, 0.51, 11.49, 0.79 ], "texture": "#0", "cullface": "east", "rotation": 90 },
				"north": { "uv": [ 11.01, 0.51, 11.49, 7.49 ], "texture": "#0", "cullface": "east" },
				"east": { "uv": [ 11.01, 0.51, 11.49, 7.49 ], "texture": "#0", "cullface": "east" }
			}
		},
		{
			"from": [ 16, 12.002, 4.002 ],
			"to": [ 16.3, 14.998, 4.498 ],
			"faces": {
				"down": { "uv": [ 11.51, 3.51, 11.99, 3.99 ], "texture": "#0", "cullface": "east", "rotation": 270 },
				"up": { "uv": [ 11.51, 1.01, 11.99, 1.49 ], "texture": "#0", "cullface": "east", "rotation": 90 },
				"north": { "uv": [ 11.51, 1.01, 11.99, 3.99 ], "texture": "#0", "cullface": "east" },
				"east": { "uv": [ 11.51, 1.01, 11.99, 3.99 ], "texture": "#0", "cullface": "east" }
			}
		},
		{
			"from": [ 16, 9.002, 4.002 ],
			"to": [ 16.3, 11.498, 4.498 ],
			"faces": {
				"down": { "uv": [ 11.51, 6.51, 11.99, 6.79 ], "texture": "#0", "cullface": "east", "rotation": 270 },
				"up": { "uv": [ 11.51, 4.51, 11.99, 4.79 ], "texture": "#0", "cullface": "east", "rotation": 90 },
				"north": { "uv": [ 11.51, 4.51, 11.79, 6.99 ], "texture": "#0", "cullface": "east" },
				"east": { "uv": [ 11.51, 4.51, 11.99, 6.99 ], "texture": "#0", "cullface": "east" }
			}
		},
		{
			"from": [ 16, 10.502, 11.002 ],
			"to": [ 16.3, 14.998, 11.498 ],
			"faces": {
				"down": { "uv": [ 4.51, 5.01, 4.99, 5.49 ], "texture": "#0", "cullface": "east", "rotation": 270 },
				"up": { "uv": [ 4.51, 1.01, 4.99, 1.49 ], "texture": "#0", "cullface": "east", "rotation": 90 },
				"south": { "uv": [ 4.51, 1.01, 4.99, 5.49 ], "texture": "#0", "cullface": "east" },
				"east": { "uv": [ 4.51, 1.01, 4.99, 5.49 ], "texture": "#0", "cullface": "east" }
			}
		},
		{
			"from": [ 16, 8.502, 5.502 ],
			"to": [ 16.3, 8.998, 7.498 ],
			"faces": {
				"down": { "uv": [ 10.49, 7.01, 8.51, 7.49 ], "texture": "#0", "cullface": "east", "rotation": 270 },
				"north": { "uv": [ 10.01, 7.01, 10.49, 7.49 ], "texture": "#0", "cullface": "east" },
				"south": { "uv": [ 8.51, 7.01, 8.99, 7.49 ], "texture": "#0", "cullface": "east" },
				"east": { "uv": [ 8.51, 7.01, 10.49, 7.49 ], "texture": "#0", "cullface": "east" }
			}
		},
		{
			"from": [ 16, 8.502, 8.502 ],
			"to": [ 16.3, 8.998, 10.498 ],
			"faces": {
				"down": { "uv": [ 7.49, 7.01, 5.51, 7.49 ], "texture": "#0", "cullface": "east", "rotation": 270 },
				"north": { "uv": [ 7.01, 7.01, 7.49, 7.49 ], "texture": "#0", "cullface": "east" },
				"south": { "uv": [ 5.51, 7.01, 5.99, 7.49 ], "texture": "#0", "cullface": "east" },
				"east": { "uv": [ 5.51, 7.01, 7.49, 7.49 ], "texture": "#0", "cullface": "east" }
			}
		},
		{
			"from": [ 13, 16, 0.5 ],
			"to": [ 15.996, 16.496, 7.496 ],
			"faces": {
				"up": { "uv": [ 15.99, 7.49, 13.01, 0.51 ], "texture": "#1", "cullface": "up", "rotation": 180 },
				"north": { "uv": [ 15.99, 0.51, 13.01, 0.99 ], "texture": "#1", "cullface": "up" },
				"south": { "uv": [ 13.01, 7.49, 15.99, 7.01 ], "texture": "#1", "cullface": "up" },
				"west": { "uv": [ 13.01, 0.51, 13.49, 7.49 ], "texture": "#1", "cullface": "up", "rotation": 270 },
				"east": { "uv": [ 15.51, 0.51, 15.99, 7.49 ], "texture": "#1", "cullface": "up", "rotation": 90 }
			}
		},
		{
			"from": [ 14.002, 16.002, 0.002 ],
			"to": [ 15.998, 16.498, 0.498 ],
			"faces": {
				"up": { "uv": [ 15.99, 0.49, 14.01, 0.01 ], "texture": "#1", "cullface": "up", "rotation": 180 },
				"north": { "uv": [ 15.99, 0.01, 14.01, 0.49 ], "texture": "#1", "cullface": "up" },
				"west": { "uv": [ 14.01, 0.01, 14.49, 0.49 ], "texture": "#1", "cullface": "up", "rotation": 270 },
				"east": { "uv": [ 15.51, 0.01, 15.99, 0.49 ], "texture": "#1", "cullface": "up", "rotation": 90 }
			}
		},
		{
			"from": [ 12.502, 16.002, 1.002 ],
			"to": [ 12.998, 16.498, 6.498 ],
			"faces": {
				"up": { "uv": [ 12.99, 6.49, 12.51, 1.01 ], "texture": "#1", "cullface": "up", "rotation": 180 },
				"north": { "uv": [ 12.51, 1.01, 12.99, 1.49 ], "texture": "#1", "cullface": "up" },
				"south": { "uv": [ 12.99, 6.49, 12.51, 6.01 ], "texture": "#1", "cullface": "up" },
				"west": { "uv": [ 12.51, 1.01, 12.99, 6.49 ], "texture": "#1", "cullface": "up", "rotation": 270 }
			}
		},
		{
			"from": [ 5.002, 16, 0.502 ],
			"to": [ 10.998, 16.3, 6.998 ],
			"faces": {
				"up": { "uv": [ 10.99, 6.99, 5.01, 0.51 ], "texture": "#1", "cullface": "up", "rotation": 180 },
				"north": { "uv": [ 10.99, 0.51, 5.01, 0.79 ], "texture": "#1", "cullface": "up" },
				"south": { "uv": [ 5.01, 6.79, 10.99, 6.51 ], "texture": "#1", "cullface": "up" },
				"west": { "uv": [ 5.01, 0.51, 5.29, 6.99 ], "texture": "#1", "cullface": "up", "rotation": 270 },
				"east": { "uv": [ 10.51, 0.51, 10.79, 6.99 ], "texture": "#1", "cullface": "up", "rotation": 90 }
			}
		},
		{
			"from": [ 11.002, 16, 0.502 ],
			"to": [ 11.498, 16.3, 7.498 ],
			"faces": {
				"up": { "uv": [ 11.49, 7.49, 11.01, 0.51 ], "texture": "#1", "cullface": "up", "rotation": 180 },
				"north": { "uv": [ 11.01, 0.51, 11.49, 0.79 ], "texture": "#1", "cullface": "up" },
				"south": { "uv": [ 11.49, 7.29, 11.01, 7.01 ], "texture": "#1", "cullface": "up" },
				"east": { "uv": [ 11.01, 0.51, 11.49, 7.49 ], "texture": "#1", "cullface": "up", "rotation": 90 }
			}
		},
		{
			"from": [ 11.502, 16.002, 1.002 ],
			"to": [ 11.998, 16.3, 3.998 ],
			"faces": {
				"up": { "uv": [ 11.99, 3.99, 11.51, 1.01 ], "texture": "#1", "cullface": "up", "rotation": 180 },
				"north": { "uv": [ 11.51, 1.01, 11.99, 1.49 ], "texture": "#1", "cullface": "up" },
				"south": { "uv": [ 11.99, 3.99, 11.51, 3.51 ], "texture": "#1", "cullface": "up" },
				"east": { "uv": [ 11.51, 1.01, 11.99, 3.99 ], "texture": "#1", "cullface": "up", "rotation": 90 }
			}
		},
		{
			"from": [ 11.502, 16, 4.502 ],
			"to": [ 11.998, 16.3, 6.998 ],
			"faces": {
				"up": { "uv": [ 11.99, 6.99, 11.51, 4.51 ], "texture": "#1", "cullface": "up", "rotation": 180 },
				"north": { "uv": [ 11.51, 4.51, 11.99, 4.79 ], "texture": "#1", "cullface": "up" },
				"south": { "uv": [ 11.99, 6.79, 11.51, 6.51 ], "texture": "#1", "cullface": "up" },
				"east": { "uv": [ 11.51, 4.51, 11.79, 6.99 ], "texture": "#1", "cullface": "up", "rotation": 90 }
			}
		},
		{
			"from": [ 4.502, 16, 1.002 ],
			"to": [ 4.998, 16.3, 5.498 ],
			"faces": {
				"up": { "uv": [ 4.99, 5.49, 4.51, 1.01 ], "texture": "#1", "cullface": "up", "rotation": 180 },
				"north": { "uv": [ 4.51, 1.01, 4.99, 1.49 ], "texture": "#1", "cullface": "up" },
				"south": { "uv": [ 4.99, 5.49, 4.51, 5.01 ], "texture": "#1", "cullface": "up" },
				"west": { "uv": [ 4.51, 1.01, 4.99, 5.49 ], "texture": "#1", "cullface": "up", "rotation": 270 }
			}
		},
		{
			"from": [ 8.502, 16, 7.002 ],
			"to": [ 10.498, 16.3, 7.498 ],
			"faces": {
				"up": { "uv": [ 10.49, 7.49, 8.51, 7.01 ], "texture": "#1", "cullface": "up", "rotation": 180 },
				"south": { "uv": [ 8.51, 7.49, 10.49, 7.01 ], "texture": "#1", "cullface": "up" },
				"west": { "uv": [ 8.51, 7.01, 8.99, 7.49 ], "texture": "#1", "cullface": "up", "rotation": 270 },
				"east": { "uv": [ 10.01, 7.01, 10.49, 7.49 ], "texture": "#1", "cullface": "up", "rotation": 90 }
			}
		},
		{
			"from": [ 5.502, 16, 7.002 ],
			"to": [ 7.498, 16.3, 7.498 ],
			"faces": {
				"up": { "uv": [ 7.49, 7.49, 5.51, 7.01 ], "texture": "#1", "cullface": "up", "rotation": 180 },
				"south": { "uv": [ 5.51, 7.49, 7.49, 7.01 ], "texture": "#1", "cullface": "up" },
				"west": { "uv": [ 5.51, 7.01, 5.99, 7.49 ], "texture": "#1", "cullface": "up", "rotation": 270 },
				"east": { "uv": [ 7.01, 7.01, 7.49, 7.49 ], "texture": "#1", "cullface": "up", "rotation": 90 }
			}
		},
		{
			"from": [ 9.002, -0.498, 1.002 ],
			"to": [ 15.498, -0.002, 7.498 ],
			"faces": {
				"down": { "uv": [ 15.49, 14.99, 9.01, 8.51 ], "texture": "#0", "cullface": "down", "rotation": 180 },
				"north": { "uv": [ 15.49, 14.51, 9.01, 14.99 ], "texture": "#0", "cullface": "down" },
				"south": { "uv": [ 9, 0, 15.5, 0.5 ], "texture": "#0", "cullface": "down" },
				"west": { "uv": [ 9.01, 8.51, 9.49, 14.99 ], "texture": "#0", "cullface": "down", "rotation": 90 },
				"east": { "uv": [ 15.01, 8.51, 15.49, 14.99 ], "texture": "#0", "cullface": "down", "rotation": 270 }
			}
		},
		{
			"from": [ 15.502, -0.498, 2.002 ],
			"to": [ 15.998, -0.002, 7.498 ],
			"faces": {
				"down": { "uv": [ 15.99, 13.99, 15.51, 8.51 ], "texture": "#0", "cullface": "down", "rotation": 180 },
				"north": { "uv": [ 15.51, 13.51, 15.99, 13.99 ], "texture": "#0", "cullface": "down" },
				"south": { "uv": [ 15.99, 8.99, 15.51, 8.51 ], "texture": "#0", "cullface": "down" },
				"east": { "uv": [ 15.51, 8.51, 15.99, 13.99 ], "texture": "#0", "cullface": "down", "rotation": 270 }
			}
		},
		{
			"from": [ 9.502, -0.498, 7.502 ],
			"to": [ 14.998, -0.002, 7.998 ],
			"faces": {
				"down": { "uv": [ 14.99, 8.49, 9.51, 8.01 ], "texture": "#0", "cullface": "down", "rotation": 180 },
				"north": { "uv": [ 1.01, 0.01, 6.49, 0.49 ], "texture": "#0", "cullface": "down" },
				"south": { "uv": [ 9.51, 8.49, 14.99, 8.01 ], "texture": "#0", "cullface": "down" },
				"west": { "uv": [ 9.51, 8.01, 9.99, 8.49 ], "texture": "#0", "cullface": "down", "rotation": 90 },
				"east": { "uv": [ 14.51, 8.01, 14.99, 8.49 ], "texture": "#0", "cullface": "down", "rotation": 270 }
			}
		},
		{
			"from": [ 8.502, -0.498, 2.002 ],
			"to": [ 8.998, -0.002, 6.498 ],
			"faces": {
				"down": { "uv": [ 9.49, 13.99, 8.51, 9.51 ], "texture": "#0", "cullface": "down", "rotation": 180 },
				"north": { "uv": [ 8.51, 13.51, 8.99, 13.99 ], "texture": "#0", "cullface": "down" },
				"south": { "uv": [ 8.51, 9.99, 8.99, 9.51 ], "texture": "#0", "cullface": "down" },
				"west": { "uv": [ 8.51, 9.51, 8.99, 13.99 ], "texture": "#0", "cullface": "down", "rotation": 90 }
			}
		},
		{
			"from": [ 1.002, -0.498, 1.002 ],
			"to": [ 7.498, -0.002, 7.498 ],
			"faces": {
				"down": { "uv": [ 7.49, 14.99, 1.01, 8.51 ], "texture": "#0", "cullface": "down", "rotation": 180 },
				"north": { "uv": [ 7.49, 14.51, 1.01, 14.99 ], "texture": "#0", "cullface": "down" },
				"south": { "uv": [ 1.01, 8.99, 7.49, 8.51 ], "texture": "#0", "cullface": "down" },
				"west": { "uv": [ 1.01, 8.51, 1.49, 14.99 ], "texture": "#0", "cullface": "down", "rotation": 90 },
				"east": { "uv": [ 7.01, 8.51, 7.49, 14.99 ], "texture": "#0", "cullface": "down", "rotation": 270 }
			}
		},
		{
			"from": [ 1.502, -0.498, 7.502 ],
			"to": [ 6.498, -0.002, 7.998 ],
			"faces": {
				"down": { "uv": [ 6.49, 8.49, 1.51, 8.01 ], "texture": "#0", "cullface": "down", "rotation": 180 },
				"south": { "uv": [ 1.51, 8.49, 6.49, 8.01 ], "texture": "#0", "cullface": "down" },
				"west": { "uv": [ 1.51, 8.01, 1.99, 8.49 ], "texture": "#0", "cullface": "down", "rotation": 90 },
				"east": { "uv": [ 6.01, 8.01, 6.49, 8.49 ], "texture": "#0", "cullface": "down", "rotation": 270 }
			}
		},
		{
			"from": [ 0.502, -0.498, 1.002 ],
			"to": [ 0.998, -0.002, 6.498 ],
			"faces": {
				"down": { "uv": [ 0.99, 14.99, 0.51, 9.51 ], "texture": "#0", "cullface": "down", "rotation": 180 },
				"north": { "uv": [ 0.51, 14.51, 0.99, 14.99 ], "texture": "#0", "cullface": "down" },
				"south": { "uv": [ 0.99, 9.99, 0.51, 9.51 ], "texture": "#0", "cullface": "down" },
				"west": { "uv": [ 0.51, 9.51, 0.99, 14.99 ], "texture": "#0", "cullface": "down", "rotation": 90 }
			}
		},
		{
			"from": [ 7.502, -0.498, 1.502 ],
			"to": [ 7.998, -0.002, 6.998 ],
			"faces": {
				"down": { "uv": [ 7.99, 14.49, 7.51, 9.01 ], "texture": "#0", "cullface": "down", "rotation": 180 },
				"north": { "uv": [ 7.51, 14.01, 7.99, 14.49 ], "texture": "#0", "cullface": "down" },
				"south": { "uv": [ 7.99, 9.49, 7.51, 9.01 ], "texture": "#0", "cullface": "down" },
				"east": { "uv": [ 7.51, 9.01, 7.99, 14.49 ], "texture": "#0", "cullface": "down", "rotation": 270 }
			}
		},
		{
			"from": [ 2.002, -0.498, 0.502 ],
			"to": [ 6.998, -0.002, 0.998 ],
			"faces": {
				"down": { "uv": [ 6.99, 15.49, 2.01, 15.01 ], "texture": "#0", "cullface": "down", "rotation": 180 },
				"north": { "uv": [ 6.99, 15.01, 2.01, 15.49 ], "texture": "#0", "cullface": "down" },
				"west": { "uv": [ 2.01, 15.01, 2.49, 15.49 ], "texture": "#0", "cullface": "down", "rotation": 90 },
				"east": { "uv": [ 6.51, 15.01, 6.99, 15.49 ], "texture": "#0", "cullface": "down", "rotation": 270 }
			}
		},
		{
			"from": [ 13.002, -0.498, 8.502 ],
			"to": [ 15.998, -0.002, 15.498 ],
			"faces": {
				"down": { "uv": [ 15.99, 7.49, 13.01, 0.51 ], "texture": "#0", "cullface": "down", "rotation": 180 },
				"north": { "uv": [ 15.99, 7.01, 13.01, 7.49 ], "texture": "#0", "cullface": "down" },
				"south": { "uv": [ 13.01, 0.99, 15.99, 0.51 ], "texture": "#0", "cullface": "down" },
				"west": { "uv": [ 13.01, 0.51, 13.49, 7.49 ], "texture": "#0", "cullface": "down", "rotation": 90 },
				"east": { "uv": [ 15.51, 0.51, 15.99, 7.49 ], "texture": "#0", "cullface": "down", "rotation": 270 }
			}
		},
		{
			"from": [ 14.002, -0.498, 15.502 ],
			"to": [ 15.998, -0.002, 15.998 ],
			"faces": {
				"down": { "uv": [ 15.99, 0.49, 14.01, 0.01 ], "texture": "#0", "cullface": "down", "rotation": 180 },
				"south": { "uv": [ 14.01, 0.49, 15.99, 0.01 ], "texture": "#0", "cullface": "down" },
				"west": { "uv": [ 14.01, 0.01, 14.49, 0.49 ], "texture": "#0", "cullface": "down", "rotation": 90 },
				"east": { "uv": [ 15.51, 0.01, 15.99, 0.49 ], "texture": "#0", "cullface": "down", "rotation": 270 }
			}
		},
		{
			"from": [ 12.502, -0.498, 9.502 ],
			"to": [ 12.998, -0.002, 14.998 ],
			"faces": {
				"down": { "uv": [ 12.99, 6.49, 12.51, 1.01 ], "texture": "#0", "cullface": "down", "rotation": 180 },
				"north": { "uv": [ 12.51, 6.01, 12.99, 6.49 ], "texture": "#0", "cullface": "down" },
				"south": { "uv": [ 12.99, 1.49, 12.51, 1.01 ], "texture": "#0", "cullface": "down" },
				"west": { "uv": [ 12.51, 1.01, 12.99, 6.49 ], "texture": "#0", "cullface": "down", "rotation": 90 }
			}
		},
		{
			"from": [ 5.002, -0.3, 9.002 ],
			"to": [ 10.998, 0, 15.498 ],
			"faces": {
				"down": { "uv": [ 10.99, 6.99, 5.01, 0.51 ], "texture": "#0", "cullface": "down", "rotation": 180 },
				"north": { "uv": [ 10.99, 6.51, 5.01, 6.79 ], "texture": "#0", "cullface": "down" },
				"south": { "uv": [ 5.01, 0.79, 10.99, 0.51 ], "texture": "#0", "cullface": "down" },
				"west": { "uv": [ 5.01, 0.51, 5.29, 6.99 ], "texture": "#0", "cullface": "down", "rotation": 90 },
				"east": { "uv": [ 10.51, 0.51, 10.79, 6.99 ], "texture": "#0", "cullface": "down", "rotation": 270 }
			}
		},
		{
			"from": [ 11.002, -0.3, 8.502 ],
			"to": [ 11.498, 0, 15.498 ],
			"faces": {
				"down": { "uv": [ 11.49, 7.49, 11.01, 0.51 ], "texture": "#0", "cullface": "down", "rotation": 180 },
				"north": { "uv": [ 11.01, 7.01, 11.49, 7.29 ], "texture": "#0", "cullface": "down" },
				"south": { "uv": [ 11.49, 0.79, 11.01, 0.51 ], "texture": "#0", "cullface": "down" },
				"east": { "uv": [ 11.01, 0.51, 11.49, 7.49 ], "texture": "#0", "cullface": "down", "rotation": 270 }
			}
		},
		{
			"from": [ 11.502, -0.3, 12.002 ],
			"to": [ 11.998, 0, 14.998 ],
			"faces": {
				"down": { "uv": [ 11.99, 3.99, 11.51, 1.01 ], "texture": "#0", "cullface": "down", "rotation": 180 },
				"north": { "uv": [ 11.51, 3.51, 11.99, 3.99 ], "texture": "#0", "cullface": "down" },
				"south": { "uv": [ 11.99, 1.49, 11.51, 1.01 ], "texture": "#0", "cullface": "down" },
				"east": { "uv": [ 11.51, 1.01, 11.99, 3.99 ], "texture": "#0", "cullface": "down", "rotation": 270 }
			}
		},
		{
			"from": [ 11.502, -0.3, 9.002 ],
			"to": [ 11.998, 0, 11.498 ],
			"faces": {
				"down": { "uv": [ 11.99, 6.99, 11.51, 4.51 ], "texture": "#0", "cullface": "down", "rotation": 180 },
				"north": { "uv": [ 11.51, 6.51, 11.99, 6.79 ], "texture": "#0", "cullface": "down" },
				"south": { "uv": [ 11.99, 4.79, 11.51, 4.51 ], "texture": "#0", "cullface": "down" },
				"east": { "uv": [ 11.51, 4.51, 11.79, 6.99 ], "texture": "#0", "cullface": "down", "rotation": 270 }
			}
		},
		{
			"from": [ 4.502, -0.3, 10.502 ],
			"to": [ 4.998, 0, 14.998 ],
			"faces": {
				"down": { "uv": [ 4.99, 5.49, 4.51, 1.01 ], "texture": "#0", "cullface": "down", "rotation": 180 },
				"north": { "uv": [ 4.51, 5.01, 4.99, 5.49 ], "texture": "#0", "cullface": "down" },
				"south": { "uv": [ 4.99, 1.49, 4.51, 1.01 ], "texture": "#0", "cullface": "down" },
				"west": { "uv": [ 4.51, 1.01, 4.99, 5.49 ], "texture": "#0", "cullface": "down", "rotation": 90 }
			}
		},
		{
			"from": [ 8.502, -0.3, 8.502 ],
			"to": [ 10.498, 0, 8.998 ],
			"faces": {
				"down": { "uv": [ 10.49, 7.49, 8.51, 7.01 ], "texture": "#0", "cullface": "down", "rotation": 180 },
				"north": { "uv": [ 10.49, 7.01, 8.51, 7.49 ], "texture": "#0", "cullface": "down" },
				"west": { "uv": [ 8.51, 7.01, 8.99, 7.49 ], "texture": "#0", "cullface": "down", "rotation": 90 },
				"east": { "uv": [ 10.01, 7.01, 10.49, 7.49 ], "texture": "#0", "cullface": "down", "rotation": 270 }
			}
		},
		{
			"from": [ 5.502, -0.3, 8.502 ],
			"to": [ 7.498, 0, 8.998 ],
			"faces": {
				"down": { "uv": [ 7.49, 7.49, 5.51, 7.01 ], "texture": "#0", "cullface": "down", "rotation": 180 },
				"north": { "uv": [ 7.49, 7.01, 5.51, 7.49 ], "texture": "#0", "cullface": "down" },
				"west": { "uv": [ 5.51, 7.01, 5.99, 7.49 ], "texture": "#0", "cullface": "down", "rotation": 90 },
				"east": { "uv": [ 7.01, 7.01, 7.49, 7.49 ], "texture": "#0", "cullface": "down", "rotation": 270 }
			}
		},
		{
			"from": [ 14.002, 8.502, -0.498 ],
			"to": [ 15.998, 10.998, -0.002 ],
			"faces": {
				"down": { "uv": [ 1.99, 7.01, 0.01, 7.49 ], "texture": "#0", "cullface": "north" },
				"north": { "uv": [ 0.01, 5.01, 1.99, 7.49 ], "texture": "#0", "cullface": "north" },
				"west": { "uv": [ 1.51, 5.01, 1.99, 7.49 ], "texture": "#0", "cullface": "north" },
				"east": { "uv": [ 0.01, 5.01, 0.49, 7.49 ], "texture": "#0", "cullface": "north" }
			}
		},
		{
			"from": [ 16.002, 11.002, 13.002 ],
			"to": [ 16.498, 15.498, 15.998 ],
			"faces": {
				"down": { "uv": [ 2.99, 4.51, 0.01, 4.99 ], "texture": "#0", "cullface": "east", "rotation": 270 },
				"up": { "uv": [ 2.99, 0.51, 0.01, 0.99 ], "texture": "#0", "cullface": "east", "rotation": 90 },
				"north": { "uv": [ 2.51, 0.51, 2.99, 4.99 ], "texture": "#0", "cullface": "east" },
				"south": { "uv": [ 0.01, 0.51, 0.49, 4.99 ], "texture": "#0", "cullface": "east" },
				"east": { "uv": [ 0.01, 0.51, 2.99, 4.99 ], "texture": "#0", "cullface": "east" }
			}
		},
		{
			"from": [ 16.002, 8.502, 14.002 ],
			"to": [ 16.498, 10.998, 15.998 ],
			"faces": {
				"down": { "uv": [ 1.99, 7.01, 0.01, 7.49 ], "texture": "#0", "cullface": "east", "rotation": 270 },
				"north": { "uv": [ 1.51, 5.01, 1.99, 7.49 ], "texture": "#0", "cullface": "east" },
				"south": { "uv": [ 0.01, 5.01, 0.49, 7.49 ], "texture": "#0", "cullface": "east" },
				"east": { "uv": [ 0.01, 5.01, 1.99, 7.49 ], "texture": "#0", "cullface": "east" }
			}
		},
		{
			"from": [ 16.002, 12.502, 12.002 ],
			"to": [ 16.498, 14.998, 12.498 ],
			"faces": {
				"down": { "uv": [ 3.51, 3.01, 3.99, 3.49 ], "texture": "#0", "cullface": "east", "rotation": 270 },
				"up": { "uv": [ 3.51, 1.01, 3.99, 1.49 ], "texture": "#0", "cullface": "east", "rotation": 90 },
				"north": { "uv": [ 3.51, 1.01, 3.99, 3.49 ], "texture": "#0", "cullface": "east" },
				"east": { "uv": [ 3.51, 1.01, 3.99, 3.49 ], "texture": "#0", "cullface": "east" }
			}
		},
		{
			"from": [ 16.002, 12.002, 12.502 ],
			"to": [ 16.498, 15.498, 12.998 ],
			"faces": {
				"down": { "uv": [ 3.01, 3.51, 3.49, 3.99 ], "texture": "#0", "cullface": "east", "rotation": 270 },
				"up": { "uv": [ 3.01, 0.51, 3.49, 0.99 ], "texture": "#0", "cullface": "east", "rotation": 90 },
				"north": { "uv": [ 3.01, 0.51, 3.49, 3.99 ], "texture": "#0", "cullface": "east" },
				"east": { "uv": [ 3.01, 0.51, 3.49, 3.99 ], "texture": "#0", "cullface": "east" }
			}
		},
		{
			"from": [ 16.002, 15.502, 14.002 ],
			"to": [ 16.498, 15.998, 15.998 ],
			"faces": {
				"up": { "uv": [ 1.99, 0.01, 0.01, 0.49 ], "texture": "#0", "cullface": "east", "rotation": 90 },
				"north": { "uv": [ 1.51, 0.01, 1.99, 0.49 ], "texture": "#0", "cullface": "east" },
				"south": { "uv": [ 0.01, 0.01, 0.49, 0.49 ], "texture": "#0", "cullface": "east" },
				"east": { "uv": [ 0.01, 0.01, 1.99, 0.49 ], "texture": "#0", "cullface": "east" }
			}
		},
		{
			"from": [ 0.002, 15.502, 16.002 ],
			"to": [ 1.998, 15.998, 16.498 ],
			"faces": {
				"up": { "uv": [ 1.99, 0.01, 0.01, 0.49 ], "texture": "#0", "cullface": "south", "rotation": 180 },
				"north": { "uv": [ 14.01, 0.01, 15.99, 0.49 ], "texture": "#0", "cullface": "south" },
				"south": { "uv": [ 0.01, 0.01, 1.99, 0.49 ], "texture": "#0", "cullface": "south" },
				"east": { "uv": [ 1.51, 0.01, 1.99, 0.49 ], "texture": "#0", "cullface": "south" }
			}
		},
		{
			"from": [ 0.002, 11.002, 16.002 ],
			"to": [ 2.998, 15.498, 16.498 ],
			"faces": {
				"down": { "uv": [ 2.99, 4.51, 0.01, 4.99 ], "texture": "#0", "cullface": "south", "rotation": 180 },
				"up": { "uv": [ 2.99, 0.51, 0.01, 0.99 ], "texture": "#0", "cullface": "south", "rotation": 180 },
				"south": { "uv": [ 0.01, 0.51, 2.99, 4.99 ], "texture": "#0", "cullface": "south" },
				"west": { "uv": [ 0.01, 0.51, 0.49, 4.99 ], "texture": "#0", "cullface": "south" },
				"east": { "uv": [ 2.51, 0.51, 2.99, 4.99 ], "texture": "#0", "cullface": "south" }
			}
		},
		{
			"from": [ 0.002, 8.502, 16.002 ],
			"to": [ 1.998, 10.998, 16.498 ],
			"faces": {
				"down": { "uv": [ 1.99, 7.01, 0.01, 7.49 ], "texture": "#0", "cullface": "south", "rotation": 180 },
				"south": { "uv": [ 0.01, 5.01, 1.99, 7.49 ], "texture": "#0", "cullface": "south" },
				"west": { "uv": [ 0.01, 5.01, 0.49, 7.49 ], "texture": "#0", "cullface": "south" },
				"east": { "uv": [ 1.51, 5.01, 1.99, 7.49 ], "texture": "#0", "cullface": "south" }
			}
		},
		{
			"from": [ 3.502, 12.502, 16.002 ],
			"to": [ 3.998, 14.998, 16.498 ],
			"faces": {
				"down": { "uv": [ 3.51, 3.01, 3.99, 3.49 ], "texture": "#0", "cullface": "south", "rotation": 180 },
				"up": { "uv": [ 3.51, 1.01, 3.99, 1.49 ], "texture": "#0", "cullface": "south", "rotation": 180 },
				"south": { "uv": [ 3.51, 1.01, 3.99, 3.49 ], "texture": "#0", "cullface": "south" },
				"east": { "uv": [ 3.51, 1.01, 3.99, 3.49 ], "texture": "#0", "cullface": "south" }
			}
		},
		{
			"from": [ 3.002, 12.002, 16.002 ],
			"to": [ 3.498, 15.498, 16.498 ],
			"faces": {
				"down": { "uv": [ 3.01, 3.51, 3.49, 3.99 ], "texture": "#0", "cullface": "south", "rotation": 180 },
				"up": { "uv": [ 3.01, 0.51, 3.49, 0.99 ], "texture": "#0", "cullface": "south", "rotation": 180 },
				"south": { "uv": [ 3.01, 0.51, 3.49, 3.99 ], "texture": "#0", "cullface": "south" },
				"east": { "uv": [ 3.01, 0.51, 3.49, 3.99 ], "texture": "#0", "cullface": "south" }
			}
		},
		{
			"from": [ -0.498, 12.002, 3.002 ],
			"to": [ -0.002, 15.498, 3.498 ],
			"faces": {
				"down": { "uv": [ 3.01, 3.51, 3.49, 3.99 ], "texture": "#0", "cullface": "west", "rotation": 90 },
				"up": { "uv": [ 3.01, 0.51, 3.49, 0.99 ], "texture": "#0", "cullface": "west", "rotation": 270 },
				"south": { "uv": [ 3.01, 0.51, 3.49, 3.99 ], "texture": "#0", "cullface": "west" },
				"west": { "uv": [ 3.01, 0.51, 3.49, 3.99 ], "texture": "#0", "cullface": "west" }
			}
		},
		{
			"from": [ -0.498, 15.502, 0.002 ],
			"to": [ -0.002, 15.998, 1.998 ],
			"faces": {
				"up": { "uv": [ 1.99, 0.01, 0.01, 0.49 ], "texture": "#0", "cullface": "west", "rotation": 270 },
				"south": { "uv": [ 1.51, 0.01, 1.99, 0.49 ], "texture": "#0", "cullface": "west" },
				"west": { "uv": [ 0.01, 0.01, 1.99, 0.49 ], "texture": "#0", "cullface": "west" },
				"east": { "uv": [ 14.01, 0.01, 15.99, 0.49 ], "texture": "#0", "cullface": "west" }
			}
		},
		{
			"from": [ -0.498, 11.002, 0.002 ],
			"to": [ -0.002, 15.498, 2.998 ],
			"faces": {
				"down": { "uv": [ 2.99, 4.51, 0.01, 4.99 ], "texture": "#0", "cullface": "west", "rotation": 90 },
				"up": { "uv": [ 2.99, 0.51, 0.01, 0.99 ], "texture": "#0", "cullface": "west", "rotation": 270 },
				"north": { "uv": [ 0.01, 0.51, 0.49, 4.99 ], "texture": "#0", "cullface": "west" },
				"south": { "uv": [ 2.51, 0.51, 2.99, 4.99 ], "texture": "#0", "cullface": "west" },
				"west": { "uv": [ 0.01, 0.51, 2.99, 4.99 ], "texture": "#0", "cullface": "west" }
			}
		},
		{
			"from": [ -0.498, 8.502, 0.002 ],
			"to": [ -0.002, 10.998, 1.998 ],
			"faces": {
				"down": { "uv": [ 1.99, 7.01, 0.01, 7.49 ], "texture": "#0", "cullface": "west", "rotation": 90 },
				"north": { "uv": [ 0.01, 5.01, 0.49, 7.49 ], "texture": "#0", "cullface": "west" },
				"south": { "uv": [ 1.51, 5.01, 1.99, 7.49 ], "texture": "#0", "cullface": "west" },
				"west": { "uv": [ 0.01, 5.01, 1.99, 7.49 ], "texture": "#0", "cullface": "west" }
			}
		},
		{
			"from": [ -0.498, 12.502, 3.502 ],
			"to": [ -0.002, 14.998, 3.998 ],
			"faces": {
				"down": { "uv": [ 3.51, 3.01, 3.99, 3.49 ], "texture": "#0", "cullface": "west", "rotation": 90 },
				"up": { "uv": [ 3.51, 1.01, 3.99, 1.49 ], "texture": "#0", "cullface": "west", "rotation": 270 },
				"south": { "uv": [ 3.51, 1.01, 3.99, 3.49 ], "texture": "#0", "cullface": "west" },
				"west": { "uv": [ 3.51, 1.01, 3.99, 3.49 ], "texture": "#0", "cullface": "west" }
			}
		},
		{
			"from": [ 0.002, 16.002, 0.002 ],
			"to": [ 1.998, 16.498, 0.498 ],
			"faces": {
				"up": { "uv": [ 0.01, 0.01, 1.99, 0.49 ], "texture": "#1", "cullface": "up" },
				"north": { "uv": [ 0.01, 0.49, 1.99, 0.01 ], "texture": "#1", "cullface": "up", "rotation": 180 },
				"west": { "uv": [ 0.002, 15.502, 0.498, 15.998 ], "texture": "#1", "cullface": "up" },
				"east": { "uv": [ 1.51, 0.01, 1.99, 0.49 ], "texture": "#1", "cullface": "up", "rotation": 90 }
			}
		},
		{
			"from": [ 0.002, 16.002, 0.502 ],
			"to": [ 2.998, 16.498, 4.998 ],
			"faces": {
				"up": { "uv": [ 0.01, 0.51, 2.99, 4.99 ], "texture": "#1", "cullface": "up" },
				"north": { "uv": [ 0.01, 0.99, 2.99, 0.51 ], "texture": "#1", "cullface": "up", "rotation": 180 },
				"south": { "uv": [ 2.99, 4.51, 0.01, 4.99 ], "texture": "#1", "cullface": "up", "rotation": 180 },
				"west": { "uv": [ 0.01, 0.51, 0.49, 4.99 ], "texture": "#1", "cullface": "up", "rotation": 270 },
				"east": { "uv": [ 2.51, 0.51, 2.99, 4.99 ], "texture": "#1", "cullface": "up", "rotation": 90 }
			}
		},
		{
			"from": [ 3.002, 16.002, 0.502 ],
			"to": [ 3.498, 16.498, 3.998 ],
			"faces": {
				"up": { "uv": [ 3.01, 0.51, 3.49, 3.99 ], "texture": "#1", "cullface": "up" },
				"north": { "uv": [ 3.49, 0.99, 3.01, 0.51 ], "texture": "#1", "cullface": "up", "rotation": 180 },
				"south": { "uv": [ 3.01, 3.51, 3.49, 3.99 ], "texture": "#1", "cullface": "up", "rotation": 180 },
				"east": { "uv": [ 3.01, 0.51, 3.49, 3.99 ], "texture": "#1", "cullface": "up", "rotation": 90 }
			}
		},
		{
			"from": [ 3.502, 16.002, 1.002 ],
			"to": [ 3.998, 16.498, 3.498 ],
			"faces": {
				"up": { "uv": [ 3.51, 1.01, 3.99, 3.49 ], "texture": "#1", "cullface": "up" },
				"north": { "uv": [ 3.99, 1.49, 3.51, 1.01 ], "texture": "#1", "cullface": "up", "rotation": 180 },
				"south": { "uv": [ 3.51, 3.01, 3.99, 3.49 ], "texture": "#1", "cullface": "up", "rotation": 180 },
				"east": { "uv": [ 3.51, 1.01, 3.99, 3.49 ], "texture": "#1", "cullface": "up", "rotation": 90 }
			}
		},
		{
			"from": [ 0.002, 16.002, 5.002 ],
			"to": [ 1.998, 16.498, 7.498 ],
			"faces": {
				"up": { "uv": [ 0.01, 5.01, 1.99, 7.49 ], "texture": "#1", "cullface": "up" },
				"south": { "uv": [ 1.99, 7.01, 0.01, 7.49 ], "texture": "#1", "cullface": "up", "rotation": 180 },
				"west": { "uv": [ 0.01, 5.01, 0.49, 7.49 ], "texture": "#1", "cullface": "up", "rotation": 270 },
				"east": { "uv": [ 1.51, 5.01, 1.99, 7.49 ], "texture": "#1", "cullface": "up", "rotation": 90 }
			}
		},
		{
			"from": [ 0.002, -0.498, 15.502 ],
			"to": [ 1.998, -0.002, 15.998 ],
			"faces": {
				"down": { "uv": [ 0.01, 0.01, 1.99, 0.49 ], "texture": "#0", "cullface": "down" },
				"up": { "uv": [ 15.99, 0.49, 14.01, 0.01 ], "texture": "#0", "cullface": "down" },
				"south": { "uv": [ 1.99, 0.01, 0.01, 0.49 ], "texture": "#0", "cullface": "down", "rotation": 180 },
				"east": { "uv": [ 1.51, 0.01, 1.99, 0.49 ], "texture": "#0", "cullface": "down", "rotation": 270 }
			}
		},
		{
			"from": [ 0.002, -0.498, 11.002 ],
			"to": [ 2.998, -0.002, 15.498 ],
			"faces": {
				"down": { "uv": [ 0.01, 0.51, 2.99, 4.99 ], "texture": "#0", "cullface": "down" },
				"north": { "uv": [ 0.01, 4.99, 2.99, 4.51 ], "texture": "#0", "cullface": "down", "rotation": 180 },
				"south": { "uv": [ 2.99, 0.51, 0.01, 0.99 ], "texture": "#0", "cullface": "down", "rotation": 180 },
				"west": { "uv": [ 0.01, 0.51, 0.49, 4.99 ], "texture": "#0", "cullface": "down", "rotation": 90 },
				"east": { "uv": [ 2.51, 0.51, 2.99, 4.99 ], "texture": "#0", "cullface": "down", "rotation": 270 }
			}
		},
		{
			"from": [ 3.002, -0.498, 12.002 ],
			"to": [ 3.498, -0.002, 15.498 ],
			"faces": {
				"down": { "uv": [ 3.01, 0.51, 3.49, 3.99 ], "texture": "#0", "cullface": "down" },
				"north": { "uv": [ 3.49, 3.99, 3.01, 3.51 ], "texture": "#0", "cullface": "down", "rotation": 180 },
				"south": { "uv": [ 3.01, 0.51, 3.49, 0.99 ], "texture": "#0", "cullface": "down", "rotation": 180 },
				"east": { "uv": [ 3.01, 0.51, 3.49, 3.99 ], "texture": "#0", "cullface": "down", "rotation": 270 }
			}
		},
		{
			"from": [ 3.502, -0.498, 12.502 ],
			"to": [ 3.998, -0.002, 14.998 ],
			"faces": {
				"down": { "uv": [ 3.51, 1.01, 3.99, 3.49 ], "texture": "#0", "cullface": "down" },
				"north": { "uv": [ 3.99, 3.49, 3.51, 3.01 ], "texture": "#0", "cullface": "down", "rotation": 180 },
				"south": { "uv": [ 3.51, 1.01, 3.99, 1.49 ], "texture": "#0", "cullface": "down", "rotation": 180 },
				"east": { "uv": [ 3.51, 1.01, 3.99, 3.49 ], "texture": "#0", "cullface": "down", "rotation": 270 }
			}
		},
		{
			"from": [ 0.002, -0.498, 8.502 ],
			"to": [ 1.998, -0.002, 10.998 ],
			"faces": {
				"down": { "uv": [ 0.01, 5.01, 1.99, 7.49 ], "texture": "#0", "cullface": "down" },
				"north": { "uv": [ 0.01, 7.49, 1.99, 7.01 ], "texture": "#0", "cullface": "down", "rotation": 180 },
				"west": { "uv": [ 0.01, 5.01, 0.49, 7.49 ], "texture": "#0", "cullface": "down", "rotation": 90 },
				"east": { "uv": [ 1.51, 5.01, 1.99, 7.49 ], "texture": "#0", "cullface": "down", "rotation": 270 }
			}
		},
		{
			"from": [ 6.002, 16.002, 8.002 ],
			"to": [ 15.498, 16.498, 14.498 ],
			"faces": {
				"down": { "uv": [ 9.99, 14.49, 0.51, 8.01 ], "texture": "#1", "cullface": "up" },
				"up": { "uv": [ 6.01, 8.01, 15.49, 14.49 ], "texture": "#1", "cullface": "up" },
				"north": { "uv": [ 6.01, 8.49, 15.49, 8.01 ], "texture": "#1", "cullface": "up", "rotation": 180 },
				"south": { "uv": [ 15.49, 14.01, 6.01, 14.49 ], "texture": "#1", "cullface": "up", "rotation": 180 },
				"east": { "uv": [ 15.01, 8.01, 15.49, 14.49 ], "texture": "#1", "cullface": "up", "rotation": 90 }
			}
		},
		{
			"from": [ 0.502, 16.002, 8.502 ],
			"to": [ 15.998, 16.498, 14.498 ],
			"faces": {
				"up": { "uv": [ 0.51, 8.51, 15.99, 14.49 ], "texture": "#1", "cullface": "up" },
				"north": { "uv": [ 0.51, 8.99, 15.99, 8.51 ], "texture": "#1", "cullface": "up", "rotation": 180 },
				"south": { "uv": [ 15.99, 14.01, 0.51, 14.49 ], "texture": "#1", "cullface": "up", "rotation": 180 },
				"west": { "uv": [ 0.51, 8.51, 0.99, 14.49 ], "texture": "#1", "cullface": "up", "rotation": 270 },
				"east": { "uv": [ 15.51, 8.51, 15.99, 14.49 ], "texture": "#1", "cullface": "up", "rotation": 90 }
			}
		},
		{
			"from": [ 1.502, 16.002, 14.502 ],
			"to": [ 14.498, 16.498, 14.998 ],
			"faces": {
				"up": { "uv": [ 1.51, 14.51, 14.49, 14.99 ], "texture": "#1", "cullface": "up" },
				"south": { "uv": [ 14.49, 14.51, 1.51, 14.99 ], "texture": "#1", "cullface": "up", "rotation": 180 },
				"west": { "uv": [ 1.51, 14.51, 1.99, 14.99 ], "texture": "#1", "cullface": "up", "rotation": 270 },
				"east": { "uv": [ 14.01, 14.51, 14.49, 14.99 ], "texture": "#1", "cullface": "up", "rotation": 90 }
			}
		}
	]
}