{
"__comment": "Created by Filal",
"textures": {
    "particle": "block/oak_trapdoor",
    "1": "block/oak_trapdoor",
    "0": "block/oak_trapdoor_edge"
},
"elements": [ 
{
    "from": [ 0, 13, 0 ],
    "to": [ 3.5, 16, 3.5 ],
    "faces": {
        "down":  { "uv": [ 0.001, 12.501, 3.499, 15.999 ], "texture": "#1" },
        "up":    { "uv": [ 0.001, 0.001, 3.499, 3.499 ], "texture": "#1" },
        "north": { "uv": [ 12.501, 15.999, 15.999, 13.001 ], "texture": "#0" },
        "south": { "uv": [ 0.001, 15.999, 3.499, 13.001 ], "texture": "#0" },
        "west":  { "uv": [ 0.001, 15.999, 3.499, 13.001 ], "texture": "#0" },
        "east":  { "uv": [ 12.501, 15.999, 15.999, 13.001 ], "texture": "#0" }
    }
},
{
    "from": [ 0, 13, 12.5 ],
    "to": [ 3.5, 16, 16 ],
    "faces": {
        "down":  { "uv": [ 0.001, 0.001, 3.499, 3.499 ], "texture": "#1" },
        "up":    { "uv": [ 0.001, 12.501, 3.499, 15.999 ], "texture": "#1" },
        "north": { "uv": [ 12.501, 15.999, 15.999, 13.001 ], "texture": "#0" },
        "south": { "uv": [ 0.001, 15.999, 3.499, 13.001 ], "texture": "#0" },
        "west":  { "uv": [ 12.501, 15.999, 15.999, 13.001 ], "texture": "#0" },
        "east":  { "uv": [ 0.001, 15.999, 3.499, 13.001 ], "texture": "#0" }
    }
},
{
    "from": [ 12.5, 13, 0 ],
    "to": [ 16, 16, 3.5 ],
    "faces": {
        "down":  { "uv": [ 12.501, 12.501, 15.999, 15.999 ], "texture": "#1" },
        "up":    { "uv": [ 12.501, 0.001, 15.999, 3.499 ], "texture": "#1" },
        "north": { "uv": [ 0.001, 15.999, 3.499, 13.001 ], "texture": "#0" },
        "south": { "uv": [ 12.501, 15.999, 15.999, 13.001 ], "texture": "#0" },
        "west":  { "uv": [ 0.001, 15.999, 3.499, 13.001 ], "texture": "#0" },
        "east":  { "uv": [ 12.501, 15.999, 15.999, 13.001 ], "texture": "#0" }
    }
},
{
    "from": [ 12.5, 13, 12.5 ],
    "to": [ 16, 16, 16 ],
    "faces": {
        "down":  { "uv": [ 12.501, 0.001, 15.999, 3.499 ], "texture": "#1" },
        "up":    { "uv": [ 12.501, 12.501, 15.999, 15.999 ], "texture": "#1" },
        "north": { "uv": [ 0.001, 15.999, 3.499, 13.001 ], "texture": "#0" },
        "south": { "uv": [ 12.501, 15.999, 15.999, 13.001 ], "texture": "#0" },
        "west":  { "uv": [ 12.501, 15.999, 15.999, 13.001 ], "texture": "#0" },
        "east":  { "uv": [ 0.001, 15.999, 3.499, 13.001 ], "texture": "#0" }
    }
},
{
    "from": [ 3.5, 13.5, 0.5 ],
    "to": [ 12.5, 15.5, 3 ],
    "faces": {
        "down":  { "uv": [ 3.501, 0.501, 12.499, 2.999 ], "texture": "#1" },
        "up":    { "uv": [ 3.501, 0.501, 12.499, 2.999 ], "texture": "#1" },
        "north": { "uv": [ 3.501, 15.499, 12.499, 13.501 ], "texture": "#0" },
        "south": { "uv": [ 3.501, 13.501, 12.499, 15.499 ], "texture": "#0" }
    }
},
{
    "from": [ 0.5, 13.5, 3.5 ],
    "to": [ 3, 15.5, 12.5 ],
    "faces": {
        "down":  { "uv": [ 13.001, 3.501, 15.499, 12.499 ], "texture": "#1" },
        "up":    { "uv": [ 0.501, 3.501, 2.999, 12.499 ], "texture": "#1" },
        "west":  { "uv": [ 3.501, 15.499, 12.499, 13.501 ], "texture": "#0" },
        "east":  { "uv": [ 3.501, 13.501, 12.499, 15.499 ], "texture": "#0" }
    }
},
{
    "from": [ 3.5, 13.5, 13 ],
    "to": [ 12.5, 15.5, 15.5 ],
    "faces": {
        "down":  { "uv": [ 3.501, 13.001, 12.499, 15.499 ], "texture": "#1" },
        "up":    { "uv": [ 3.501, 13.001, 12.499, 15.499 ], "texture": "#1" },
        "north": { "uv": [ 3.501, 13.501, 12.499, 15.499 ], "texture": "#0" },
        "south": { "uv": [ 3.501, 15.499, 12.499, 13.501 ], "texture": "#0" }
    }
},
{
    "from": [ 13, 13.5, 3.5 ],
    "to": [ 15.5, 15.5, 12.5 ],
    "faces": {
        "down":  { "uv": [ 0.501, 3.501, 2.999, 12.499 ], "texture": "#1" },
        "up":    { "uv": [ 13.001, 3.501, 15.499, 12.499 ], "texture": "#1" },
        "west":  { "uv": [ 3.501, 13.501, 12.499, 15.499 ], "texture": "#0" },
        "east":  { "uv": [ 3.501, 15.499, 12.499, 13.501 ], "texture": "#0" }
    }
},
{
    "from": [ 3, 14, 3.5 ],
    "to": [ 3.5, 15, 12.5 ],
    "faces": {
        "down":  { "uv": [ 12.501, 3.501, 12.999, 12.499 ], "texture": "#1" },
        "up":    { "uv": [ 3.501, 3.501, 3.999, 12.499 ], "texture": "#1" },
        "east":  { "uv": [ 3.501, 5.499, 12.499, 4.501 ], "texture": "#1" }
    }
},
{
    "from": [ 3.5, 14, 3 ],
    "to": [ 12.5, 15, 3.5 ],
    "faces": {
        "down":  { "uv": [ 3.501, 3.501, 12.499, 3.999 ], "texture": "#1" },
        "up":    { "uv": [ 3.501, 3.501, 12.499, 3.999 ], "texture": "#1" },
        "south": { "uv": [ 3.501, 7.499, 12.499, 6.501 ], "texture": "#1" }
    }
},
{
    "from": [ 3.5, 14, 12.5 ],
    "to": [ 12.5, 15, 13 ],
    "faces": {
        "down":  { "uv": [ 3.501, 12.001, 12.499, 12.499 ], "texture": "#1" },
        "up":    { "uv": [ 3.501, 12.001, 12.499, 12.499 ], "texture": "#1" },
        "north": { "uv": [ 3.501, 7.499, 12.499, 6.501 ], "texture": "#1" }
    }
},
{
    "from": [ 12.5, 14, 3.5 ],
    "to": [ 13, 15, 12.5 ],
    "faces": {
        "down":  { "uv": [ 3.501, 3.501, 3.999, 12.499 ], "texture": "#1" },
        "up":    { "uv": [ 12.001, 3.501, 12.499, 12.499 ], "texture": "#1" },
        "west":  { "uv": [ 3.501, 9.499, 12.499, 8.501 ], "texture": "#1" }
    }
},
{
    "from": [ 4.5, 13.5, 3 ],
    "to": [ 5.5, 14.5, 13 ],
    "faces": {
        "down":  { "uv": [ 3.501, 4.501, 12.499, 5.499 ], "rotation": 90, "texture": "#1" },
        "up":    { "uv": [ 4.501, 3.001, 5.499, 12.999 ], "texture": "#1" },
        "west":  { "uv": [ 3.001, 4.501, 12.999, 5.499 ], "texture": "#1" },
        "east":  { "uv": [ 2.501, 5.499, 12.499, 4.501 ], "texture": "#1" }
    }
},
{
    "from": [ 6.5, 13.5, 3 ],
    "to": [ 7.5, 14.5, 13 ],
    "faces": {
        "down":  { "uv": [ 3.501, 6.501, 12.499, 7.499 ], "rotation": 90, "texture": "#1" },
        "up":    { "uv": [ 6.501, 3.001, 7.499, 12.999 ], "texture": "#1" },
        "west":  { "uv": [ 3.001, 4.501, 12.999, 5.499 ], "texture": "#1" },
        "east":  { "uv": [ 3.001, 5.499, 12.999, 4.501 ], "texture": "#1" }
    }
},
{
    "from": [ 8.5, 13.5, 3 ],
    "to": [ 9.5, 14.5, 13 ],
    "faces": {
        "down":  { "uv": [ 3.501, 8.501, 12.499, 9.499 ], "rotation": 90, "texture": "#1" },
        "up":    { "uv": [ 8.501, 3.001, 9.499, 12.999 ], "texture": "#1" },
        "west":  { "uv": [ 3.001, 8.501, 12.999, 9.499 ], "texture": "#1" },
        "east":  { "uv": [ 3.001, 9.499, 12.999, 8.501 ], "texture": "#1" }
    }
},
{
    "from": [ 10.5, 13.5, 3 ],
    "to": [ 11.5, 14.5, 13 ],
    "faces": {
        "down":  { "uv": [ 3.501, 10.501, 12.499, 11.499 ], "rotation": 90, "texture": "#1" },
        "up":    { "uv": [ 10.501, 3.001, 11.499, 12.999 ], "texture": "#1" },
        "west":  { "uv": [ 3.001, 10.501, 12.999, 11.499 ], "texture": "#1" },
        "east":  { "uv": [ 3.001, 11.499, 12.999, 10.501 ], "texture": "#1" }
    }
},
{
    "from": [ 3.5, 14, 4.5 ],
    "to": [ 12.5, 15, 5.5 ],
    "faces": {
        "down":  { "uv": [ 3.501, 4.501, 12.499, 5.499 ], "texture": "#1" },
        "up":    { "uv": [ 3.501, 4.501, 12.499, 5.499 ], "texture": "#1" },
        "north": { "uv": [ 3.501, 4.501, 12.499, 5.499 ], "texture": "#1" },
        "south": { "uv": [ 3.501, 5.499, 12.499, 4.501 ], "texture": "#1" }
    }
},
{
    "from": [ 3.5, 14, 6.5 ],
    "to": [ 12.5, 15, 7.5 ],
    "faces": {
        "down":  { "uv": [ 3.501, 6.501, 12.499, 7.499 ], "texture": "#1" },
        "up":    { "uv": [ 3.501, 6.501, 12.499, 7.499 ], "texture": "#1" },
        "north": { "uv": [ 3.501, 6.501, 12.499, 7.499 ], "texture": "#1" },
        "south": { "uv": [ 3.501, 7.499, 12.499, 6.501 ], "texture": "#1" }
    }
},
{
    "from": [ 3.5, 14, 8.5 ],
    "to": [ 12.5, 15, 9.5 ],
    "faces": {
        "down":  { "uv": [ 3.501, 8.501, 12.499, 9.499 ], "texture": "#1" },
        "up":    { "uv": [ 3.501, 8.501, 12.499, 9.499 ], "texture": "#1" },
        "north": { "uv": [ 3.501, 8.501, 12.499, 9.499 ], "texture": "#1" },
        "south": { "uv": [ 3.501, 9.499, 12.499, 8.501 ], "texture": "#1" }
    }
},
{
    "from": [ 3.5, 14, 10.5 ],
    "to": [ 12.5, 15, 11.5 ],
    "faces": {
        "down":  { "uv": [ 3.501, 10.501, 12.499, 11.499 ], "texture": "#1" },
        "up":    { "uv": [ 3.501, 10.501, 12.499, 11.499 ], "texture": "#1" },
        "north": { "uv": [ 3.501, 10.501, 12.499, 11.499 ], "texture": "#1" },
        "south": { "uv": [ 3.501, 11.499, 12.499, 10.501 ], "texture": "#1" }
    }
}
]
}