{
"__comment": "Created by Filal",
"textures": {
    "particle": "block/oak_trapdoor",
    "1": "block/oak_trapdoor_edge",
    "0": "block/oak_trapdoor"
},
"elements": [ 
{
    "from": [ 0, 0, 13 ],
    "to": [ 3.5, 3.5, 16 ],
    "faces": {
        "down":  { "uv": [ 0.001, 15.999, 3.499, 13.001 ], "texture": "#1" },
        "up":    { "uv": [ 15.999, 13.001, 12.501, 15.999 ], "texture": "#1" },
        "north": { "uv": [ 15.999, 12.501, 12.501, 15.999 ], "texture": "#0" },
        "south": { "uv": [ 0.001, 15.999, 3.499, 12.501 ], "texture": "#0" },
        "west":  { "uv": [ 12.501, 15.999, 15.999, 13.001 ], "rotation": 90, "texture": "#1" },
        "east":  { "uv": [ 0.001, 13.001, 3.499, 15.999 ], "rotation": 90, "texture": "#1" }
    }
},
{
    "from": [ 0, 12.5, 13 ],
    "to": [ 3.5, 16, 16 ],
    "faces": {
        "down":  { "uv": [ 0.001, 15.999, 3.499, 13.001 ], "texture": "#1" },
        "up":    { "uv": [ 3.499, 13.001, 0.001, 15.999 ], "texture": "#1" },
        "north": { "uv": [ 15.999, 0.001, 12.501, 3.499 ], "texture": "#0" },
        "south": { "uv": [ 0.001, 3.499, 3.499, 0.001 ], "texture": "#0" },
        "west":  { "uv": [ 0.001, 15.999, 3.499, 13.001 ], "rotation": 90, "texture": "#1" },
        "east":  { "uv": [ 12.501, 13.001, 15.999, 15.999 ], "rotation": 90, "texture": "#1" }
    }
},
{
    "from": [ 12.5, 12.5, 13 ],
    "to": [ 16, 16, 16 ],
    "faces": {
        "down":  { "uv": [ 12.501, 15.999, 15.999, 13.001 ], "texture": "#1" },
        "up":    { "uv": [ 15.999, 13.001, 12.501, 15.999 ], "texture": "#1" },
        "north": { "uv": [ 3.499, 0.001, 0.001, 3.499 ], "texture": "#0" },
        "south": { "uv": [ 12.501, 3.499, 15.999, 0.001 ], "texture": "#0" },
        "west":  { "uv": [ 0.001, 15.999, 3.499, 13.001 ], "rotation": 90, "texture": "#1" },
        "east":  { "uv": [ 15.999, 13.001, 12.501, 15.999 ], "rotation": 90, "texture": "#1" }
    }
},
{
    "from": [ 12.5, 0, 13 ],
    "to": [ 16, 3.5, 16 ],
    "faces": {
        "down":  { "uv": [ 12.501, 15.999, 15.999, 13.001 ], "texture": "#1" },
        "up":    { "uv": [ 15.999, 13.001, 12.501, 15.999 ], "texture": "#1" },
        "north": { "uv": [ 3.499, 12.501, 0.001, 15.999 ], "texture": "#0" },
        "south": { "uv": [ 12.501, 15.999, 15.999, 12.501 ], "texture": "#0" },
        "west":  { "uv": [ 12.501, 15.999, 15.999, 13.001 ], "rotation": 90, "texture": "#1" },
        "east":  { "uv": [ 3.499, 13.001, 0.001, 15.999 ], "rotation": 90, "texture": "#1" }
    }
},
{
    "from": [ 0.5, 3.5, 13.5 ],
    "to": [ 3, 12.5, 15.5 ],
    "faces": {
        "north": { "uv": [ 15.499, 3.501, 13.001, 12.499 ], "texture": "#0" },
        "south": { "uv": [ 0.501, 3.501, 2.999, 12.499 ], "texture": "#0" },
        "west":  { "uv": [ 3.501, 15.499, 12.499, 13.501 ], "rotation": 90, "texture": "#1" },
        "east":  { "uv": [ 3.501, 15.499, 11.999, 13.501 ], "rotation": 90, "texture": "#1" }
    }
},
{
    "from": [ 13, 3.5, 13.5 ],
    "to": [ 15.5, 12.5, 15.5 ],
    "faces": {
        "north": { "uv": [ 2.999, 3.501, 0.501, 12.499 ], "texture": "#0" },
        "south": { "uv": [ 13.001, 3.501, 15.499, 12.499 ], "texture": "#0" },
        "west":  { "uv": [ 3.501, 13.501, 12.499, 15.499 ], "rotation": 90, "texture": "#1" },
        "east":  { "uv": [ 3.501, 13.501, 12.499, 15.499 ], "rotation": 90, "texture": "#1" }
    }
},
{
    "from": [ 3.5, 0.5, 13.5 ],
    "to": [ 12.5, 3, 15.5 ],
    "faces": {
        "down":  { "uv": [ 3.501, 15.499, 12.499, 13.501 ], "texture": "#1" },
        "up":    { "uv": [ 3.501, 15.499, 12.499, 13.501 ], "texture": "#1" },
        "north": { "uv": [ 3.501, 13.501, 12.499, 15.999 ], "texture": "#0" },
        "south": { "uv": [ 3.501, 13.001, 12.499, 15.499 ], "texture": "#0" }
    }
},
{
    "from": [ 3.5, 13, 13.5 ],
    "to": [ 12.5, 15.5, 15.5 ],
    "faces": {
        "down":  { "uv": [ 3.501, 13.501, 12.499, 15.499 ], "texture": "#1" },
        "up":    { "uv": [ 3.501, 13.501, 12.499, 15.499 ], "texture": "#1" },
        "north": { "uv": [ 3.501, 2.999, 12.499, 0.501 ], "texture": "#0" },
        "south": { "uv": [ 3.501, 0.501, 12.499, 2.999 ], "texture": "#0" }
    }
},
{
    "from": [ 3.5, 3, 14 ],
    "to": [ 12.5, 3.5, 15 ],
    "faces": {
        "up":    { "uv": [ 3.501, 6.501, 12.499, 7.499 ], "texture": "#0" },
        "north": { "uv": [ 3.501, 12.001, 12.499, 12.499 ], "texture": "#0" },
        "south": { "uv": [ 3.501, 12.001, 12.499, 12.499 ], "texture": "#0" }
    }
},
{
    "from": [ 3.5, 12.5, 14 ],
    "to": [ 12.5, 13, 15 ],
    "faces": {
        "down":  { "uv": [ 3.501, 7.499, 12.499, 6.501 ], "texture": "#0" },
        "north": { "uv": [ 3.501, 3.501, 12.499, 3.999 ], "texture": "#0" },
        "south": { "uv": [ 3.501, 3.501, 12.499, 3.999 ], "texture": "#0" }
    }
},
{
    "from": [ 3, 3.5, 14 ],
    "to": [ 3.5, 12.5, 15 ],
    "faces": {
        "north": { "uv": [ 12.001, 3.501, 12.499, 12.499 ], "texture": "#0" },
        "south": { "uv": [ 3.501, 3.501, 3.999, 12.499 ], "texture": "#0" },
        "east":  { "uv": [ 3.501, 4.501, 12.999, 5.499 ], "rotation": 90, "texture": "#0" }
    }
},
{
    "from": [ 12.5, 3.5, 14 ],
    "to": [ 13, 12.5, 15 ],
    "faces": {
        "north": { "uv": [ 3.501, 3.501, 3.999, 12.499 ], "texture": "#0" },
        "south": { "uv": [ 12.001, 3.501, 12.499, 12.499 ], "texture": "#0" },
        "west":  { "uv": [ 3.501, 5.499, 12.499, 4.501 ], "rotation": 90, "texture": "#0" }
    }
},
{
    "from": [ 4.5, 3.5, 14 ],
    "to": [ 5.5, 12.5, 15 ],
    "faces": {
        "north": { "uv": [ 4.501, 3.501, 5.499, 12.499 ], "texture": "#0" },
        "south": { "uv": [ 3.501, 5.499, 12.499, 4.501 ], "rotation": 90, "texture": "#0" },
        "west":  { "uv": [ 3.501, 4.501, 12.499, 5.499 ], "rotation": 90, "texture": "#0" },
        "east":  { "uv": [ 3.501, 4.501, 12.499, 5.499 ], "rotation": 90, "texture": "#0" }
    }
},
{
    "from": [ 6.5, 3.5, 14 ],
    "to": [ 7.5, 12.5, 15 ],
    "faces": {
        "north": { "uv": [ 6.501, 3.501, 7.499, 12.499 ], "texture": "#0" },
        "south": { "uv": [ 3.501, 7.499, 12.499, 6.501 ], "rotation": 90, "texture": "#0" },
        "west":  { "uv": [ 3.501, 6.501, 12.499, 7.499 ], "rotation": 90, "texture": "#0" },
        "east":  { "uv": [ 3.501, 6.501, 12.499, 7.499 ], "rotation": 90, "texture": "#0" }
    }
},
{
    "from": [ 8.5, 3.5, 14 ],
    "to": [ 9.5, 12.5, 15 ],
    "faces": {
        "north": { "uv": [ 8.501, 3.501, 9.499, 12.499 ], "texture": "#0" },
        "south": { "uv": [ 3.501, 9.499, 12.499, 8.501 ], "rotation": 90, "texture": "#0" },
        "west":  { "uv": [ 3.501, 8.501, 12.499, 9.499 ], "rotation": 90, "texture": "#0" },
        "east":  { "uv": [ 3.501, 8.501, 12.499, 9.499 ], "rotation": 90, "texture": "#0" }
    }
},
{
    "from": [ 10.5, 3.5, 14 ],
    "to": [ 11.5, 12.5, 15 ],
    "faces": {
        "north": { "uv": [ 10.501, 3.501, 11.499, 12.499 ], "texture": "#0" },
        "south": { "uv": [ 3.501, 11.499, 12.499, 10.501 ], "rotation": 90, "texture": "#0" },
        "west":  { "uv": [ 3.501, 10.501, 12.499, 11.499 ], "rotation": 90, "texture": "#0" },
        "east":  { "uv": [ 3.501, 10.501, 12.499, 11.499 ], "rotation": 90, "texture": "#0" }
    }
},
{
    "from": [ 3, 4.5, 13.5 ],
    "to": [ 13, 5.5, 14.5 ],
    "faces": {
        "down":  { "uv": [ 3.001, 4.501, 12.999, 5.499 ], "texture": "#0" },
        "up":    { "uv": [ 3.001, 4.501, 12.999, 5.499 ], "texture": "#0" },
        "north": { "uv": [ 3.001, 4.501, 12.999, 5.499 ], "texture": "#0" },
        "south": { "uv": [ 5.499, 3.001, 4.501, 12.999 ], "rotation": 90, "texture": "#0" }
    }
},
{
    "from": [ 3, 6.5, 13.5 ],
    "to": [ 13, 7.5, 14.5 ],
    "faces": {
        "down":  { "uv": [ 3.001, 8.501, 12.999, 9.499 ], "texture": "#0" },
        "up":    { "uv": [ 3.001, 8.501, 12.999, 9.499 ], "texture": "#0" },
        "north": { "uv": [ 3.001, 8.501, 12.999, 9.499 ], "texture": "#0" },
        "south": { "uv": [ 7.499, 3.001, 6.501, 12.999 ], "rotation": 90, "texture": "#0" }
    }
},
{
    "from": [ 3, 8.5, 13.5 ],
    "to": [ 13, 9.5, 14.5 ],
    "faces": {
        "down":  { "uv": [ 3.001, 6.501, 12.999, 7.499 ], "texture": "#0" },
        "up":    { "uv": [ 3.001, 6.501, 12.999, 7.499 ], "texture": "#0" },
        "north": { "uv": [ 3.001, 6.501, 12.999, 7.499 ], "texture": "#0" },
        "south": { "uv": [ 3.001, 7.499, 12.999, 6.501 ], "texture": "#0" }
    }
},
{
    "from": [ 3, 10.5, 13.5 ],
    "to": [ 13, 11.5, 14.5 ],
    "faces": {
        "down":  { "uv": [ 3.001, 4.501, 12.999, 5.499 ], "texture": "#0" },
        "up":    { "uv": [ 3.001, 4.501, 12.999, 5.499 ], "texture": "#0" },
        "north": { "uv": [ 3.001, 4.501, 12.999, 5.499 ], "texture": "#0" },
        "south": { "uv": [ 11.499, 3.001, 10.501, 12.999 ], "rotation": 90, "texture": "#0" }
    }
}
]
}