{
	"__comment": "Created by Filal",
	"textures": {
		"particle": "block/oxeye_daisy",
		"0": "block/oxeye_daisy",
		"1": "block/oxeye_daisy1",
		"2": "block/oxeye_daisy2"
	},
	"elements": [ 	 
		{
			"__comment": "PlaneX1",
			"from": [ 2, 0, 0 ],
			"to": [ 2.001, 5.5, 16 ],
			"rotation": { "origin": [ 2, 0, 0 ], "axis": "y", "angle": 22.5 },
			"shade": false,
			"faces": {
				"west": { "uv": [ 16, 10.5, 0, 16 ], "texture": "#0" },
				"east": { "uv": [ 0, 10.5, 16, 16 ], "texture": "#0" }
			}
		},
		{
			"__comment": "PlaneX2",
			"from": [ 12, 0, 4 ],
			"to": [ 12.001, 4.5, 20 ],
			"rotation": { "origin": [ 12, 0, 4 ], "axis": "y", "angle": -45 },
			"shade": false,
			"faces": {
				"west": { "uv": [ 16, 11.5, 0, 16 ], "texture": "#1" },
				"east": { "uv": [ 0, 11.5, 16, 16 ], "texture": "#1" }
			}
		},
		{
			"__comment": "PlaneX3",
			"from": [ -2, 0, 8 ],
			"to": [ 14, 5, 8.001 ],
			"rotation": { "origin": [ 14, 0, 8 ], "axis": "y", "angle": -22.5 },
			"shade": false,
			"faces": {
				"north": { "uv": [ 16, 11, 0, 16 ], "texture": "#2" },
				"south": { "uv": [ 0, 11, 16, 16 ], "texture": "#2" }
			}
		},
		{
			"__comment": "PlaneY4",
			"from": [ 2, 4, 2 ],
			"to": [ 5, 4.001, 5.5 ],
			"rotation": { "origin": [ 3.5, 4, 2 ], "axis": "z", "angle": 22.5 },
			"shade": false,
			"faces": {
				"down": { "uv": [ 0, 0, 3.5, 3 ], "texture": "#0", "rotation": 90 },
				"up": { "uv": [ 0, 0, 3.5, 3 ], "texture": "#0", "rotation": 90 }
			}
		},
		{
			"__comment": "PlaneY5",
			"from": [ 3.5, 5.5, 6.5 ],
			"to": [ 8, 5.501, 10.5 ],
			"rotation": { "origin": [ 3.5, 5.5, 8.5 ], "axis": "x", "angle": 22.5 },
			"shade": false,
			"faces": {
				"down": { "uv": [ 6.5, 0, 11, 4 ], "texture": "#0" },
				"up": { "uv": [ 6.5, 0, 11, 4 ], "texture": "#0" }
			}
		},
		{
			"__comment": "PlaneY6",
			"from": [ 9, 4.5, 4.5 ],
			"to": [ 11.5, 4.501, 7.5 ],
			"rotation": { "origin": [ 10.5, 4.5, 4.5 ], "axis": "z", "angle": -22.5 },
			"shade": false,
			"faces": {
				"down": { "uv": [ 6.5, 4, 9, 7 ], "texture": "#0" },
				"up": { "uv": [ 6.5, 4, 9, 7 ], "texture": "#0", "rotation": 180 }
			}
		},
		{
			"__comment": "PlaneY7",
			"from": [ 6, 3.5, 4 ],
			"to": [ 9, 3.501, 7 ],
			"rotation": { "origin": [ 6, 3.5, 5.5 ], "axis": "x", "angle": -22.5 },
			"shade": false,
			"faces": {
				"down": { "uv": [ 11, 0, 14, 3 ], "texture": "#0" },
				"up": { "uv": [ 11, 0, 14, 3 ], "texture": "#0" }
			}
		},
		{
			"__comment": "PlaneY8",
			"from": [ 5.5, 4, 11 ],
			"to": [ 8.5, 4.001, 14.5 ],
			"rotation": { "origin": [ 7, 4, 11 ], "axis": "z", "angle": 22.5 },
			"shade": false,
			"faces": {
				"down": { "uv": [ 0, 3.5, 3.5, 6.5 ], "texture": "#0", "rotation": 90 },
				"up": { "uv": [ 0, 3.5, 3.5, 6.5 ], "texture": "#0", "rotation": 90 }
			}
		},
		{
			"__comment": "PlaneX9",
			"from": [ 1, 0, 9.5 ],
			"to": [ 17, 5.5, 9.501 ],
			"rotation": { "origin": [ 17, 0, 9.5 ], "axis": "y", "angle": 22.5 },
			"shade": false,
			"faces": {
				"north": { "uv": [ 0, 10.5, 16, 16 ], "texture": "#0" },
				"south": { "uv": [ 16, 10.5, 0, 16 ], "texture": "#0" }
			}
		},
		{
			"__comment": "PlaneX10",
			"from": [ 12, 0, 1 ],
			"to": [ 12.001, 4.5, 17 ],
			"shade": false,
			"faces": {
				"west": { "uv": [ 0, 11.5, 16, 16 ], "texture": "#1" },
				"east": { "uv": [ 16, 11.5, 0, 16 ], "texture": "#1" }
			}
		},
		{
			"__comment": "PlaneY11",
			"from": [ 13.5, 4, 9 ],
			"to": [ 16.5, 4.001, 12 ],
			"rotation": { "origin": [ 15, 4, 9 ], "axis": "z", "angle": -22.5 },
			"shade": false,
			"faces": {
				"down": { "uv": [ 11, 0, 14, 3 ], "texture": "#0" },
				"up": { "uv": [ 11, 0, 14, 3 ], "texture": "#0", "rotation": 180 }
			}
		},
		{
			"__comment": "PlaneY12",
			"from": [ 9, 5.5, 10 ],
			"to": [ 13, 5.501, 14 ],
			"rotation": { "origin": [ 9, 5.5, 12 ], "axis": "x", "angle": -22.5 },
			"shade": false,
			"faces": {
				"down": { "uv": [ 7, 0, 11, 4 ], "texture": "#0" },
				"up": { "uv": [ 7, 0, 11, 4 ], "texture": "#0" }
			}
		},
		{
			"__comment": "PlaneY13",
			"from": [ 2.5, 4, 10.5 ],
			"to": [ 6, 4.001, 14 ],
			"rotation": { "origin": [ 2.5, 4, 12 ], "axis": "x", "angle": 22.5 },
			"shade": false,
			"faces": {
				"down": { "uv": [ 9, 4, 12.5, 7.5 ], "texture": "#0" },
				"up": { "uv": [ 9, 4, 12.5, 7.5 ], "texture": "#0" }
			}
		},
		{
			"__comment": "PlaneY14",
			"from": [ 10.5, 2.5, 1.5 ],
			"to": [ 13.5, 2.501, 4.5 ],
			"rotation": { "origin": [ 10.5, 2.5, 3 ], "axis": "x", "angle": -22.5 },
			"shade": false,
			"faces": {
				"down": { "uv": [ 3.5, 0, 6.5, 3 ], "texture": "#0" },
				"up": { "uv": [ 3.5, 0, 6.5, 3 ], "texture": "#0" }
			}
		}
	]
}