{
	"__comment": "Created by Filal",
	"textures": {
		"particle": "block/podzol_side",
		"0": "block/podzol_side",
		"1": "block/podzol_top2",
		"2": "block/dirt",
		"3": "block/stone"
	},
	"elements": [ 	 
		{
			"__comment": "Box1",
			"from": [ 0, 0, 0 ],
			"to": [ 16, 16, 16 ],
			"faces": {
				"down": { "uv": [ 0, 0, 16, 16 ], "texture": "#2", "cullface": "down" },
				"up": { "uv": [ 0, 0, 16, 16 ], "texture": "#1", "cullface": "up" },
				"north": { "uv": [ 0, 0, 16, 16 ], "texture": "#0", "cullface": "north" },
				"south": { "uv": [ 0, 0, 16, 16 ], "texture": "#0", "cullface": "south" },
				"west": { "uv": [ 0, 0, 16, 16 ], "texture": "#0", "cullface": "west" },
				"east": { "uv": [ 0, 0, 16, 16 ], "texture": "#0", "cullface": "east" }
			}
		},
		{
			"__comment": "Box16",
			"from": [ 5.5, 16, 5 ],
			"to": [ 8, 17, 6 ],
			"faces": {
				"up": { "uv": [ 5.5, 5, 8, 6 ], "texture": "#3", "cullface": "up" },
				"north": { "uv": [ 8, 15, 10.5, 16 ], "texture": "#3", "cullface": "up" },
				"south": { "uv": [ 5.5, 15, 8, 16 ], "texture": "#3", "cullface": "up" },
				"west": { "uv": [ 5, 15, 6, 16 ], "texture": "#3", "cullface": "up" },
				"east": { "uv": [ 10, 15, 11, 16 ], "texture": "#3", "cullface": "up" }
			}
		},
		{
			"__comment": "Box16",
			"from": [ 5.5, 16, 4.5 ],
			"to": [ 7.5, 17, 5 ],
			"faces": {
				"up": { "uv": [ 5.5, 4.5, 7.5, 5 ], "texture": "#3", "cullface": "up" },
				"north": { "uv": [ 8.5, 15, 10.5, 16 ], "texture": "#3", "cullface": "up" },
				"south": { "uv": [ 5.5, 15, 7.5, 16 ], "texture": "#3", "cullface": "up" },
				"west": { "uv": [ 4.5, 15, 5, 16 ], "texture": "#3", "cullface": "up" },
				"east": { "uv": [ 11, 15, 11.5, 16 ], "texture": "#3", "cullface": "up" }
			}
		},
		{
			"__comment": "Box16",
			"from": [ 5.5, 16, 6 ],
			"to": [ 6.5, 17, 6.5 ],
			"faces": {
				"up": { "uv": [ 5.5, 6, 6.5, 6.5 ], "texture": "#3", "cullface": "up" },
				"north": { "uv": [ 9.5, 15, 10.5, 16 ], "texture": "#3", "cullface": "up" },
				"south": { "uv": [ 5.5, 15, 6.5, 16 ], "texture": "#3", "cullface": "up" },
				"west": { "uv": [ 6, 15, 6.5, 16 ], "texture": "#3", "cullface": "up" },
				"east": { "uv": [ 9.5, 15, 10, 16 ], "texture": "#3", "cullface": "up" }
			}
		},
		{
			"__comment": "Box16",
			"from": [ 5, 16, 4.5 ],
			"to": [ 5.5, 16.5, 6 ],
			"faces": {
				"up": { "uv": [ 5, 4.5, 5.5, 6 ], "texture": "#3", "cullface": "up" },
				"north": { "uv": [ 10.5, 15.5, 11, 16 ], "texture": "#3", "cullface": "up" },
				"south": { "uv": [ 5, 15.5, 5.5, 16 ], "texture": "#3", "cullface": "up" },
				"west": { "uv": [ 4.5, 15.5, 6, 16 ], "texture": "#3", "cullface": "up" },
				"east": { "uv": [ 10, 15.5, 11.5, 16 ], "texture": "#3", "cullface": "up" }
			}
		},
		{
			"__comment": "Box16",
			"from": [ 5.5, 16, 4 ],
			"to": [ 7, 16.5, 4.5 ],
			"faces": {
				"up": { "uv": [ 5.5, 4, 7, 4.5 ], "texture": "#3", "cullface": "up" },
				"north": { "uv": [ 9, 15.5, 10.5, 16 ], "texture": "#3", "cullface": "up" },
				"south": { "uv": [ 5.5, 15.5, 7, 16 ], "texture": "#3", "cullface": "up" },
				"west": { "uv": [ 4, 15.5, 4.5, 16 ], "texture": "#3", "cullface": "up" },
				"east": { "uv": [ 11.5, 15.5, 12, 16 ], "texture": "#3", "cullface": "up" }
			}
		},
		{
			"__comment": "Box16",
			"from": [ 8, 16, 5 ],
			"to": [ 8.5, 16.5, 6 ],
			"faces": {
				"up": { "uv": [ 8, 5, 8.5, 6 ], "texture": "#3", "cullface": "up" },
				"north": { "uv": [ 7.5, 15.5, 8, 16 ], "texture": "#3", "cullface": "up" },
				"south": { "uv": [ 8, 15.5, 8.5, 16 ], "texture": "#3", "cullface": "up" },
				"west": { "uv": [ 5, 15.5, 6, 16 ], "texture": "#3", "cullface": "up" },
				"east": { "uv": [ 10, 15.5, 11, 16 ], "texture": "#3", "cullface": "up" }
			}
		},
		{
			"__comment": "Box16",
			"from": [ 7.5, 16, 4.5 ],
			"to": [ 8.5, 16.5, 5 ],
			"faces": {
				"up": { "uv": [ 7.5, 4.5, 8.5, 5 ], "texture": "#3", "cullface": "up" },
				"north": { "uv": [ 7.5, 15.5, 8.5, 16 ], "texture": "#3", "cullface": "up" },
				"south": { "uv": [ 7.5, 15.5, 8.5, 16 ], "texture": "#3", "cullface": "up" },
				"west": { "uv": [ 4.5, 15.5, 5, 16 ], "texture": "#3", "cullface": "up" },
				"east": { "uv": [ 11, 15.5, 11.5, 16 ], "texture": "#3", "cullface": "up" }
			}
		},
		{
			"__comment": "Box16",
			"from": [ 6.5, 16, 6 ],
			"to": [ 7.5, 16.5, 6.5 ],
			"faces": {
				"up": { "uv": [ 6.5, 6, 7.5, 6.5 ], "texture": "#3", "cullface": "up" },
				"north": { "uv": [ 8.5, 15.5, 9.5, 16 ], "texture": "#3", "cullface": "up" },
				"south": { "uv": [ 6.5, 15.5, 7.5, 16 ], "texture": "#3", "cullface": "up" },
				"west": { "uv": [ 6, 15.5, 6.5, 16 ], "texture": "#3", "cullface": "up" },
				"east": { "uv": [ 9.5, 15.5, 10, 16 ], "texture": "#3", "cullface": "up" }
			}
		}
	]
}