{
	"__comment": "Created by Filal",
	"textures": {
		"particle": "block/flower_pot",
		"1": "block/flower_pot",
		"2": "block/cactus_pot",
		"3": "block/cactus_top"
	},
	"elements": [ 	 
		{
			"__comment": "Element",
			"from": [ 5.5, 0, 5.5 ],
			"to": [ 10, 5, 6 ],
			"faces": {
				"down": { "uv": [ 5.5, 10, 10, 10.5 ], "texture": "#1" },
				"north": { "uv": [ 6, 11, 10.5, 16 ], "texture": "#1" },
				"south": { "uv": [ 5.5, 11, 10, 16 ], "texture": "#1" },
				"west": { "uv": [ 5.5, 11, 6, 16 ], "texture": "#1" }
			}
		},
		{
			"__comment": "Element",
			"from": [ 6, 0, 10 ],
			"to": [ 10.5, 5, 10.5 ],
			"faces": {
				"down": { "uv": [ 5.5, 5.5, 10, 6 ], "texture": "#1" },
				"north": { "uv": [ 5.5, 11, 10, 16 ], "texture": "#1" },
				"south": { "uv": [ 6, 11, 10.5, 16 ], "texture": "#1" },
				"east": { "uv": [ 5.5, 11, 6, 16 ], "texture": "#1" }
			}
		},
		{
			"__comment": "Element",
			"from": [ 5.5, 0, 6 ],
			"to": [ 6, 5, 10.5 ],
			"faces": {
				"down": { "uv": [ 5.5, 5.5, 6, 10 ], "texture": "#1" },
				"south": { "uv": [ 5.5, 11, 6, 16 ], "texture": "#1" },
				"west": { "uv": [ 6, 11, 10.5, 16 ], "texture": "#1" },
				"east": { "uv": [ 5.5, 11, 10, 16 ], "texture": "#1" }
			}
		},
		{
			"__comment": "Element",
			"from": [ 10, 0, 5.5 ],
			"to": [ 10.5, 5, 10 ],
			"faces": {
				"down": { "uv": [ 10, 6, 10.5, 10.5 ], "texture": "#1" },
				"north": { "uv": [ 5.5, 11, 6, 16 ], "texture": "#1" },
				"west": { "uv": [ 5.5, 11, 10, 16 ], "texture": "#1" },
				"east": { "uv": [ 6, 11, 10.5, 16 ], "texture": "#1" }
			}
		},
		{
			"__comment": "Element",
			"from": [ 5, 5, 5 ],
			"to": [ 10, 6, 6 ],
			"faces": {
				"down": { "uv": [ 5, 10, 10, 11 ], "texture": "#1" },
				"up": { "uv": [ 5, 5, 10, 6 ], "texture": "#1" },
				"north": { "uv": [ 6, 10, 11, 11 ], "texture": "#1" },
				"south": { "uv": [ 5, 10, 10, 11 ], "texture": "#1" },
				"west": { "uv": [ 10, 10, 11, 11 ], "texture": "#1", "rotation": 90 }
			}
		},
		{
			"__comment": "Element",
			"from": [ 6, 5, 10 ],
			"to": [ 11, 6, 11 ],
			"faces": {
				"down": { "uv": [ 6, 5, 11, 6 ], "texture": "#1" },
				"up": { "uv": [ 6, 10, 11, 11 ], "texture": "#1" },
				"north": { "uv": [ 5, 5, 10, 6 ], "texture": "#1" },
				"south": { "uv": [ 6, 5, 11, 6 ], "texture": "#1" },
				"east": { "uv": [ 5, 5, 6, 6 ], "texture": "#1", "rotation": 270 }
			}
		},
		{
			"__comment": "Element",
			"from": [ 10, 5, 5 ],
			"to": [ 11, 6, 10 ],
			"faces": {
				"down": { "uv": [ 10, 6, 11, 11 ], "texture": "#1" },
				"up": { "uv": [ 10, 5, 11, 10 ], "texture": "#1" },
				"north": { "uv": [ 5, 10, 6, 11 ], "texture": "#1" },
				"west": { "uv": [ 5, 6, 6, 11 ], "texture": "#1", "rotation": 90 },
				"east": { "uv": [ 5, 6, 6, 11 ], "texture": "#1", "rotation": 270 }
			}
		},
		{
			"__comment": "Element",
			"from": [ 5, 5, 6 ],
			"to": [ 6, 6, 11 ],
			"faces": {
				"down": { "uv": [ 5, 5, 6, 10 ], "texture": "#1" },
				"up": { "uv": [ 5, 6, 6, 11 ], "texture": "#1" },
				"south": { "uv": [ 5, 5, 6, 6 ], "texture": "#1" },
				"west": { "uv": [ 5, 6, 6, 11 ], "texture": "#1", "rotation": 90 },
				"east": { "uv": [ 5, 5, 10, 6 ], "texture": "#1" }
			}
		},
		{
			"__comment": "Box10",
			"from": [ 6, 0, 6 ],
			"to": [ 10, 16, 10 ],
			"faces": {
				"up": { "uv": [ 0, 0, 4, 4 ], "texture": "#2" },
				"north": { "uv": [ 6, 0, 10, 16 ], "texture": "#2" },
				"south": { "uv": [ 6, 0, 10, 16 ], "texture": "#2" },
				"west": { "uv": [ 6, 0, 10, 16 ], "texture": "#2" },
				"east": { "uv": [ 6, 0, 10, 16 ], "texture": "#2" }
			}
		},
		{
			"__comment": "Box11",
			"from": [ 8.5, 12, 5 ],
			"to": [ 9, 12.5, 6 ],
			"rotation": { "origin": [ 8.5, 12, 6 ], "axis": "x", "angle": 45 },
			"faces": {
				"down": { "uv": [ 0.5, 0.5, 1, 1 ], "texture": "#3" },
				"up": { "uv": [ 0.5, 0.5, 1, 1 ], "texture": "#3" },
				"north": { "uv": [ 0.5, 0.5, 1, 1 ], "texture": "#3" },
				"west": { "uv": [ 0.5, 0.5, 1, 1 ], "texture": "#3" },
				"east": { "uv": [ 0.5, 1.5, 1, 2 ], "texture": "#3" }
			}
		},
		{
			"__comment": "Box11",
			"from": [ 6.01, 14, 5 ],
			"to": [ 6.51, 14.5, 6 ],
			"rotation": { "origin": [ 6, 14, 6 ], "axis": "x", "angle": 45 },
			"faces": {
				"down": { "uv": [ 0, 3, 0.5, 3.5 ], "texture": "#3" },
				"up": { "uv": [ 0, 3, 0.5, 3.5 ], "texture": "#3" },
				"north": { "uv": [ 0.5, 3.5, 1, 4 ], "texture": "#3" },
				"west": { "uv": [ 0.5, 2.5, 1, 3 ], "texture": "#3" },
				"east": { "uv": [ 0.5, 3, 1, 3.5 ], "texture": "#3" }
			}
		},
		{
			"__comment": "Box11",
			"from": [ 9.5, 14, 7 ],
			"to": [ 10, 15, 7.5 ],
			"rotation": { "origin": [ 10, 14, 8 ], "axis": "z", "angle": -45 },
			"faces": {
				"up": { "uv": [ 0.5, 0.5, 0, 0 ], "texture": "#3", "rotation": 90 },
				"north": { "uv": [ 0.5, 1.5, 1, 2 ], "texture": "#3", "rotation": 90 },
				"south": { "uv": [ 0.5, 0.5, 1, 1 ], "texture": "#3", "rotation": 270 },
				"west": { "uv": [ 0.5, 1, 1, 1.5 ], "texture": "#3" },
				"east": { "uv": [ 1, 1.5, 0.5, 1 ], "texture": "#3" }
			}
		},
		{
			"__comment": "Box11",
			"from": [ 9.5, 12, 8.5 ],
			"to": [ 10, 13, 9 ],
			"rotation": { "origin": [ 10, 12, 9.5 ], "axis": "z", "angle": -45 },
			"faces": {
				"up": { "uv": [ 0.5, 0.5, 0, 0 ], "texture": "#3", "rotation": 90 },
				"north": { "uv": [ 0.5, 1.5, 1, 2 ], "texture": "#3", "rotation": 90 },
				"south": { "uv": [ 0.5, 0.5, 1, 1 ], "texture": "#3", "rotation": 270 },
				"west": { "uv": [ 0.5, 1, 1, 1.5 ], "texture": "#3" },
				"east": { "uv": [ 1, 1.5, 0.5, 1 ], "texture": "#3" }
			}
		},
		{
			"__comment": "Box11",
			"from": [ 9.5, 9.5, 6.5 ],
			"to": [ 10, 10.5, 7 ],
			"rotation": { "origin": [ 10, 9.5, 7.5 ], "axis": "z", "angle": -45 },
			"faces": {
				"up": { "uv": [ 0.5, 0.5, 0, 0 ], "texture": "#3", "rotation": 90 },
				"north": { "uv": [ 0.5, 1.5, 1, 2 ], "texture": "#3", "rotation": 90 },
				"south": { "uv": [ 0.5, 0.5, 1, 1 ], "texture": "#3", "rotation": 270 },
				"west": { "uv": [ 0.5, 1, 1, 1.5 ], "texture": "#3" },
				"east": { "uv": [ 1, 1.5, 0.5, 1 ], "texture": "#3" }
			}
		},
		{
			"__comment": "Box11",
			"from": [ 9.5, 12, 8.5 ],
			"to": [ 10, 13, 9 ],
			"rotation": { "origin": [ 10, 12, 9.5 ], "axis": "z", "angle": -45 },
			"faces": {
				"up": { "uv": [ 0.5, 0.5, 0, 0 ], "texture": "#3", "rotation": 90 },
				"north": { "uv": [ 0.5, 1.5, 1, 2 ], "texture": "#3", "rotation": 90 },
				"south": { "uv": [ 0.5, 0.5, 1, 1 ], "texture": "#3", "rotation": 270 },
				"west": { "uv": [ 0.5, 1, 1, 1.5 ], "texture": "#3" },
				"east": { "uv": [ 1, 1.5, 0.5, 1 ], "texture": "#3" }
			}
		},
		{
			"__comment": "Box11",
			"from": [ 9, 13.5, 9.5 ],
			"to": [ 9.5, 14.5, 10 ],
			"rotation": { "origin": [ 9.5, 13.5, 10 ], "axis": "x", "angle": 45 },
			"faces": {
				"up": { "uv": [ 0.5, 0.5, 0, 0 ], "texture": "#3", "rotation": 90 },
				"north": { "uv": [ 0.5, 1.5, 1, 2 ], "texture": "#3", "rotation": 90 },
				"south": { "uv": [ 0.5, 0.5, 1, 1 ], "texture": "#3", "rotation": 270 },
				"west": { "uv": [ 0.5, 1, 1, 1.5 ], "texture": "#3" },
				"east": { "uv": [ 1, 1.5, 0.5, 1 ], "texture": "#3" }
			}
		},
		{
			"__comment": "Box11",
			"from": [ 7, 14, 9.5 ],
			"to": [ 7.5, 15, 10 ],
			"rotation": { "origin": [ 7.5, 14, 10 ], "axis": "x", "angle": 45 },
			"faces": {
				"up": { "uv": [ 0.5, 0.5, 0, 0 ], "texture": "#3", "rotation": 90 },
				"north": { "uv": [ 0.5, 1.5, 1, 2 ], "texture": "#3", "rotation": 90 },
				"south": { "uv": [ 0.5, 0.5, 1, 1 ], "texture": "#3", "rotation": 270 },
				"west": { "uv": [ 0.5, 1, 1, 1.5 ], "texture": "#3" },
				"east": { "uv": [ 1, 1.5, 0.5, 1 ], "texture": "#3" }
			}
		},
		{
			"__comment": "Box11",
			"from": [ 7.5, 8.5, 9.5 ],
			"to": [ 8, 9.5, 10 ],
			"rotation": { "origin": [ 8, 8.5, 10 ], "axis": "x", "angle": 45 },
			"faces": {
				"up": { "uv": [ 0.5, 0.5, 0, 0 ], "texture": "#3", "rotation": 90 },
				"north": { "uv": [ 0.5, 1.5, 1, 2 ], "texture": "#3", "rotation": 90 },
				"south": { "uv": [ 0.5, 0.5, 1, 1 ], "texture": "#3", "rotation": 270 },
				"west": { "uv": [ 0.5, 1, 1, 1.5 ], "texture": "#3" },
				"east": { "uv": [ 1, 1.5, 0.5, 1 ], "texture": "#3" }
			}
		},
		{
			"__comment": "Box11",
			"from": [ 6, 9, 8.5 ],
			"to": [ 6.5, 10, 9 ],
			"rotation": { "origin": [ 6, 9, 9 ], "axis": "z", "angle": 45 },
			"faces": {
				"up": { "uv": [ 0.5, 0.5, 0, 0 ], "texture": "#3", "rotation": 90 },
				"north": { "uv": [ 0.5, 1.5, 1, 2 ], "texture": "#3", "rotation": 90 },
				"south": { "uv": [ 0.5, 0.5, 1, 1 ], "texture": "#3", "rotation": 270 },
				"west": { "uv": [ 0.5, 1, 1, 1.5 ], "texture": "#3" },
				"east": { "uv": [ 1, 1.5, 0.5, 1 ], "texture": "#3" }
			}
		},
		{
			"__comment": "Box11",
			"from": [ 6, 11.5, 7 ],
			"to": [ 6.5, 12.5, 7.5 ],
			"rotation": { "origin": [ 6, 11.5, 7.5 ], "axis": "z", "angle": 45 },
			"faces": {
				"up": { "uv": [ 0.5, 0.5, 0, 0 ], "texture": "#3", "rotation": 90 },
				"north": { "uv": [ 0.5, 1.5, 1, 2 ], "texture": "#3", "rotation": 90 },
				"south": { "uv": [ 0.5, 0.5, 1, 1 ], "texture": "#3", "rotation": 270 },
				"west": { "uv": [ 0.5, 1, 1, 1.5 ], "texture": "#3" },
				"east": { "uv": [ 1, 1.5, 0.5, 1 ], "texture": "#3" }
			}
		},
		{
			"__comment": "Box11",
			"from": [ 6, 14.5, 8 ],
			"to": [ 6.5, 15.5, 8.5 ],
			"rotation": { "origin": [ 6, 14.5, 8.5 ], "axis": "z", "angle": 45 },
			"faces": {
				"up": { "uv": [ 0.5, 0.5, 0, 0 ], "texture": "#3", "rotation": 90 },
				"north": { "uv": [ 0.5, 1.5, 1, 2 ], "texture": "#3", "rotation": 90 },
				"south": { "uv": [ 0.5, 0.5, 1, 1 ], "texture": "#3", "rotation": 270 },
				"west": { "uv": [ 0.5, 1, 1, 1.5 ], "texture": "#3" },
				"east": { "uv": [ 1, 1.5, 0.5, 1 ], "texture": "#3" }
			}
		}
	],
	"display": {
		"thirdperson_righthand": {
			"rotation":  [ 0, -90, -50 ],
			"translation":  [ 0, 4.5, 6 ],
			"scale":  [ 0.85, 0.85, 0.85 ]
		},
		"thirdperson_lefthand": {
			"rotation":  [ 0, -90, -50 ],
			"translation":  [ 0, 4.5, 6 ],
			"scale":  [ 0.85, 0.85, 0.85 ]
		},
		"firstperson_righthand": {
			"translation":  [ -2, 3, 2 ],
			"scale":  [ 0.8, 0.8, 0.8 ]
		},
		"firstperson_lefthand": {
			"translation":  [ -2, 3, 2 ],
			"scale":  [ 0.8, 0.8, 0.8 ]
		},
		"gui": {
			"rotation":  [ 30, 225, 0 ],
			"scale":  [ 0.8, 0.8, 0.8 ]
		},
		"head": {
			"rotation":  [ -180, 0, 0 ],
			"translation":  [ 0, 4.3, 0 ]
		},
		"ground": {
			"scale":  [ 0.85, 0.85, 0.85 ]
		}
	}
}