{
	"__comment": "Created by Filal",
	"textures": {
		"particle": "block/flower_pot",
		"0": "block/red_tulip",
		"2": "block/flower_pot",
		"3": "block/dirt"
	},
	"elements": [ 	 
		{
			"__comment": "Element",
			"from": [ 6.3, 4.5, 7 ],
			"to": [ 9.799999, 14, 7.001 ],
			"faces": {
				"north": { "uv": [ 12.5, 0, 16, 10 ], "texture": "#0" },
				"south": { "uv": [ 16, 0, 12.5, 10 ], "texture": "#0" }
			}
		},
		{
			"__comment": "Element",
			"from": [ 6.3, 4.5, 9 ],
			"to": [ 9.799999, 14, 9.001 ],
			"faces": {
				"north": { "uv": [ 16, 0, 12.5, 10 ], "texture": "#0" },
				"south": { "uv": [ 12.5, 0, 16, 10 ], "texture": "#0" }
			}
		},
		{
			"__comment": "Element",
			"from": [ 7, 4.5, 6.3 ],
			"to": [ 7.001, 14, 9.799999 ],
			"faces": {
				"west": { "uv": [ 12.5, 0, 16, 10 ], "texture": "#0" },
				"east": { "uv": [ 16, 0, 12.5, 10 ], "texture": "#0" }
			}
		},
		{
			"__comment": "Element",
			"from": [ 9, 4.5, 6.3 ],
			"to": [ 9.001, 14, 9.799999 ],
			"faces": {
				"west": { "uv": [ 16, 0, 12.54, 10 ], "texture": "#0" },
				"east": { "uv": [ 12.5, 0, 16, 10 ], "texture": "#0" }
			}
		},
		{
			"__comment": "Element",
			"from": [ 7.8, 4.5, 7.8 ],
			"to": [ 8.299999, 11.5, 8.299999 ],
			"faces": {
				"north": { "uv": [ 7.5, 9, 8, 16 ], "texture": "#0" },
				"south": { "uv": [ 7.5, 9, 8, 16 ], "texture": "#0" },
				"west": { "uv": [ 7.5, 9, 8, 16 ], "texture": "#0" },
				"east": { "uv": [ 7.5, 9, 8, 16 ], "texture": "#0" }
			}
		},
		{
			"__comment": "Element",
			"from": [ 1, 7.5, 7 ],
			"to": [ 1.001, 15.8, 9 ],
			"rotation": { "origin": [ 1, 4.5, 11 ], "axis": "z", "angle": -45 },
			"faces": {
				"west": { "uv": [ 13, 1.500001, 15, 9.800001 ], "texture": "#0" },
				"east": { "uv": [ 13, 1.5, 15, 9.8 ], "texture": "#0" }
			}
		},
		{
			"__comment": "Element",
			"from": [ 15, 7.5, 7 ],
			"to": [ 15.001, 15.8, 9 ],
			"rotation": { "origin": [ 15, 4.5, 11 ], "axis": "z", "angle": 45 },
			"faces": {
				"west": { "uv": [ 13, 2, 15, 10 ], "texture": "#0" },
				"east": { "uv": [ 13, 1.5, 15, 9.7 ], "texture": "#0" }
			}
		},
		{
			"__comment": "Element",
			"from": [ 7, 7.5, 15 ],
			"to": [ 9, 15.8, 15.001 ],
			"rotation": { "origin": [ 11, 4.5, 15 ], "axis": "x", "angle": -45 },
			"faces": {
				"north": { "uv": [ 13.5, 1.5, 15.5, 9.8 ], "texture": "#0" },
				"south": { "uv": [ 14.5, 1.499999, 12.5, 9.799999 ], "texture": "#0" }
			}
		},
		{
			"__comment": "Element",
			"from": [ 7, 7.5, 1 ],
			"to": [ 9, 15.8, 1.001 ],
			"rotation": { "origin": [ 10, 4.5, 1 ], "axis": "x", "angle": 45 },
			"faces": {
				"north": { "uv": [ 13.5, 1.500001, 15.5, 9.800001 ], "texture": "#0" },
				"south": { "uv": [ 13, 1.5, 15, 9.8 ], "texture": "#0" }
			}
		},
		{
			"__comment": "Element",
			"from": [ 7.9, 4.5, 5.4 ],
			"to": [ 7.901, 9.5, 7.9 ],
			"rotation": { "origin": [ 7.9, 8, 7.9 ], "axis": "y", "angle": 45 },
			"faces": {
				"west": { "uv": [ 5, 11, 7.5, 16 ], "texture": "#0" },
				"east": { "uv": [ 7.5, 11, 5, 16 ], "texture": "#0" }
			}
		},
		{
			"__comment": "Element",
			"from": [ 8.099999, 4.5, 8.2 ],
			"to": [ 8.101, 9, 9.7 ],
			"faces": {
				"west": { "uv": [ 1.5, 3.5, 3, 8 ], "texture": "#0" },
				"east": { "uv": [ 3, 3.5, 1.5, 8 ], "texture": "#0" }
			}
		},
		{
			"__comment": "Element",
			"from": [ 8.2, 4.5, 8 ],
			"to": [ 11.7, 7, 8.001 ],
			"rotation": { "origin": [ 8.2, 8, 8 ], "axis": "y", "angle": 22.5 },
			"faces": {
				"north": { "uv": [ 3.5, 13.5, 0, 16 ], "texture": "#0" },
				"south": { "uv": [ 0, 13.5, 3.54, 16 ], "texture": "#0" }
			}
		},
		{
			"__comment": "Element",
			"from": [ 5.5, 0, 5.5 ],
			"to": [ 10, 5, 6 ],
			"faces": {
				"down": { "uv": [ 5.5, 10, 10, 10.5 ], "texture": "#2" },
				"north": { "uv": [ 6, 11, 10.5, 16 ], "texture": "#2" },
				"south": { "uv": [ 5.5, 11, 10, 16 ], "texture": "#2" },
				"west": { "uv": [ 5.5, 11, 6, 16 ], "texture": "#2" }
			}
		},
		{
			"__comment": "Element",
			"from": [ 6, 0, 10 ],
			"to": [ 10.5, 5, 10.5 ],
			"faces": {
				"down": { "uv": [ 5.5, 5.5, 10, 6 ], "texture": "#2" },
				"north": { "uv": [ 5.5, 11, 10, 16 ], "texture": "#2" },
				"south": { "uv": [ 6, 11, 10.5, 16 ], "texture": "#2" },
				"east": { "uv": [ 5.5, 11, 6, 16 ], "texture": "#2" }
			}
		},
		{
			"__comment": "Element",
			"from": [ 5.5, 0, 6 ],
			"to": [ 6, 5, 10.5 ],
			"faces": {
				"down": { "uv": [ 5.5, 5.5, 6, 10 ], "texture": "#2" },
				"south": { "uv": [ 5.5, 11, 6, 16 ], "texture": "#2" },
				"west": { "uv": [ 6, 11, 10.5, 16 ], "texture": "#2" },
				"east": { "uv": [ 5.5, 11, 10, 16 ], "texture": "#2" }
			}
		},
		{
			"__comment": "Element",
			"from": [ 10, 0, 5.5 ],
			"to": [ 10.5, 5, 10 ],
			"faces": {
				"down": { "uv": [ 10, 6, 10.5, 10.5 ], "texture": "#2" },
				"north": { "uv": [ 5.5, 11, 6, 16 ], "texture": "#2" },
				"west": { "uv": [ 5.5, 11, 10, 16 ], "texture": "#2" },
				"east": { "uv": [ 6, 11, 10.5, 16 ], "texture": "#2" }
			}
		},
		{
			"__comment": "Element",
			"from": [ 6, 0, 6 ],
			"to": [ 10, 4.5, 10 ],
			"faces": {
				"down": { "uv": [ 6, 6, 10, 10 ], "texture": "#2" },
				"up": { "uv": [ 6, 10, 10, 14 ], "texture": "#3" }
			}
		},
		{
			"__comment": "Element",
			"from": [ 5, 5, 5 ],
			"to": [ 10, 6, 6 ],
			"faces": {
				"down": { "uv": [ 5, 10, 10, 11 ], "texture": "#2" },
				"up": { "uv": [ 5, 5, 10, 6 ], "texture": "#2" },
				"north": { "uv": [ 6, 10, 11, 11 ], "texture": "#2" },
				"south": { "uv": [ 5, 10, 10, 11 ], "texture": "#2" },
				"west": { "uv": [ 10, 10, 11, 11 ], "texture": "#2", "rotation": 90 }
			}
		},
		{
			"__comment": "Element",
			"from": [ 6, 5, 10 ],
			"to": [ 11, 6, 11 ],
			"faces": {
				"down": { "uv": [ 6, 5, 11, 6 ], "texture": "#2" },
				"up": { "uv": [ 6, 10, 11, 11 ], "texture": "#2" },
				"north": { "uv": [ 5, 5, 10, 6 ], "texture": "#2" },
				"south": { "uv": [ 6, 5, 11, 6 ], "texture": "#2" },
				"east": { "uv": [ 5, 5, 6, 6 ], "texture": "#2", "rotation": 270 }
			}
		},
		{
			"__comment": "Element",
			"from": [ 10, 5, 5 ],
			"to": [ 11, 6, 10 ],
			"faces": {
				"down": { "uv": [ 10, 6, 11, 11 ], "texture": "#2" },
				"up": { "uv": [ 10, 5, 11, 10 ], "texture": "#2" },
				"north": { "uv": [ 5, 10, 6, 11 ], "texture": "#2" },
				"west": { "uv": [ 5, 6, 6, 11 ], "texture": "#2", "rotation": 90 },
				"east": { "uv": [ 5, 6, 6, 11 ], "texture": "#2", "rotation": 270 }
			}
		},
		{
			"__comment": "Element",
			"from": [ 5, 5, 6 ],
			"to": [ 6, 6, 11 ],
			"faces": {
				"down": { "uv": [ 5, 5, 6, 10 ], "texture": "#2" },
				"up": { "uv": [ 5, 6, 6, 11 ], "texture": "#2" },
				"south": { "uv": [ 5, 5, 6, 6 ], "texture": "#2" },
				"west": { "uv": [ 5, 6, 6, 11 ], "texture": "#2", "rotation": 90 },
				"east": { "uv": [ 5, 5, 10, 6 ], "texture": "#2" }
			}
		}
	]
}