{
	"__comment": "Created by Filal",
	"textures": {
		"particle": "block/flower_pot",
		"1": "block/flower_pot",
		"2": "block/dirt",
		"3": "block/azure_bluet",
		"4": "block/azure_bluet1",
		"5": "block/azure_bluet2"
	},
	"elements": [ 	 
		{
			"__comment": "Element",
			"from": [ 5.5, 0, 5.5 ],
			"to": [ 10, 5, 6 ],
			"faces": {
				"down": { "uv": [ 5.5, 10, 10, 10.5 ], "texture": "#1" },
				"north": { "uv": [ 6, 11, 10.5, 16 ], "texture": "#1" },
				"south": { "uv": [ 5.5, 11, 10, 16 ], "texture": "#1" },
				"west": { "uv": [ 5.5, 11, 6, 16 ], "texture": "#1" }
			}
		},
		{
			"__comment": "Element",
			"from": [ 6, 0, 10 ],
			"to": [ 10.5, 5, 10.5 ],
			"faces": {
				"down": { "uv": [ 5.5, 5.5, 10, 6 ], "texture": "#1" },
				"north": { "uv": [ 5.5, 11, 10, 16 ], "texture": "#1" },
				"south": { "uv": [ 6, 11, 10.5, 16 ], "texture": "#1" },
				"east": { "uv": [ 5.5, 11, 6, 16 ], "texture": "#1" }
			}
		},
		{
			"__comment": "Element",
			"from": [ 5.5, 0, 6 ],
			"to": [ 6, 5, 10.5 ],
			"faces": {
				"down": { "uv": [ 5.5, 5.5, 6, 10 ], "texture": "#1" },
				"south": { "uv": [ 5.5, 11, 6, 16 ], "texture": "#1" },
				"west": { "uv": [ 6, 11, 10.5, 16 ], "texture": "#1" },
				"east": { "uv": [ 5.5, 11, 10, 16 ], "texture": "#1" }
			}
		},
		{
			"__comment": "Element",
			"from": [ 10, 0, 5.5 ],
			"to": [ 10.5, 5, 10 ],
			"faces": {
				"down": { "uv": [ 10, 6, 10.5, 10.5 ], "texture": "#1" },
				"north": { "uv": [ 5.5, 11, 6, 16 ], "texture": "#1" },
				"west": { "uv": [ 5.5, 11, 10, 16 ], "texture": "#1" },
				"east": { "uv": [ 6, 11, 10.5, 16 ], "texture": "#1" }
			}
		},
		{
			"__comment": "Element",
			"from": [ 6, 0, 6 ],
			"to": [ 10, 4.5, 10 ],
			"faces": {
				"down": { "uv": [ 6, 6, 10, 10 ], "texture": "#1" },
				"up": { "uv": [ 6, 10, 10, 14 ], "texture": "#2" }
			}
		},
		{
			"__comment": "Element",
			"from": [ 5, 5, 5 ],
			"to": [ 10, 6, 6 ],
			"faces": {
				"down": { "uv": [ 5, 10, 10, 11 ], "texture": "#1" },
				"up": { "uv": [ 5, 5, 10, 6 ], "texture": "#1" },
				"north": { "uv": [ 6, 10, 11, 11 ], "texture": "#1" },
				"south": { "uv": [ 5, 10, 10, 11 ], "texture": "#1" },
				"west": { "uv": [ 10, 10, 11, 11 ], "texture": "#1", "rotation": 90 }
			}
		},
		{
			"__comment": "Element",
			"from": [ 6, 5, 10 ],
			"to": [ 11, 6, 11 ],
			"faces": {
				"down": { "uv": [ 6, 5, 11, 6 ], "texture": "#1" },
				"up": { "uv": [ 6, 10, 11, 11 ], "texture": "#1" },
				"north": { "uv": [ 5, 5, 10, 6 ], "texture": "#1" },
				"south": { "uv": [ 6, 5, 11, 6 ], "texture": "#1" },
				"east": { "uv": [ 5, 5, 6, 6 ], "texture": "#1", "rotation": 270 }
			}
		},
		{
			"__comment": "Element",
			"from": [ 10, 5, 5 ],
			"to": [ 11, 6, 10 ],
			"faces": {
				"down": { "uv": [ 10, 6, 11, 11 ], "texture": "#1" },
				"up": { "uv": [ 10, 5, 11, 10 ], "texture": "#1" },
				"north": { "uv": [ 5, 10, 6, 11 ], "texture": "#1" },
				"west": { "uv": [ 5, 6, 6, 11 ], "texture": "#1", "rotation": 90 },
				"east": { "uv": [ 5, 6, 6, 11 ], "texture": "#1", "rotation": 270 }
			}
		},
		{
			"__comment": "Element",
			"from": [ 5, 5, 6 ],
			"to": [ 6, 6, 11 ],
			"faces": {
				"down": { "uv": [ 5, 5, 6, 10 ], "texture": "#1" },
				"up": { "uv": [ 5, 6, 6, 11 ], "texture": "#1" },
				"south": { "uv": [ 5, 5, 6, 6 ], "texture": "#1" },
				"west": { "uv": [ 5, 6, 6, 11 ], "texture": "#1", "rotation": 90 },
				"east": { "uv": [ 5, 5, 10, 6 ], "texture": "#1" }
			}
		},
		{
			"__comment": "PlaneX10",
			"from": [ 9.5, 4.5, 5 ],
			"to": [ 9.501, 7.5, 12 ],
			"rotation": { "origin": [ 9.5, 4.5, 5 ], "axis": "y", "angle": -22.5 },
			"shade": false,
			"faces": {
				"west": { "uv": [ 4.5, 13, 11.5, 16 ], "texture": "#4" },
				"east": { "uv": [ 11.5, 13, 4.5, 16 ], "texture": "#4" }
			}
		},
		{
			"__comment": "PlaneX11",
			"from": [ 6, 4.5, 6 ],
			"to": [ 6.001, 8.5, 12.5 ],
			"rotation": { "origin": [ 6, 4.5, 6 ], "axis": "y", "angle": 45 },
			"shade": false,
			"faces": {
				"west": { "uv": [ 4, 12, 10.5, 16 ], "texture": "#5" },
				"east": { "uv": [ 10.5, 12, 4, 16 ], "texture": "#5" }
			}
		},
		{
			"__comment": "PlaneY12",
			"from": [ 6, 8.5, 6.5 ],
			"to": [ 8.5, 8.501, 9 ],
			"rotation": { "origin": [ 7, 8.5, 6.5 ], "axis": "z", "angle": 22.5 },
			"shade": false,
			"faces": {
				"down": { "uv": [ 1.5, 2.5, 4, 5 ], "texture": "#3" },
				"up": { "uv": [ 1.5, 2.5, 4, 5 ], "texture": "#3" }
			}
		},
		{
			"__comment": "PlaneY13",
			"from": [ 8.5, 8, 8.5 ],
			"to": [ 10, 8.001, 10 ],
			"rotation": { "origin": [ 9, 8, 8.5 ], "axis": "z", "angle": -22.5 },
			"shade": false,
			"faces": {
				"down": { "uv": [ 11.5, 0.5, 13, 2 ], "texture": "#3" },
				"up": { "uv": [ 11.5, 0.5, 13, 2 ], "texture": "#3" }
			}
		},
		{
			"__comment": "PlaneY14",
			"from": [ 7, 7.5, 9.5 ],
			"to": [ 8.5, 7.501, 11 ],
			"rotation": { "origin": [ 7, 7.5, 10 ], "axis": "x", "angle": 22.5 },
			"shade": false,
			"faces": {
				"down": { "uv": [ 0, 2.5, 1.5, 4 ], "texture": "#3" },
				"up": { "uv": [ 0, 2.5, 1.5, 4 ], "texture": "#3" }
			}
		},
		{
			"__comment": "PlaneY15",
			"from": [ 8, 7.5, 4 ],
			"to": [ 10.5, 7.501, 6.5 ],
			"rotation": { "origin": [ 8, 7.5, 5 ], "axis": "x", "angle": -22.5 },
			"shade": false,
			"faces": {
				"down": { "uv": [ 7.5, 0, 10, 2.5 ], "texture": "#3" },
				"up": { "uv": [ 7.5, 0, 10, 2.5 ], "texture": "#3" }
			}
		},
		{
			"__comment": "PlaneY16",
			"from": [ 8, 7, 6 ],
			"to": [ 9.5, 7.001, 7.5 ],
			"shade": false,
			"faces": {
				"down": { "uv": [ 11.5, 0.5, 13, 2 ], "texture": "#3" },
				"up": { "uv": [ 11.5, 0.5, 13, 2 ], "texture": "#3" }
			}
		}
	],
	"display": {
		"thirdperson_righthand": {
			"rotation":  [ 0, -90, -50 ],
			"translation":  [ 0, 4.5, 6 ],
			"scale":  [ 0.85, 0.85, 0.85 ]
		},
		"thirdperson_lefthand": {
			"rotation":  [ 0, -90, -50 ],
			"translation":  [ 0, 4.5, 6 ],
			"scale":  [ 0.85, 0.85, 0.85 ]
		},
		"firstperson_righthand": {
			"translation":  [ -2, 3, 2 ],
			"scale":  [ 0.8, 0.8, 0.8 ]
		},
		"firstperson_lefthand": {
			"translation":  [ -2, 3, 2 ],
			"scale":  [ 0.8, 0.8, 0.8 ]
		},
		"gui": {
			"rotation":  [ 30, 225, 0 ],
			"scale":  [ 0.8, 0.8, 0.8 ]
		},
		"head": {
			"rotation":  [ -180, 0, 0 ],
			"translation":  [ 0, 4.3, 0 ]
		},
		"ground": {
			"scale":  [ 0.85, 0.85, 0.85 ]
		}
	}
}