{
	"__comment": "Created by Filal",
	"textures": {
		"particle": "block/flower_pot",
		"0": "block/white_tulip3",
		"1": "block/flower_pot",
		"2": "block/dirt"
	},
	"elements": [ 	 
		{
			"__comment": "Element",
			"from": [ 6.2, 4.5, 7 ],
			"to": [ 9.7, 14, 7.001 ],
			"shade": false,
			"faces": {
				"north": { "uv": [ 16, 0, 12.5, 10 ], "texture": "#0" },
				"south": { "uv": [ 12.5, 0, 16, 10 ], "texture": "#0" }
			}
		},
		{
			"__comment": "Element",
			"from": [ 6.2, 4.5, 8.5 ],
			"to": [ 9.7, 14, 8.501 ],
			"shade": false,
			"faces": {
				"north": { "uv": [ 12.5, 0, 16, 10 ], "texture": "#0" },
				"south": { "uv": [ 16, 0, 12.5, 10 ], "texture": "#0" }
			}
		},
		{
			"__comment": "Element",
			"from": [ 7.2, 4.5, 6 ],
			"to": [ 7.201, 14, 9.5 ],
			"shade": false,
			"faces": {
				"west": { "uv": [ 12.5, 0, 16, 10 ], "texture": "#0" },
				"east": { "uv": [ 16, 0, 12.5, 10 ], "texture": "#0" }
			}
		},
		{
			"__comment": "Element",
			"from": [ 8.7, 4.5, 6 ],
			"to": [ 8.701, 14, 9.5 ],
			"shade": false,
			"faces": {
				"west": { "uv": [ 16, 0, 12.5, 10 ], "texture": "#0" },
				"east": { "uv": [ 12.5, 0, 16, 10 ], "texture": "#0" }
			}
		},
		{
			"__comment": "Element",
			"from": [ 7.7, 4.5, 7.5 ],
			"to": [ 8.2, 11.5, 8 ],
			"shade": false,
			"faces": {
				"north": { "uv": [ 7.5, 9, 8, 16 ], "texture": "#0" },
				"south": { "uv": [ 7.5, 9, 8, 16 ], "texture": "#0" },
				"west": { "uv": [ 7.5, 9, 8, 16 ], "texture": "#0" },
				"east": { "uv": [ 7.5, 9, 8, 16 ], "texture": "#0" }
			}
		},
		{
			"__comment": "Element",
			"from": [ 7.8, 4.5, 5.1 ],
			"to": [ 7.801, 9.5, 7.6 ],
			"rotation": { "origin": [ 7.799999, 4.5, 7.6 ], "axis": "y", "angle": 45 },
			"shade": false,
			"faces": {
				"west": { "uv": [ 5, 11, 7.5, 16 ], "texture": "#0" },
				"east": { "uv": [ 7.5, 11, 5, 16 ], "texture": "#0" }
			}
		},
		{
			"__comment": "Element",
			"from": [ 8, 4.5, 7.9 ],
			"to": [ 8.001, 9, 9.4 ],
			"shade": false,
			"faces": {
				"west": { "uv": [ 1.5, 3.5, 3, 8 ], "texture": "#0" },
				"east": { "uv": [ 3, 3.5, 1.5, 8 ], "texture": "#0" }
			}
		},
		{
			"__comment": "Element",
			"from": [ 8.099999, 4.5, 7.7 ],
			"to": [ 11.6, 7, 7.701 ],
			"rotation": { "origin": [ 8.099999, 4.5, 7.7 ], "axis": "y", "angle": 22.5 },
			"shade": false,
			"faces": {
				"north": { "uv": [ 3.5, 13.5, 0, 16 ], "texture": "#0" },
				"south": { "uv": [ 0, 13.5, 3.5, 16 ], "texture": "#0" }
			}
		},
		{
			"__comment": "PlaneY13",
			"from": [ 7.2, 11.5, 7 ],
			"to": [ 8.7, 11.501, 8.5 ],
			"faces": {
				"down": { "uv": [ 13.5, 1, 15, 2.5 ], "texture": "#0" },
				"up": { "uv": [ 13.5, 1, 15, 2.5 ], "texture": "#0" }
			}
		},
		{
			"__comment": "Element",
			"from": [ 5.5, 0, 5.5 ],
			"to": [ 10, 5, 6 ],
			"faces": {
				"down": { "uv": [ 5.5, 10, 10, 10.5 ], "texture": "#1" },
				"north": { "uv": [ 6, 11, 10.5, 16 ], "texture": "#1" },
				"south": { "uv": [ 5.5, 11, 10, 16 ], "texture": "#1" },
				"west": { "uv": [ 5.5, 11, 6, 16 ], "texture": "#1" }
			}
		},
		{
			"__comment": "Element",
			"from": [ 6, 0, 10 ],
			"to": [ 10.5, 5, 10.5 ],
			"faces": {
				"down": { "uv": [ 5.5, 5.5, 10, 6 ], "texture": "#1" },
				"north": { "uv": [ 5.5, 11, 10, 16 ], "texture": "#1" },
				"south": { "uv": [ 6, 11, 10.5, 16 ], "texture": "#1" },
				"east": { "uv": [ 5.5, 11, 6, 16 ], "texture": "#1" }
			}
		},
		{
			"__comment": "Element",
			"from": [ 5.5, 0, 6 ],
			"to": [ 6, 5, 10.5 ],
			"faces": {
				"down": { "uv": [ 5.5, 5.5, 6, 10 ], "texture": "#1" },
				"south": { "uv": [ 5.5, 11, 6, 16 ], "texture": "#1" },
				"west": { "uv": [ 6, 11, 10.5, 16 ], "texture": "#1" },
				"east": { "uv": [ 5.5, 11, 10, 16 ], "texture": "#1" }
			}
		},
		{
			"__comment": "Element",
			"from": [ 10, 0, 5.5 ],
			"to": [ 10.5, 5, 10 ],
			"faces": {
				"down": { "uv": [ 10, 6, 10.5, 10.5 ], "texture": "#1" },
				"north": { "uv": [ 5.5, 11, 6, 16 ], "texture": "#1" },
				"west": { "uv": [ 5.5, 11, 10, 16 ], "texture": "#1" },
				"east": { "uv": [ 6, 11, 10.5, 16 ], "texture": "#1" }
			}
		},
		{
			"__comment": "Element",
			"from": [ 6, 0, 6 ],
			"to": [ 10, 4.5, 10 ],
			"faces": {
				"down": { "uv": [ 6, 6, 10, 10 ], "texture": "#1" },
				"up": { "uv": [ 6, 10, 10, 14 ], "texture": "#2" }
			}
		},
		{
			"__comment": "Element",
			"from": [ 5, 5, 5 ],
			"to": [ 10, 6, 6 ],
			"faces": {
				"down": { "uv": [ 5, 10, 10, 11 ], "texture": "#1" },
				"up": { "uv": [ 5, 5, 10, 6 ], "texture": "#1" },
				"north": { "uv": [ 6, 10, 11, 11 ], "texture": "#1" },
				"south": { "uv": [ 5, 10, 10, 11 ], "texture": "#1" },
				"west": { "uv": [ 10, 10, 11, 11 ], "texture": "#1", "rotation": 90 }
			}
		},
		{
			"__comment": "Element",
			"from": [ 6, 5, 10 ],
			"to": [ 11, 6, 11 ],
			"faces": {
				"down": { "uv": [ 6, 5, 11, 6 ], "texture": "#1" },
				"up": { "uv": [ 6, 10, 11, 11 ], "texture": "#1" },
				"north": { "uv": [ 5, 5, 10, 6 ], "texture": "#1" },
				"south": { "uv": [ 6, 5, 11, 6 ], "texture": "#1" },
				"east": { "uv": [ 5, 5, 6, 6 ], "texture": "#1", "rotation": 270 }
			}
		},
		{
			"__comment": "Element",
			"from": [ 10, 5, 5 ],
			"to": [ 11, 6, 10 ],
			"faces": {
				"down": { "uv": [ 10, 6, 11, 11 ], "texture": "#1" },
				"up": { "uv": [ 10, 5, 11, 10 ], "texture": "#1" },
				"north": { "uv": [ 5, 10, 6, 11 ], "texture": "#1" },
				"west": { "uv": [ 5, 6, 6, 11 ], "texture": "#1", "rotation": 90 },
				"east": { "uv": [ 5, 6, 6, 11 ], "texture": "#1", "rotation": 270 }
			}
		},
		{
			"__comment": "Element",
			"from": [ 5, 5, 6 ],
			"to": [ 6, 6, 11 ],
			"faces": {
				"down": { "uv": [ 5, 5, 6, 10 ], "texture": "#1" },
				"up": { "uv": [ 5, 6, 6, 11 ], "texture": "#1" },
				"south": { "uv": [ 5, 5, 6, 6 ], "texture": "#1" },
				"west": { "uv": [ 5, 6, 6, 11 ], "texture": "#1", "rotation": 90 },
				"east": { "uv": [ 5, 5, 10, 6 ], "texture": "#1" }
			}
		}
	],
	"display": {
		"thirdperson_righthand": {
			"rotation":  [ 0, -90, -50 ],
			"translation":  [ 0, 4.5, 6 ],
			"scale":  [ 0.85, 0.85, 0.85 ]
		},
		"thirdperson_lefthand": {
			"rotation":  [ 0, -90, -50 ],
			"translation":  [ 0, 4.5, 6 ],
			"scale":  [ 0.85, 0.85, 0.85 ]
		},
		"firstperson_righthand": {
			"translation":  [ -2, 3, 2 ],
			"scale":  [ 0.8, 0.8, 0.8 ]
		},
		"firstperson_lefthand": {
			"translation":  [ -2, 3, 2 ],
			"scale":  [ 0.8, 0.8, 0.8 ]
		},
		"gui": {
			"rotation":  [ 30, 225, 0 ],
			"scale":  [ 0.8, 0.8, 0.8 ]
		},
		"head": {
			"rotation":  [ -180, 0, 0 ],
			"translation":  [ 0, 4.3, 0 ]
		},
		"ground": {
			"scale":  [ 0.85, 0.85, 0.85 ]
		}
	}
}