{
    "__comment": "Created by Filal",
    "ambientocclusion": false,
    "textures": {
        "particle": "block/powered_rail_particle",
        "powered_rail": "block/powered_rail_on",
        "rail": "block/rail_rails",
        "plank": "block/rail_planks",
        "sleeper": "block/rail_sleeper"
    },
    "elements": [     
        {
            "__comment": "plank_1_thin",
            "from": [ 0.5, -0.1979, 1.5 ],
            "to": [ 15.5, 0.8001, 3 ],
            "rotation": { "origin": [ 0, -0.2, 0 ], "axis": "x", "angle": -45 },
            "faces": {
                "down": { "uv": [ 0.5, 6.5, 15.5, 8 ], "texture": "#sleeper", "rotation": 180 },
                "up": { "uv": [ 0.5, 6.5, 15.5, 8 ], "texture": "#sleeper", "rotation": 180 },
                "north": { "uv": [ 0.5, 5, 15.5, 6 ], "texture": "#sleeper", "rotation": 180 },
                "south": { "uv": [ 0.5, 3, 15.5, 4 ], "texture": "#sleeper", "rotation": 180 },
                "west": { "uv": [ 14.5, 9, 15.5, 10.5 ], "texture": "#sleeper", "rotation": 270 },
                "east": { "uv": [ 0.5, 9, 1.5, 10.5 ], "texture": "#sleeper", "rotation": 90 }
            }
        },
        {
            "__comment": "plank_1_wide",
            "from": [ 1, -0.1464, 0.8534999 ],
            "to": [ 15, 0.8556, 3.3535 ],
            "rotation": { "origin": [ 0, 0, 0 ], "axis": "x", "angle": -45 },
            "faces": {
                "down": { "uv": [ 1, 12.5, 15, 15 ], "texture": "#sleeper", "rotation": 180 },
                "up": { "uv": [ 1, 6, 15, 8.5 ], "texture": "#sleeper", "rotation": 180 },
                "north": { "uv": [ 15, 8, 1, 9 ], "texture": "#sleeper" },
                "south": { "uv": [ 1, 8, 15, 9 ], "texture": "#sleeper", "rotation": 180 },
                "west": { "uv": [ 4.5, 6, 5.5, 8.5 ], "texture": "#sleeper", "rotation": 90 },
                "east": { "uv": [ 2, 8.5, 3, 6 ], "texture": "#sleeper", "rotation": 90 }
            }
        },
        {
            "__comment": "rail_east_up_1",
            "from": [ 12.505, 1.8516, 0.3536 ],
            "to": [ 13.495, 2.3516, 16.3536 ],
            "rotation": { "origin": [ 0, 0.5, 0 ], "axis": "x", "angle": -45 },
            "faces": {
                "down": { "uv": [ 2.5, 0, 3.5, 16 ], "texture": "#rail", "rotation": 180 },
                "up": { "uv": [ 2.5, 0, 3.5, 16 ], "texture": "#rail", "rotation": 180 },
                "north": { "uv": [ 2.5, 13, 3.5, 13.5 ], "texture": "#rail" },
                "south": { "uv": [ 12.5, 10, 13.5, 10.5 ], "texture": "#rail" },
                "west": { "uv": [ 13, 0, 12.5, 16 ], "texture": "#rail", "rotation": 90 },
                "east": { "uv": [ 12, 0, 12.5, 16 ], "texture": "#rail", "rotation": 90 }
            }
        },
        {
            "__comment": "rail_west_down_1",
            "from": [ 1.98, 0.8536, 0.3536 ],
            "to": [ 4.51, 1.8516, 16.3536 ],
            "rotation": { "origin": [ 0, 0.5, 0 ], "axis": "x", "angle": -45 },
            "faces": {
                "down": { "uv": [ 2, 0, 4.5, 16 ], "texture": "#rail", "rotation": 180 },
                "up": { "uv": [ 2, 0, 4.5, 16 ], "texture": "#rail", "rotation": 180 },
                "north": { "uv": [ 2, 13, 4.5, 14 ], "texture": "#rail", "rotation": 180 },
                "south": { "uv": [ 2, 13, 4.5, 14 ], "texture": "#rail" },
                "west": { "uv": [ 2, 0, 3, 16 ], "texture": "#rail", "rotation": 90 },
                "east": { "uv": [ 3.5, 0, 4.5, 16 ], "texture": "#rail", "rotation": 270 }
            }
        },
        {
            "__comment": "rail_west_down_2",
            "from": [ 2.001, 0.8536, 16.3535 ],
            "to": [ 4.499, 1.8536, 23.4035 ],
            "rotation": { "origin": [ 0, 0.5, 0 ], "axis": "x", "angle": -45 },
            "faces": {
                "down": { "uv": [ 2, 9, 4.5, 16 ], "texture": "#rail", "rotation": 180 },
                "up": { "uv": [ 2, 9, 4.5, 16 ], "texture": "#rail", "rotation": 180 },
                "north": { "uv": [ 2, 13, 4.5, 14 ], "texture": "#rail", "rotation": 180 },
                "south": { "uv": [ 2, 13, 4.5, 14 ], "texture": "#rail" },
                "west": { "uv": [ 2, 9, 3, 16 ], "texture": "#rail", "rotation": 90 },
                "east": { "uv": [ 3.5, 9, 4.5, 16 ], "texture": "#rail", "rotation": 270 }
            }
        },
        {
            "__comment": "rail_east_down_1",
            "from": [ 11.48, 0.8536, 0.3536 ],
            "to": [ 14.02, 1.8516, 16.3536 ],
            "rotation": { "origin": [ 0, 0.5, 0 ], "axis": "x", "angle": -45 },
            "faces": {
                "down": { "uv": [ 2, 0, 4.5, 16 ], "texture": "#rail", "rotation": 180 },
                "up": { "uv": [ 2, 0, 4.5, 16 ], "texture": "#rail", "rotation": 180 },
                "north": { "uv": [ 2, 13, 4.5, 14 ], "texture": "#rail" },
                "south": { "uv": [ 2, 13, 4.5, 14 ], "texture": "#rail" },
                "west": { "uv": [ 2, 0, 3, 16 ], "texture": "#rail", "rotation": 90 },
                "east": { "uv": [ 3.5, 0, 4.5, 16 ], "texture": "#rail", "rotation": 270 }
            }
        },
        {
            "__comment": "rail_east_down_2",
            "from": [ 11.501, 1, 16 ],
            "to": [ 13.999, 2, 23.05 ],
            "rotation": { "origin": [ 0, 1, 0 ], "axis": "x", "angle": -45 },
            "faces": {
                "down": { "uv": [ 2, 9, 4.5, 16 ], "texture": "#rail", "rotation": 180 },
                "up": { "uv": [ 2, 9, 4.5, 16 ], "texture": "#rail", "rotation": 180 },
                "north": { "uv": [ 2, 13, 4.5, 14 ], "texture": "#rail" },
                "south": { "uv": [ 2, 13, 4.5, 14 ], "texture": "#rail" },
                "west": { "uv": [ 2, 9, 3, 16 ], "texture": "#rail", "rotation": 90 },
                "east": { "uv": [ 3.5, 9, 4.5, 16 ], "texture": "#rail", "rotation": 270 }
            }
        },
        {
            "__comment": "rail_west_up_1",
            "from": [ 2.505, 1.8516, 0.3536 ],
            "to": [ 3.495, 2.3516, 16.3536 ],
            "rotation": { "origin": [ 0, 0.5, 0 ], "axis": "x", "angle": -45 },
            "faces": {
                "down": { "uv": [ 2.5, 0, 3.5, 16 ], "texture": "#rail" },
                "up": { "uv": [ 2.5, 0, 3.5, 16 ], "texture": "#rail" },
                "north": { "uv": [ 2.5, 13, 3.5, 13.5 ], "texture": "#rail", "rotation": 180 },
                "south": { "uv": [ 12, 8.5, 13, 9 ], "texture": "#rail" },
                "west": { "uv": [ 13.5, 0, 13, 16 ], "texture": "#rail", "rotation": 90 },
                "east": { "uv": [ 12.5, 0, 13, 16 ], "texture": "#rail", "rotation": 90 }
            }
        },
        {
            "__comment": "rail_west_up_2",
            "from": [ 2.5, 1.8535, 16.3535 ],
            "to": [ 3.5, 2.3535, 23.3535 ],
            "rotation": { "origin": [ 0, 0.5, 0 ], "axis": "x", "angle": -45 },
            "faces": {
                "down": { "uv": [ 2.5, 9, 3.5, 16 ], "texture": "#rail" },
                "up": { "uv": [ 2.5, 9, 3.5, 16 ], "texture": "#rail" },
                "north": { "uv": [ 2.5, 13, 3.5, 13.5 ], "texture": "#rail", "rotation": 180 },
                "south": { "uv": [ 12, 8.5, 13, 9 ], "texture": "#rail" },
                "west": { "uv": [ 13.5, 9, 13, 16 ], "texture": "#rail", "rotation": 90 },
                "east": { "uv": [ 12.5, 9, 13, 16 ], "texture": "#rail", "rotation": 90 }
            }
        },
        {
            "__comment": "plank_2_wide",
            "from": [ 1, -0.1994, 5.5996 ],
            "to": [ 15, 0.8006, 8.0996 ],
            "rotation": { "origin": [ 0, -0.2, 0 ], "axis": "x", "angle": -45 },
            "faces": {
                "down": { "uv": [ 1, 8.5, 15, 11 ], "texture": "#sleeper", "rotation": 180 },
                "up": { "uv": [ 1, 8.5, 15, 11 ], "texture": "#sleeper", "rotation": 180 },
                "north": { "uv": [ 15, 13, 1, 14 ], "texture": "#sleeper" },
                "south": { "uv": [ 1, 5.5, 15, 6.5 ], "texture": "#sleeper", "rotation": 180 },
                "west": { "uv": [ 14, 6, 15, 8.5 ], "texture": "#sleeper", "rotation": 90 },
                "east": { "uv": [ 1, 8.5, 2, 6 ], "texture": "#sleeper", "rotation": 90 }
            }
        },
        {
            "__comment": "plank_3_wide",
            "from": [ 1, -0.2083, 10.1907 ],
            "to": [ 15, 0.7917, 12.6907 ],
            "rotation": { "origin": [ 0, -0.2, 0 ], "axis": "x", "angle": -45 },
            "faces": {
                "down": { "uv": [ 1, 11, 15, 13.5 ], "texture": "#sleeper", "rotation": 180 },
                "up": { "uv": [ 1, 11, 15, 13.5 ], "texture": "#sleeper", "rotation": 180 },
                "north": { "uv": [ 15, 13, 1, 14 ], "texture": "#sleeper" },
                "south": { "uv": [ 1, 5.5, 15, 6.5 ], "texture": "#sleeper", "rotation": 180 },
                "west": { "uv": [ 14, 8.5, 15, 11 ], "texture": "#sleeper", "rotation": 90 },
                "east": { "uv": [ 1, 8.5, 2, 6 ], "texture": "#sleeper", "rotation": 90 }
            }
        },
        {
            "__comment": "plank_4_wide",
            "from": [ 1, -0.1989, 14.8001 ],
            "to": [ 15, 0.8011, 17.3001 ],
            "rotation": { "origin": [ 0, -0.2, 0 ], "axis": "x", "angle": -45 },
            "faces": {
                "down": { "uv": [ 1, 13.5, 15, 16 ], "texture": "#sleeper", "rotation": 180 },
                "up": { "uv": [ 1, 13.5, 15, 16 ], "texture": "#sleeper", "rotation": 180 },
                "north": { "uv": [ 15, 8, 1, 9 ], "texture": "#sleeper" },
                "south": { "uv": [ 1, 10, 15, 11 ], "texture": "#sleeper", "rotation": 180 },
                "west": { "uv": [ 14, 6, 15, 8.5 ], "texture": "#sleeper", "rotation": 90 },
                "east": { "uv": [ 1, 8.5, 2, 6 ], "texture": "#sleeper", "rotation": 90 }
            }
        },
        {
            "__comment": "plank_2_thin",
            "from": [ 0.5, -0.1978, 6.1001 ],
            "to": [ 15.5, 0.8002, 7.6001 ],
            "rotation": { "origin": [ 0, -0.2, 0 ], "axis": "x", "angle": -45 },
            "faces": {
                "down": { "uv": [ 0.5, 9, 15.5, 10.5 ], "texture": "#sleeper", "rotation": 180 },
                "up": { "uv": [ 0.5, 9, 15.5, 10.5 ], "texture": "#sleeper", "rotation": 180 },
                "north": { "uv": [ 0.5, 3, 15.5, 4 ], "texture": "#sleeper", "rotation": 180 },
                "south": { "uv": [ 0.5, 3, 15.5, 4 ], "texture": "#sleeper", "rotation": 180 },
                "west": { "uv": [ 14.5, 9, 15.5, 10.5 ], "texture": "#sleeper", "rotation": 270 },
                "east": { "uv": [ 0.5, 9, 1.5, 10.5 ], "texture": "#sleeper", "rotation": 90 }
            }
        },
        {
            "__comment": "plank_3_thin",
            "from": [ 0.5, -0.1984, 10.6995 ],
            "to": [ 15.5, 0.7996, 12.1995 ],
            "rotation": { "origin": [ 0, -0.2, 0 ], "axis": "x", "angle": -45 },
            "faces": {
                "down": { "uv": [ 0.5, 11.5, 15.5, 13 ], "texture": "#sleeper", "rotation": 180 },
                "up": { "uv": [ 0.5, 11.5, 15.5, 13 ], "texture": "#sleeper", "rotation": 180 },
                "north": { "uv": [ 0.5, 4, 15.5, 3 ], "texture": "#sleeper", "rotation": 180 },
                "south": { "uv": [ 0.5, 4, 15.5, 3 ], "texture": "#sleeper", "rotation": 180 },
                "west": { "uv": [ 14.5, 9, 15.5, 10.5 ], "texture": "#sleeper", "rotation": 270 },
                "east": { "uv": [ 0.5, 9, 1.5, 10.5 ], "texture": "#sleeper", "rotation": 90 }
            }
        },
        {
            "__comment": "plank_4_thin",
            "from": [ 0.5, -0.1981, 15.2999 ],
            "to": [ 15.5, 0.7898999, 16.7999 ],
            "rotation": { "origin": [ 0, -0.2, 0 ], "axis": "x", "angle": -45 },
            "faces": {
                "down": { "uv": [ 0.5, 14, 15.5, 15.5 ], "texture": "#sleeper", "rotation": 180 },
                "up": { "uv": [ 0.5, 14, 15.5, 15.5 ], "texture": "#sleeper", "rotation": 180 },
                "north": { "uv": [ 0.5, 4, 15.5, 3 ], "texture": "#sleeper", "rotation": 180 },
                "south": { "uv": [ 0.5, 3, 15.5, 4 ], "texture": "#sleeper", "rotation": 180 },
                "west": { "uv": [ 14.5, 9, 15.5, 10.5 ], "texture": "#sleeper", "rotation": 270 },
                "east": { "uv": [ 0.5, 9, 1.5, 10.5 ], "texture": "#sleeper", "rotation": 90 }
            }
        },
        {
            "__comment": "rail_east_up_2",
            "from": [ 12.5, 2, 16 ],
            "to": [ 13.5, 2.5, 23 ],
            "rotation": { "origin": [ 0, 1, 0 ], "axis": "x", "angle": -45 },
            "faces": {
                "down": { "uv": [ 2.5, 9, 3.5, 16 ], "texture": "#rail", "rotation": 180 },
                "up": { "uv": [ 2.5, 9, 3.5, 16 ], "texture": "#rail", "rotation": 180 },
                "north": { "uv": [ 2.5, 13, 3.5, 13.5 ], "texture": "#rail" },
                "south": { "uv": [ 12.5, 10, 13.5, 10.5 ], "texture": "#rail" },
                "west": { "uv": [ 13, 9, 12.5, 16 ], "texture": "#rail", "rotation": 90 },
                "east": { "uv": [ 12, 9, 12.5, 16 ], "texture": "#rail", "rotation": 90 }
            }
        },
        {
            "__comment": "rail_west_up_3",
            "from": [ 2.507, 2.0001, 23 ],
            "to": [ 3.493, 2.5021, 23.24 ],
            "rotation": { "origin": [ 0, 1, 0 ], "axis": "x", "angle": -45 },
            "faces": {
                "up": { "uv": [ 2.5, 9, 3.5, 9.2 ], "texture": "#rail" },
                "south": { "uv": [ 12, 8.5, 13, 9 ], "texture": "#rail" },
                "west": { "uv": [ 13.5, 9, 13, 9.2 ], "texture": "#rail", "rotation": 90 },
                "east": { "uv": [ 12.5, 9, 13, 9.2 ], "texture": "#rail", "rotation": 90 }
            }
        },
        {
            "__comment": "rail_east_up_3",
            "from": [ 12.507, 2.0001, 23 ],
            "to": [ 13.493, 2.5021, 23.24 ],
            "rotation": { "origin": [ 0, 1, 0 ], "axis": "x", "angle": -45 },
            "faces": {
                "up": { "uv": [ 2.5, 9, 3.5, 9.2 ], "texture": "#rail", "rotation": 180 },
                "south": { "uv": [ 12, 8.5, 13, 9 ], "texture": "#rail", "rotation": 180 },
                "west": { "uv": [ 12.5, 9, 13, 9.2 ], "texture": "#rail", "rotation": 270 },
                "east": { "uv": [ 13.5, 9, 13, 9.2 ], "texture": "#rail", "rotation": 90 }
            }
        },
        {
            "__comment": "rail_east_up_extend",
            "from": [ 12.507, 17.97, 15.36 ],
            "to": [ 13.493, 18.5, 16.1 ],
            "faces": {
                "up": { "uv": [ 2.5, 9.2, 3.5, 9.95 ], "texture": "#rail", "rotation": 180 },
                "south": { "uv": [ 2.5, 9.2, 3.5, 9.95 ], "texture": "#rail", "rotation": 180 },
                "west": { "uv": [ 12.5, 9, 13, 9.2 ], "texture": "#rail", "rotation": 270 },
                "east": { "uv": [ 13.5, 9, 13, 9.2 ], "texture": "#rail", "rotation": 90 }
            }
        },
        {
            "__comment": "rail_west_down_extend",
            "from": [ 2.007, 17.002, 15.585 ],
            "to": [ 4.493, 18.001, 16.1 ],
            "faces": {
                "up": { "uv": [ 11.5, 0, 14, 0.5 ], "texture": "#rail" },
                "south": { "uv": [ 11.5, 0, 14, 1 ], "texture": "#rail" },
                "west": { "uv": [ 13, 0, 14, 0.5 ], "texture": "#rail", "rotation": 270 },
                "east": { "uv": [ 13, 0, 14, 0.5 ], "texture": "#rail", "rotation": 270 }
            }
        },
        {
            "__comment": "rail_west_up_extend",
            "from": [ 2.505, 17.97, 15.36 ],
            "to": [ 3.495, 18.501, 16.1 ],
            "faces": {
                "up": { "uv": [ 2.5, 9.2, 3.5, 9.95 ], "texture": "#rail" },
                "south": { "uv": [ 2.5, 9.2, 3.5, 9.95 ], "texture": "#rail" },
                "west": { "uv": [ 13.5, 9, 13, 9.2 ], "texture": "#rail", "rotation": 90 },
                "east": { "uv": [ 12.5, 9, 13, 9.2 ], "texture": "#rail", "rotation": 90 }
            }
        },
        {
            "__comment": "rail_east_down_extend",
            "from": [ 11.507, 17.002, 15.585 ],
            "to": [ 13.993, 18, 16.1 ],
            "faces": {
                "up": { "uv": [ 11.5, 0, 14, 0.5 ], "texture": "#rail" },
                "south": { "uv": [ 11.5, 0, 14, 1 ], "texture": "#rail" },
                "west": { "uv": [ 13, 0, 14, 0.5 ], "texture": "#rail", "rotation": 270 },
                "east": { "uv": [ 13, 0, 14, 0.5 ], "texture": "#rail", "rotation": 270 }
            }
        },
        {
            "__comment": "rail_east_down_texturefix",
            "from": [ 11.498, 17.002, 15.8 ],
            "to": [ 14.002, 18, 16.1 ],
            "faces": {
                "up": { "uv": [ 11.5, 0, 14, 0.5 ], "texture": "#rail" },
                "west": { "uv": [ 13, 0, 14, 0.5 ], "texture": "#rail", "rotation": 270 },
                "east": { "uv": [ 13, 0, 14, 0.5 ], "texture": "#rail", "rotation": 270 }
            }
        },
        {
            "__comment": "rail_west_down_texturefix",
            "from": [ 1.998, 17.002, 15.8 ],
            "to": [ 4.502, 18, 16.1 ],
            "faces": {
                "up": { "uv": [ 11.5, 0, 14, 0.5 ], "texture": "#rail" },
                "west": { "uv": [ 13, 0, 14, 0.5 ], "texture": "#rail", "rotation": 270 },
                "east": { "uv": [ 13, 0, 14, 0.5 ], "texture": "#rail", "rotation": 270 }
            }
        },
        {
            "__comment": "plank_5_thin",
            "from": [ 0.5, -0.0025, 19.3956 ],
            "to": [ 15.5, 0.9955, 20.8956 ],
            "rotation": { "origin": [ 0, 0, 0 ], "axis": "x", "angle": -45 },
            "faces": {
                "down": { "uv": [ 0.5, 6.5, 15.5, 8 ], "texture": "#sleeper", "rotation": 180 },
                "up": { "uv": [ 0.5, 6.5, 15.5, 8 ], "texture": "#sleeper", "rotation": 180 },
                "north": { "uv": [ 0.5, 4, 15.5, 3 ], "texture": "#sleeper", "rotation": 180 },
                "south": { "uv": [ 0.5, 4, 15.5, 3 ], "texture": "#sleeper", "rotation": 180 },
                "west": { "uv": [ 14.5, 11.5, 15.5, 13 ], "texture": "#sleeper", "rotation": 270 },
                "east": { "uv": [ 0.5, 9, 1.5, 10.5 ], "texture": "#sleeper", "rotation": 90 }
            }
        },
        {
            "__comment": "plank_5_thick",
            "from": [ 1, 0.0009999999, 18.9 ],
            "to": [ 15, 1.001, 21.4 ],
            "rotation": { "origin": [ 0, 0, 0 ], "axis": "x", "angle": -45 },
            "faces": {
                "down": { "uv": [ 1, 12.5, 15, 15 ], "texture": "#sleeper", "rotation": 180 },
                "up": { "uv": [ 1, 6, 15, 8.5 ], "texture": "#sleeper", "rotation": 180 },
                "north": { "uv": [ 15, 8, 1, 9 ], "texture": "#sleeper" },
                "south": { "uv": [ 1, 5.5, 15, 6.5 ], "texture": "#sleeper", "rotation": 180 },
                "west": { "uv": [ 14, 8.5, 15, 11 ], "texture": "#sleeper", "rotation": 90 },
                "east": { "uv": [ 1, 6, 2, 8.5 ], "texture": "#sleeper", "rotation": 90 }
            }
        },
        {
            "__comment": "plank_rail_west",
            "from": [ 2.005, -0.6, 0 ],
            "to": [ 4.495, -0.0999999, 22.6 ],
            "rotation": { "origin": [ 0, -0.1, 0 ], "axis": "x", "angle": -45 },
            "faces": {
                "down": { "uv": [ 0, 0, 1.25, 11.3 ], "texture": "#plank" },
                "up": { "uv": [ 0, 0, 1.25, 11.3 ], "texture": "#plank" },
                "north": { "uv": [ 0, 5, 1.25, 5.25 ], "texture": "#plank", "rotation": 180 },
                "south": { "uv": [ 0, 0, 1.25, 0.25 ], "texture": "#plank" },
                "west": { "uv": [ 1.5, 0, 1.75, 11.3 ], "texture": "#plank", "rotation": 90 },
                "east": { "uv": [ 1.75, 0, 2, 11.3 ], "texture": "#plank", "rotation": 90 }
            }
        },
        {
            "__comment": "plank_west_horizontal",
            "from": [ 2.008, 0, 0 ],
            "to": [ 4.492, 0.502, 16 ],
            "faces": {
                "down": { "uv": [ 0, 0, 1.25, 8 ], "texture": "#plank" },
                "up": { "uv": [ 0, 0, 1.25, 8 ], "texture": "#plank" },
                "north": { "uv": [ 0, 5, 1.25, 5.25 ], "texture": "#plank", "rotation": 180 },
                "south": { "uv": [ 0, 0, 1.25, 0.25 ], "texture": "#plank" },
                "west": { "uv": [ 1.5, 0, 1.75, 8 ], "texture": "#plank", "rotation": 90 },
                "east": { "uv": [ 1.75, 0, 2, 8 ], "texture": "#plank", "rotation": 90 }
            }
        },
        {
            "__comment": "plank_west_vertical",
            "from": [ 2.008, 0.5, 15.498 ],
            "to": [ 4.492, 16, 16 ],
            "faces": {
                "down": { "uv": [ 0, 5, 1.25, 5.25 ], "texture": "#plank", "rotation": 180 },
                "up": { "uv": [ 0, 0, 1.25, 0.25 ], "texture": "#plank" },
                "north": { "uv": [ 0, 0, 1.25, 7.75 ], "texture": "#plank", "rotation": 180 },
                "south": { "uv": [ 0, 0, 1.25, 7.75 ], "texture": "#plank", "rotation": 180 },
                "west": { "uv": [ 1.5, 0, 1.75, 7.75 ], "texture": "#plank" },
                "east": { "uv": [ 1.75, 0, 2, 7.75 ], "texture": "#plank", "rotation": 90 }
            }
        },
        {
            "__comment": "plank_rail_east",
            "from": [ 11.505, -0.6, 0 ],
            "to": [ 13.995, -0.0999999, 22.6 ],
            "rotation": { "origin": [ 0, -0.1, 0 ], "axis": "x", "angle": -45 },
            "faces": {
                "down": { "uv": [ 0, 0, 1.25, 11.3 ], "texture": "#plank" },
                "up": { "uv": [ 0, 0, 1.25, 11.3 ], "texture": "#plank" },
                "north": { "uv": [ 0, 5, 1.25, 5.25 ], "texture": "#plank", "rotation": 180 },
                "south": { "uv": [ 0, 0, 1.25, 0.25 ], "texture": "#plank" },
                "west": { "uv": [ 1.5, 0, 1.75, 11.3 ], "texture": "#plank", "rotation": 90 },
                "east": { "uv": [ 1.75, 0, 2, 11.3 ], "texture": "#plank", "rotation": 90 }
            }
        },
        {
            "__comment": "plank_east_horizontal",
            "from": [ 11.508, 0, 0 ],
            "to": [ 13.992, 0.502, 16 ],
            "faces": {
                "down": { "uv": [ 0, 0, 1.25, 8 ], "texture": "#plank" },
                "up": { "uv": [ 0, 0, 1.25, 8 ], "texture": "#plank" },
                "north": { "uv": [ 0, 5, 1.25, 5.25 ], "texture": "#plank", "rotation": 180 },
                "south": { "uv": [ 0, 0, 1.25, 0.25 ], "texture": "#plank" },
                "west": { "uv": [ 1.5, 0, 1.75, 8 ], "texture": "#plank", "rotation": 90 },
                "east": { "uv": [ 1.75, 0, 2, 8 ], "texture": "#plank" }
            }
        },
        {
            "__comment": "plank_east_vertical",
            "from": [ 11.508, 0.5, 15.498 ],
            "to": [ 13.992, 16, 16 ],
            "faces": {
                "down": { "uv": [ 0, 5, 1.25, 5.25 ], "texture": "#plank", "rotation": 180 },
                "up": { "uv": [ 0, 0, 1.25, 0.25 ], "texture": "#plank" },
                "north": { "uv": [ 0, 0, 1.25, 7.75 ], "texture": "#plank", "rotation": 180 },
                "south": { "uv": [ 0, 0, 1.25, 7.75 ], "texture": "#plank", "rotation": 180 },
                "west": { "uv": [ 1.5, 0, 1.75, 7.75 ], "texture": "#plank" },
                "east": { "uv": [ 1.75, 0, 2, 7.75 ], "texture": "#plank" }
            }
        },
        {
            "__comment": "pole_west_1",
            "from": [ 2.5, 0.5, 0.85 ],
            "to": [ 4, 2, 2.35 ],
            "faces": {
                "north": { "uv": [ 0.25, 1, 1, 1.75 ], "texture": "#plank" },
                "south": { "uv": [ 0.25, 2, 1, 2.75 ], "texture": "#plank" },
                "west": { "uv": [ 0.25, 0, 1, 0.75 ], "texture": "#plank" },
                "east": { "uv": [ 0.25, 3, 1, 3.75 ], "texture": "#plank" }
            }
        },
        {
            "__comment": "pole_west_2",
            "from": [ 2.5, 0.5, 4.2 ],
            "to": [ 4, 5, 5.7 ],
            "faces": {
                "north": { "uv": [ 0.25, 1, 1, 3.25 ], "texture": "#plank" },
                "south": { "uv": [ 0.25, 2, 1, 4.25 ], "texture": "#plank" },
                "west": { "uv": [ 0.25, 0, 1, 2.25 ], "texture": "#plank", "rotation": 180 },
                "east": { "uv": [ 0.25, 3, 1, 5.25 ], "texture": "#plank" }
            }
        },
        {
            "__comment": "pole_west_3",
            "from": [ 2.5, 0.5, 7.5 ],
            "to": [ 4, 8.5, 9 ],
            "faces": {
                "north": { "uv": [ 0.25, 1, 1, 5 ], "texture": "#plank", "rotation": 180 },
                "south": { "uv": [ 0.25, 2, 1, 6 ], "texture": "#plank", "rotation": 180 },
                "west": { "uv": [ 0.25, 0, 1, 4 ], "texture": "#plank" },
                "east": { "uv": [ 0.25, 3, 1, 7 ], "texture": "#plank" }
            }
        },
        {
            "__comment": "pole_west_4",
            "from": [ 2.5, 0.5, 10.6 ],
            "to": [ 4, 12, 12.1 ],
            "faces": {
                "north": { "uv": [ 0.25, 0, 1, 5.75 ], "texture": "#plank", "rotation": 180 },
                "south": { "uv": [ 0.25, 3, 1, 8.75 ], "texture": "#plank", "rotation": 180 },
                "west": { "uv": [ 0.25, 1, 1, 6.75 ], "texture": "#plank" },
                "east": { "uv": [ 0.25, 2, 1, 7.75 ], "texture": "#plank" }
            }
        },
        {
            "__comment": "pole_west_5",
            "from": [ 2.5, 0.5, 13.55 ],
            "to": [ 4, 15, 15.05 ],
            "faces": {
                "north": { "uv": [ 0.25, 0, 1, 5.75 ], "texture": "#plank", "rotation": 180 },
                "south": { "uv": [ 0.25, 3, 1, 8.75 ], "texture": "#plank", "rotation": 180 },
                "west": { "uv": [ 0.25, 1, 1, 6.75 ], "texture": "#plank" },
                "east": { "uv": [ 0.25, 2, 1, 7.75 ], "texture": "#plank" }
            }
        },
        {
            "__comment": "plank_west_1",
            "from": [ 2.75, 2.33, 2 ],
            "to": [ 3.75, 3.33, 15.5 ],
            "faces": {
                "down": { "uv": [ 0.25, 8.5, 0.75, 15.25 ], "texture": "#plank" },
                "up": { "uv": [ 0.25, 8.5, 0.75, 15.25 ], "texture": "#plank", "rotation": 180 },
                "west": { "uv": [ 0.25, 0, 0.75, 6.75 ], "texture": "#plank", "rotation": 270 },
                "east": { "uv": [ 0.25, 0, 0.75, 6.75 ], "texture": "#plank", "rotation": 90 }
            }
        },
        {
            "__comment": "plank_west_2",
            "from": [ 2.75, 5.16, 5 ],
            "to": [ 3.75, 6.16, 15.5 ],
            "faces": {
                "down": { "uv": [ 0.25, 8.75, 0.75, 15 ], "texture": "#plank" },
                "up": { "uv": [ 0.25, 8.75, 0.75, 15 ], "texture": "#plank", "rotation": 180 },
                "west": { "uv": [ 0.25, 0, 0.75, 5.25 ], "texture": "#plank", "rotation": 270 },
                "east": { "uv": [ 0.25, 0, 0.75, 5.25 ], "texture": "#plank", "rotation": 90 }
            }
        },
        {
            "__comment": "plank_west_3",
            "from": [ 2.75, 7.99, 8 ],
            "to": [ 3.75, 8.99, 15.5 ],
            "faces": {
                "down": { "uv": [ 0.25, 11, 0.75, 14.75 ], "texture": "#plank" },
                "up": { "uv": [ 0.25, 11, 0.75, 14.75 ], "texture": "#plank", "rotation": 180 },
                "west": { "uv": [ 0.25, 0, 0.75, 3.75 ], "texture": "#plank", "rotation": 270 },
                "east": { "uv": [ 0.25, 0, 0.75, 3.75 ], "texture": "#plank", "rotation": 90 }
            }
        },
        {
            "__comment": "plank_west_4",
            "from": [ 2.75, 10.82, 11 ],
            "to": [ 3.75, 11.82, 15.5 ],
            "faces": {
                "down": { "uv": [ 0.25, 13, 0.75, 15.25 ], "texture": "#plank" },
                "up": { "uv": [ 0.25, 13, 0.75, 15.25 ], "texture": "#plank", "rotation": 180 },
                "west": { "uv": [ 0.25, 0, 0.75, 2.25 ], "texture": "#plank", "rotation": 270 },
                "east": { "uv": [ 0.25, 0, 0.75, 2.25 ], "texture": "#plank", "rotation": 90 }
            }
        },
        {
            "__comment": "plank_west_5",
            "from": [ 2.75, 13.65, 13.5 ],
            "to": [ 3.75, 14.65, 15.5 ],
            "faces": {
                "down": { "uv": [ 0.25, 14, 0.75, 15 ], "texture": "#plank" },
                "up": { "uv": [ 0.25, 14, 0.75, 15 ], "texture": "#plank", "rotation": 180 },
                "west": { "uv": [ 0.25, 0, 0.75, 1 ], "texture": "#plank", "rotation": 270 },
                "east": { "uv": [ 0.25, 0, 0.75, 1 ], "texture": "#plank", "rotation": 90 }
            }
        },
        {
            "__comment": "pole_east_1",
            "from": [ 12, 0.5, 0.85 ],
            "to": [ 13.5, 2, 2.35 ],
            "faces": {
                "north": { "uv": [ 0.25, 1, 1, 1.75 ], "texture": "#plank" },
                "south": { "uv": [ 0.25, 2, 1, 2.75 ], "texture": "#plank" },
                "west": { "uv": [ 0.25, 0, 1, 0.75 ], "texture": "#plank" },
                "east": { "uv": [ 0.25, 3, 1, 3.75 ], "texture": "#plank" }
            }
        },
        {
            "__comment": "pole_east_2",
            "from": [ 12, 0.5, 4.2 ],
            "to": [ 13.5, 5, 5.7 ],
            "faces": {
                "north": { "uv": [ 0.25, 1, 1, 3.25 ], "texture": "#plank" },
                "south": { "uv": [ 0.25, 2, 1, 4.25 ], "texture": "#plank" },
                "west": { "uv": [ 0.25, 0, 1, 2.25 ], "texture": "#plank", "rotation": 180 },
                "east": { "uv": [ 0.25, 3, 1, 5.25 ], "texture": "#plank" }
            }
        },
        {
            "__comment": "pole_east_3",
            "from": [ 12, 0.5, 7.5 ],
            "to": [ 13.5, 8.5, 9 ],
            "faces": {
                "north": { "uv": [ 0.25, 1, 1, 5 ], "texture": "#plank", "rotation": 180 },
                "south": { "uv": [ 0.25, 2, 1, 6 ], "texture": "#plank", "rotation": 180 },
                "west": { "uv": [ 0.25, 0, 1, 4 ], "texture": "#plank" },
                "east": { "uv": [ 0.25, 3, 1, 7 ], "texture": "#plank" }
            }
        },
        {
            "__comment": "pole_east_4",
            "from": [ 12, 0.5, 10.6 ],
            "to": [ 13.5, 12, 12.1 ],
            "faces": {
                "north": { "uv": [ 0.25, 0, 1, 5.75 ], "texture": "#plank", "rotation": 180 },
                "south": { "uv": [ 0.25, 3, 1, 8.75 ], "texture": "#plank", "rotation": 180 },
                "west": { "uv": [ 0.25, 1, 1, 6.75 ], "texture": "#plank" },
                "east": { "uv": [ 0.25, 2, 1, 7.75 ], "texture": "#plank" }
            }
        },
        {
            "__comment": "pole_east_5",
            "from": [ 12, 0.5, 13.55 ],
            "to": [ 13.5, 15, 15.05 ],
            "faces": {
                "north": { "uv": [ 0.25, 0, 1, 5.75 ], "texture": "#plank", "rotation": 180 },
                "south": { "uv": [ 0.25, 3, 1, 8.75 ], "texture": "#plank", "rotation": 180 },
                "west": { "uv": [ 0.25, 1, 1, 6.75 ], "texture": "#plank" },
                "east": { "uv": [ 0.25, 2, 1, 7.75 ], "texture": "#plank" }
            }
        },
        {
            "__comment": "plank_east_1",
            "from": [ 12.25, 2.33, 2 ],
            "to": [ 13.25, 3.33, 15.5 ],
            "faces": {
                "down": { "uv": [ 0.25, 8.5, 0.75, 15.25 ], "texture": "#plank" },
                "up": { "uv": [ 0.25, 8.5, 0.75, 15.25 ], "texture": "#plank", "rotation": 180 },
                "west": { "uv": [ 0.25, 0, 0.75, 6.75 ], "texture": "#plank", "rotation": 270 },
                "east": { "uv": [ 0.25, 0, 0.75, 6.75 ], "texture": "#plank", "rotation": 90 }
            }
        },
        {
            "__comment": "plank_east_2",
            "from": [ 12.25, 5.16, 5 ],
            "to": [ 13.25, 6.16, 15.5 ],
            "faces": {
                "down": { "uv": [ 0.25, 8.75, 0.75, 15 ], "texture": "#plank" },
                "up": { "uv": [ 0.25, 8.75, 0.75, 15 ], "texture": "#plank", "rotation": 180 },
                "west": { "uv": [ 0.25, 0, 0.75, 5.25 ], "texture": "#plank", "rotation": 270 },
                "east": { "uv": [ 0.25, 0, 0.75, 5.25 ], "texture": "#plank", "rotation": 90 }
            }
        },
        {
            "__comment": "plank_east_3",
            "from": [ 12.25, 7.99, 8 ],
            "to": [ 13.25, 8.99, 15.5 ],
            "faces": {
                "down": { "uv": [ 0.25, 11, 0.75, 14.75 ], "texture": "#plank" },
                "up": { "uv": [ 0.25, 11, 0.75, 14.75 ], "texture": "#plank", "rotation": 180 },
                "west": { "uv": [ 0.25, 0, 0.75, 3.75 ], "texture": "#plank", "rotation": 270 },
                "east": { "uv": [ 0.25, 0, 0.75, 3.75 ], "texture": "#plank", "rotation": 90 }
            }
        },
        {
            "__comment": "plank_east_4",
            "from": [ 12.25, 10.82, 11 ],
            "to": [ 13.25, 11.82, 15.5 ],
            "faces": {
                "down": { "uv": [ 0.25, 13, 0.75, 15.25 ], "texture": "#plank" },
                "up": { "uv": [ 0.25, 13, 0.75, 15.25 ], "texture": "#plank", "rotation": 180 },
                "west": { "uv": [ 0.25, 0, 0.75, 2.25 ], "texture": "#plank", "rotation": 270 },
                "east": { "uv": [ 0.25, 0, 0.75, 2.25 ], "texture": "#plank", "rotation": 90 }
            }
        },
        {
            "__comment": "plank_east_5",
            "from": [ 12.25, 13.65, 13.5 ],
            "to": [ 13.25, 14.65, 15.5 ],
            "faces": {
                "down": { "uv": [ 0.25, 14, 0.75, 15 ], "texture": "#plank" },
                "up": { "uv": [ 0.25, 14, 0.75, 15 ], "texture": "#plank", "rotation": 180 },
                "west": { "uv": [ 0.25, 0, 0.75, 1 ], "texture": "#plank", "rotation": 270 },
                "east": { "uv": [ 0.25, 0, 0.75, 1 ], "texture": "#plank", "rotation": 90 }
            }
        },
        {
            "from": [ 7, 1.002, 8.5 ],
            "to": [ 9, 1.504, 13 ],
            "rotation": { "origin": [ 0, 0.5, 0 ], "axis": "x", "angle": -45 },
            "faces": {
                "down": { "uv": [ 7, 5.5, 9, 10 ], "texture": "#powered_rail", "rotation": 180 },
                "up": { "uv": [ 7, 5.5, 9, 10 ], "texture": "#powered_rail", "rotation": 180 },
                "north": { "uv": [ 7, 9.5, 9, 10 ], "texture": "#powered_rail" },
                "south": { "uv": [ 7, 5.5, 9, 6 ], "texture": "#powered_rail", "rotation": 180 },
                "west": { "uv": [ 8.5, 5.5, 9, 10 ], "texture": "#powered_rail", "rotation": 90 },
                "east": { "uv": [ 7, 5.5, 7.5, 10 ], "texture": "#powered_rail", "rotation": 90 }
            }
        },
        {
            "from": [ 5, 1.002, 9.5 ],
            "to": [ 11, 1.504, 12 ],
            "rotation": { "origin": [ 0, 0.5, 0 ], "axis": "x", "angle": -45 },
            "faces": {
                "down": { "uv": [ 5, 6.5, 11, 9 ], "texture": "#powered_rail", "rotation": 180 },
                "up": { "uv": [ 5, 6.5, 11, 9 ], "texture": "#powered_rail", "rotation": 180 },
                "north": { "uv": [ 5, 8.5, 11, 9 ], "texture": "#powered_rail" },
                "south": { "uv": [ 5, 6.5, 11, 7 ], "texture": "#powered_rail", "rotation": 180 }
            }
        },
        {
            "from": [ 2.5, 1.002, 8.5 ],
            "to": [ 4, 2.004, 13 ],
            "rotation": { "origin": [ 0, 0.5, 0 ], "axis": "x", "angle": -45 },
            "faces": {
                "down": { "uv": [ 12.5, 5.5, 14, 10 ], "texture": "#powered_rail", "rotation": 180 },
                "up": { "uv": [ 12.5, 5.5, 14, 10 ], "texture": "#powered_rail", "rotation": 180 },
                "north": { "uv": [ 12.5, 10, 14, 9 ], "texture": "#powered_rail" },
                "south": { "uv": [ 12.5, 6.5, 14, 5.5 ], "texture": "#powered_rail", "rotation": 180 }
            }
        },
        {
            "from": [ 13.5, 1.002, 19 ],
            "to": [ 14.5, 2.004, 22 ],
            "rotation": { "origin": [ 0, 0.5, 0 ], "axis": "x", "angle": -45 },
            "faces": {
                "down": { "uv": [ 1, 13, 2, 16 ], "texture": "#powered_rail", "rotation": 180 },
                "up": { "uv": [ 1, 13, 0, 16 ], "texture": "#powered_rail" },
                "south": { "uv": [ 1, 0, 2, 1 ], "texture": "#powered_rail" },
                "east": { "uv": [ 1, 13, 0, 16 ], "texture": "#powered_rail", "rotation": 270 }
            }
        },
        {
            "from": [ 13.5, 1.002, 3 ],
            "to": [ 14.5, 2.004, 19 ],
            "rotation": { "origin": [ 0, 0.5, 0 ], "axis": "x", "angle": -45 },
            "faces": {
                "down": { "uv": [ 1, 0, 2, 16 ], "texture": "#powered_rail", "rotation": 180 },
                "up": { "uv": [ 1, 0, 0, 16 ], "texture": "#powered_rail" },
                "north": { "uv": [ 15, 15, 14, 16 ], "texture": "#powered_rail" },
                "south": { "uv": [ 1, 0, 2, 1 ], "texture": "#powered_rail" },
                "east": { "uv": [ 1, 0, 0, 16 ], "texture": "#powered_rail", "rotation": 270 }
            }
        },
        {
            "from": [ 13.5, 1.002, -0.002 ],
            "to": [ 14.5, 2.004, 3 ],
            "rotation": { "origin": [ 0, 0.5, 0 ], "axis": "x", "angle": -45 },
            "faces": {
                "down": { "uv": [ 1, 0, 2, 3 ], "texture": "#powered_rail", "rotation": 180 },
                "up": { "uv": [ 1, 0, 0, 3 ], "texture": "#powered_rail" },
                "north": { "uv": [ 15, 15, 14, 16 ], "texture": "#powered_rail" },
                "east": { "uv": [ 1, 0, 0, 3 ], "texture": "#powered_rail", "rotation": 270 }
            }
        },
        {
            "from": [ 11, 1.002, 3 ],
            "to": [ 12, 2.004, 19 ],
            "rotation": { "origin": [ 0, 0.5, 0 ], "axis": "x", "angle": -45 },
            "faces": {
                "down": { "uv": [ 3.5, 0, 4.5, 16 ], "texture": "#powered_rail" },
                "up": { "uv": [ 3.5, 16, 4.5, 0 ], "texture": "#powered_rail" },
                "north": { "uv": [ 4.5, 15, 3.5, 16 ], "texture": "#powered_rail", "rotation": 180 },
                "south": { "uv": [ 3.5, 0, 4.5, 1 ], "texture": "#powered_rail" },
                "west": { "uv": [ 4.5, 0, 3.5, 16 ], "texture": "#powered_rail", "rotation": 270 }
            }
        },
        {
            "from": [ 11, 1.002, -0.002 ],
            "to": [ 12, 2.004, 3 ],
            "rotation": { "origin": [ 0, 0.5, 0 ], "axis": "x", "angle": -45 },
            "faces": {
                "down": { "uv": [ 3.5, 0, 4.5, 3 ], "texture": "#powered_rail" },
                "up": { "uv": [ 3.5, 3, 4.5, 0 ], "texture": "#powered_rail" },
                "north": { "uv": [ 4.5, 15, 3.5, 16 ], "texture": "#powered_rail", "rotation": 180 },
                "west": { "uv": [ 4.5, 0, 3.5, 3 ], "texture": "#powered_rail", "rotation": 270 }
            }
        },
        {
            "from": [ 11, 1.002, 19 ],
            "to": [ 12, 2.004, 22 ],
            "rotation": { "origin": [ 0, 0.5, 0 ], "axis": "x", "angle": -45 },
            "faces": {
                "down": { "uv": [ 3.5, 13, 4.5, 16 ], "texture": "#powered_rail" },
                "up": { "uv": [ 3.5, 16, 4.5, 13 ], "texture": "#powered_rail" },
                "south": { "uv": [ 3.5, 0, 4.5, 1 ], "texture": "#powered_rail" },
                "west": { "uv": [ 4.5, 13, 3.5, 16 ], "texture": "#powered_rail", "rotation": 270 }
            }
        },
        {
            "from": [ 1.5, 1.002, 3 ],
            "to": [ 2.5, 2.004, 19 ],
            "rotation": { "origin": [ 0, 0.5, 0 ], "axis": "x", "angle": -45 },
            "faces": {
                "down": { "uv": [ 14, 0, 15, 16 ], "texture": "#powered_rail", "rotation": 180 },
                "up": { "uv": [ 16, 0, 15, 16 ], "texture": "#powered_rail", "rotation": 180 },
                "north": { "uv": [ 14, 15, 15, 16 ], "texture": "#powered_rail", "rotation": 180 },
                "south": { "uv": [ 14, 0, 15, 1 ], "texture": "#powered_rail" },
                "west": { "uv": [ 16, 0, 15, 16 ], "texture": "#powered_rail", "rotation": 270 }
            }
        },
        {
            "from": [ 1.5, 1.002, -0.002 ],
            "to": [ 2.5, 2.004, 3 ],
            "rotation": { "origin": [ 0, 0.5, 0 ], "axis": "x", "angle": -45 },
            "faces": {
                "down": { "uv": [ 14, 0, 15, 3 ], "texture": "#powered_rail", "rotation": 180 },
                "up": { "uv": [ 16, 0, 15, 3 ], "texture": "#powered_rail", "rotation": 180 },
                "north": { "uv": [ 14, 15, 15, 16 ], "texture": "#powered_rail", "rotation": 180 },
                "west": { "uv": [ 16, 0, 15, 3 ], "texture": "#powered_rail", "rotation": 270 }
            }
        },
        {
            "from": [ 1.5, 1.002, 19 ],
            "to": [ 2.5, 2.004, 22 ],
            "rotation": { "origin": [ 0, 0.5, 0 ], "axis": "x", "angle": -45 },
            "faces": {
                "down": { "uv": [ 14, 13, 15, 16 ], "texture": "#powered_rail", "rotation": 180 },
                "up": { "uv": [ 16, 13, 15, 16 ], "texture": "#powered_rail", "rotation": 180 },
                "south": { "uv": [ 14, 0, 15, 1 ], "texture": "#powered_rail" },
                "west": { "uv": [ 16, 13, 15, 16 ], "texture": "#powered_rail", "rotation": 270 }
            }
        },
        {
            "from": [ 4, 1.002, 3 ],
            "to": [ 5, 2.004, 19 ],
            "rotation": { "origin": [ 0, 0.5, 0 ], "axis": "x", "angle": -45 },
            "faces": {
                "down": { "uv": [ 11.5, 0, 12.5, 16 ], "texture": "#powered_rail", "rotation": 180 },
                "up": { "uv": [ 11.5, 0, 12.5, 16 ], "texture": "#powered_rail" },
                "north": { "uv": [ 12.5, 15, 11.5, 16 ], "texture": "#powered_rail", "rotation": 90 },
                "south": { "uv": [ 11.5, 0, 12.5, 1 ], "texture": "#powered_rail" },
                "east": { "uv": [ 12.5, 0, 11.5, 16 ], "texture": "#powered_rail", "rotation": 90 }
            }
        },
        {
            "from": [ 4, 1.002, -0.002 ],
            "to": [ 5, 2.004, 3 ],
            "rotation": { "origin": [ 0, 0.5, 0 ], "axis": "x", "angle": -45 },
            "faces": {
                "down": { "uv": [ 11.5, 0, 12.5, 3 ], "texture": "#powered_rail", "rotation": 180 },
                "up": { "uv": [ 11.5, 0, 12.5, 3 ], "texture": "#powered_rail" },
                "north": { "uv": [ 12.5, 15, 11.5, 16 ], "texture": "#powered_rail", "rotation": 90 },
                "east": { "uv": [ 12.5, 0, 11.5, 3 ], "texture": "#powered_rail", "rotation": 90 }
            }
        },
        {
            "from": [ 4, 1.002, 19 ],
            "to": [ 5, 2.004, 22 ],
            "rotation": { "origin": [ 0, 0.5, 0 ], "axis": "x", "angle": -45 },
            "faces": {
                "down": { "uv": [ 11.5, 13, 12.5, 16 ], "texture": "#powered_rail", "rotation": 180 },
                "up": { "uv": [ 11.5, 13, 12.5, 16 ], "texture": "#powered_rail" },
                "south": { "uv": [ 11.5, 0, 12.5, 1 ], "texture": "#powered_rail" },
                "east": { "uv": [ 12.5, 13, 11.5, 16 ], "texture": "#powered_rail", "rotation": 90 }
            }
        },
        {
            "from": [ 12, 1.002, 8.5 ],
            "to": [ 13.5, 2.004, 13 ],
            "rotation": { "origin": [ 0, 0.5, 0 ], "axis": "x", "angle": -45 },
            "faces": {
                "down": { "uv": [ 2, 5.5, 3.5, 10 ], "texture": "#powered_rail", "rotation": 180 },
                "up": { "uv": [ 2, 5.5, 3.5, 10 ], "texture": "#powered_rail", "rotation": 180 },
                "north": { "uv": [ 2, 10, 3.5, 9 ], "texture": "#powered_rail" },
                "south": { "uv": [ 2, 6.5, 3.5, 5.5 ], "texture": "#powered_rail", "rotation": 180 }
            }
        }
    ]
}