{
	"__comment": "Created by Filal",
	"ambientocclusion": false,
	"textures": {
		"particle": "block/rail_particle",
		"1": "block/rail_rails",
		"2": "block/rail_sleeper"
	},
	"elements": [ 	 
		{
			"__comment": "r_outer_NS_u",
			"from": [ 12.5, 2, 0 ],
			"to": [ 13.5, 2.5, 5.1 ],
			"faces": {
				"up": { "uv": [ 2.5, 0, 3.5, 5.1 ], "texture": "#1", "rotation": 180 },
				"north": { "uv": [ 2.5, 13, 3.5, 13.5 ], "texture": "#1" },
				"south": { "uv": [ 12.5, 10, 13.5, 10.5 ], "texture": "#1" },
				"west": { "uv": [ 13, 0, 12.5, 5.1 ], "texture": "#1", "rotation": 90 },
				"east": { "uv": [ 12, 0, 12.5, 5.1 ], "texture": "#1", "rotation": 270 }
			}
		},
		{
			"__comment": "r_outer_NS_d",
			"from": [ 11.5, 1, 0 ],
			"to": [ 14, 2, 5.17 ],
			"faces": {
				"down": { "uv": [ 11.5, 0, 14, 5.3 ], "texture": "#1" },
				"up": { "uv": [ 11.5, 0, 14, 5.3 ], "texture": "#1" },
				"north": { "uv": [ 11.5, 0, 14, 1 ], "texture": "#1" },
				"south": { "uv": [ 11.5, 0, 14, 1 ], "texture": "#1" },
				"west": { "uv": [ 13, 0, 14, 5.3 ], "texture": "#1", "rotation": 270 },
				"east": { "uv": [ 13, 0, 14, 5.3 ], "texture": "#1", "rotation": 270 }
			}
		},
		{
			"__comment": "r_outer_WE_u",
			"from": [ 0, 2, 12.5 ],
			"to": [ 5.05, 2.5, 13.5 ],
			"faces": {
				"up": { "uv": [ 2.5, 0, 3.5, 5.1 ], "texture": "#1", "rotation": 270 },
				"north": { "uv": [ 13, 0, 12.5, 5.1 ], "texture": "#1", "rotation": 90 },
				"south": { "uv": [ 12, 0, 12.5, 5.1 ], "texture": "#1", "rotation": 90 },
				"west": { "uv": [ 2.5, 13, 3.5, 13.5 ], "texture": "#1", "rotation": 180 },
				"east": { "uv": [ 12.5, 10, 13.5, 10.5 ], "texture": "#1", "rotation": 180 }
			}
		},
		{
			"__comment": "r_outer_WE_d",
			"from": [ 0, 1, 11.5 ],
			"to": [ 5.2, 2, 14 ],
			"faces": {
				"down": { "uv": [ 11.5, 0, 14, 5.3 ], "texture": "#1", "rotation": 270 },
				"up": { "uv": [ 11.5, 0, 14, 5.3 ], "texture": "#1", "rotation": 270 },
				"north": { "uv": [ 13, 5, 14, 10.3 ], "texture": "#1", "rotation": 270 },
				"south": { "uv": [ 13, 5, 14, 10.3 ], "texture": "#1", "rotation": 270 },
				"west": { "uv": [ 11.5, 0, 14, 1 ], "texture": "#1" },
				"east": { "uv": [ 11.5, 0, 14, 1 ], "texture": "#1" }
			}
		},
		{
			"__comment": "r_outer_NS_diag_d",
			"from": [ 9.65, 0.999, 4.3499 ],
			"to": [ 12.28, 2.001, 8.0499 ],
			"rotation": { "origin": [ 11.05, 0.5, 9.04 ], "axis": "y", "angle": -22.5 },
			"faces": {
				"down": { "uv": [ 2, 0, 4.5, 3.61 ], "texture": "#1", "rotation": 180 },
				"up": { "uv": [ 2, 0, 4.48, 3.61 ], "texture": "#1", "rotation": 180 },
				"north": { "uv": [ 2, 13, 4.5, 14 ], "texture": "#1" },
				"south": { "uv": [ 2, 13, 4.5, 14 ], "texture": "#1" },
				"west": { "uv": [ 2, 0, 3, 3.61 ], "texture": "#1", "rotation": 90 },
				"east": { "uv": [ 3.5, 0, 4.5, 3.61 ], "texture": "#1", "rotation": 270 }
			}
		},
		{
			"__comment": "r_outer_NS_diag_u",
			"from": [ 10.7001, 2, 4.45 ],
			"to": [ 11.8001, 2.501, 7.91 ],
			"rotation": { "origin": [ 11.05, 1.5, 9.04 ], "axis": "y", "angle": -22.5 },
			"faces": {
				"up": { "uv": [ 2.5, 0, 3.5, 3.61 ], "texture": "#1", "rotation": 180 },
				"north": { "uv": [ 2.5, 13, 3.5, 13.5 ], "texture": "#1" },
				"south": { "uv": [ 12.5, 10, 13.5, 10.5 ], "texture": "#1" },
				"west": { "uv": [ 13, 0, 12.5, 3.61 ], "texture": "#1", "rotation": 90 },
				"east": { "uv": [ 12, 0, 12.5, 3.61 ], "texture": "#1", "rotation": 270 }
			}
		},
		{
			"__comment": "r_outer_WE_diag_up",
			"from": [ 4.4, 2, 10.7 ],
			"to": [ 7.93, 2.501, 11.78 ],
			"rotation": { "origin": [ 9.04, 1.5, 11.05 ], "axis": "y", "angle": 22.5 },
			"faces": {
				"up": { "uv": [ 2.5, 0, 3.5, 3.61 ], "texture": "#1", "rotation": 270 },
				"north": { "uv": [ 13, 0, 12.5, 3.61 ], "texture": "#1", "rotation": 90 },
				"south": { "uv": [ 12, 0, 12.5, 3.61 ], "texture": "#1", "rotation": 90 },
				"west": { "uv": [ 2.5, 13, 3.5, 13.5 ], "texture": "#1", "rotation": 180 },
				"east": { "uv": [ 12.5, 10, 13.5, 10.5 ], "texture": "#1", "rotation": 180 }
			}
		},
		{
			"__comment": "r_outer_WE_diag_d",
			"from": [ 4.3499, 0.999, 9.65 ],
			"to": [ 7.9299, 2.001, 12.3 ],
			"rotation": { "origin": [ 9.04, 0.5, 11.05 ], "axis": "y", "angle": 22.5 },
			"faces": {
				"down": { "uv": [ 2, 0, 4.5, 3.61 ], "texture": "#1", "rotation": 90 },
				"up": { "uv": [ 2, 0, 4.5, 3.61 ], "texture": "#1", "rotation": 90 },
				"north": { "uv": [ 2, 11, 3, 14 ], "texture": "#1", "rotation": 90 },
				"south": { "uv": [ 2, 11, 3, 14 ], "texture": "#1", "rotation": 90 },
				"west": { "uv": [ 2, 0, 3, 3.61 ], "texture": "#1", "rotation": 90 },
				"east": { "uv": [ 3.5, 0, 4.5, 3.61 ], "texture": "#1", "rotation": 270 }
			}
		},
		{
			"__comment": "r_outer_diag_d",
			"from": [ 10.0999, 1, 8.55 ],
			"to": [ 12.5999, 2, 14.3 ],
			"rotation": { "origin": [ 12.55, 0.5, 8.5 ], "axis": "y", "angle": -45 },
			"faces": {
				"down": { "uv": [ 11.5, 0, 14, 5.3 ], "texture": "#1" },
				"up": { "uv": [ 11.5, 0, 13.95, 5.3 ], "texture": "#1" },
				"west": { "uv": [ 13, 0, 14, 5.3 ], "texture": "#1", "rotation": 270 },
				"east": { "uv": [ 13, 0, 14, 5.3 ], "texture": "#1", "rotation": 270 }
			}
		},
		{
			"__comment": "r_outer_diag_u",
			"from": [ 10.87, 2, 9.099999 ],
			"to": [ 11.93, 2.5, 14.6 ],
			"rotation": { "origin": [ 13.05, 1.5, 9 ], "axis": "y", "angle": -45 },
			"faces": {
				"up": { "uv": [ 2.5, 0, 3.5, 3.61 ], "texture": "#1", "rotation": 180 },
				"west": { "uv": [ 13, 6, 12.5, 11.6 ], "texture": "#1", "rotation": 90 },
				"east": { "uv": [ 12, 6, 12.5, 11.6 ], "texture": "#1", "rotation": 270 }
			}
		},
		{
			"__comment": "r_inner_NS_d",
			"from": [ 2, 1, 0 ],
			"to": [ 4.5, 2, 1.5 ],
			"faces": {
				"down": { "uv": [ 11.5, 0, 14, 2.5 ], "texture": "#1" },
				"up": { "uv": [ 11.5, 0, 14, 2.5 ], "texture": "#1" },
				"north": { "uv": [ 11.5, 0, 14, 1 ], "texture": "#1" },
				"south": { "uv": [ 11.5, 0, 14, 1 ], "texture": "#1" },
				"west": { "uv": [ 13, 0, 14, 2.5 ], "texture": "#1", "rotation": 270 },
				"east": { "uv": [ 13, 0, 14, 2.5 ], "texture": "#1", "rotation": 270 }
			}
		},
		{
			"__comment": "r_inner_NS_u",
			"from": [ 2.5, 2, 0 ],
			"to": [ 3.5, 2.5, 1.1 ],
			"faces": {
				"up": { "uv": [ 2.5, 2, 3.5, 3.1 ], "texture": "#1" },
				"north": { "uv": [ 2.5, 13, 3.5, 13.5 ], "texture": "#1", "rotation": 180 },
				"south": { "uv": [ 12.5, 10, 13.5, 10.5 ], "texture": "#1", "rotation": 180 },
				"west": { "uv": [ 12, 2, 12.5, 3.1 ], "texture": "#1", "rotation": 90 },
				"east": { "uv": [ 13, 2, 12.5, 3.1 ], "texture": "#1", "rotation": 270 }
			}
		},
		{
			"__comment": "r_inner_WE_u",
			"from": [ 0, 2, 2.5 ],
			"to": [ 1.2, 2.5, 3.5 ],
			"faces": {
				"up": { "uv": [ 2.5, 2, 3.5, 3.2 ], "texture": "#1", "rotation": 90 },
				"north": { "uv": [ 12, 2, 12.5, 3.2 ], "texture": "#1", "rotation": 90 },
				"south": { "uv": [ 13, 2, 12.5, 3.2 ], "texture": "#1", "rotation": 90 },
				"west": { "uv": [ 12.5, 2, 13.5, 3.2 ], "texture": "#1", "rotation": 180 },
				"east": { "uv": [ 2.5, 13, 3.5, 13.5 ], "texture": "#1", "rotation": 270 }
			}
		},
		{
			"__comment": "r_inner_WE_d",
			"from": [ 0, 1, 2 ],
			"to": [ 1.5, 2, 4.5 ],
			"faces": {
				"down": { "uv": [ 11.5, 0, 14, 2.5 ], "texture": "#1", "rotation": 90 },
				"up": { "uv": [ 11.5, 0, 14, 2.5 ], "texture": "#1", "rotation": 90 },
				"north": { "uv": [ 13, 0, 14, 2.5 ], "texture": "#1", "rotation": 270 },
				"south": { "uv": [ 13, 0, 14, 2.5 ], "texture": "#1", "rotation": 270 },
				"west": { "uv": [ 11.5, 0, 14, 1 ], "texture": "#1" },
				"east": { "uv": [ 11.5, 0, 14, 1 ], "texture": "#1", "rotation": 270 }
			}
		},
		{
			"__comment": "r_inner_WE_diag_d",
			"from": [ 1.5001, 1, 1.8 ],
			"to": [ 2.5001, 2.001, 4.5 ],
			"rotation": { "origin": [ 1.5, 0.5, 4.5 ], "axis": "y", "angle": 22.5 },
			"faces": {
				"down": { "uv": [ 11.5, 0, 14, 2.7 ], "texture": "#1", "rotation": 90 },
				"up": { "uv": [ 11.5, 0, 14, 2.7 ], "texture": "#1", "rotation": 90 },
				"north": { "uv": [ 13, 0, 14, 2.7 ], "texture": "#1", "rotation": 270 },
				"south": { "uv": [ 13, 0, 14, 2.7 ], "texture": "#1", "rotation": 270 },
				"west": { "uv": [ 11.5, 0, 14, 1 ], "texture": "#1" },
				"east": { "uv": [ 11.5, 0, 14, 1 ], "texture": "#1", "rotation": 270 }
			}
		},
		{
			"__comment": "r_inner_WE_diag_u",
			"from": [ 1.55, 2, 2.33 ],
			"to": [ 2.5, 2.501, 3.45 ],
			"rotation": { "origin": [ 1.5, 0.5, 4.5 ], "axis": "y", "angle": 22.5 },
			"faces": {
				"up": { "uv": [ 2.5, 0, 3.5, 1 ], "texture": "#1", "rotation": 90 },
				"north": { "uv": [ 12, 0, 12.5, 1 ], "texture": "#1", "rotation": 90 },
				"south": { "uv": [ 13, 0, 12.5, 1 ], "texture": "#1", "rotation": 90 },
				"west": { "uv": [ 2.5, 13, 3.5, 1 ], "texture": "#1" },
				"east": { "uv": [ 12.5, 10, 13.5, 1 ], "texture": "#1", "rotation": 270 }
			}
		},
		{
			"__comment": "r_inner_NS_diag_u",
			"from": [ 2.25, 2, 1.1 ],
			"to": [ 3.35, 2.501, 2.2 ],
			"rotation": { "origin": [ 3.5, 0.5, 1.5 ], "axis": "y", "angle": -22.5 },
			"faces": {
				"up": { "uv": [ 2.5, 0, 3.5, 1.1 ], "texture": "#1" },
				"north": { "uv": [ 12.5, 10, 13.5, 1.1 ], "texture": "#1" },
				"south": { "uv": [ 2.5, 13, 3.5, 1.1 ], "texture": "#1" },
				"west": { "uv": [ 12, 0, 12.5, 1.1 ], "texture": "#1", "rotation": 90 },
				"east": { "uv": [ 13, 0, 12.5, 1.1 ], "texture": "#1", "rotation": 270 }
			}
		},
		{
			"__comment": "r_inner_diag_u",
			"from": [ 2, 2, 2 ],
			"to": [ 3.12, 2.5, 3.5 ],
			"rotation": { "origin": [ 3, 1.5, 2 ], "axis": "y", "angle": -45 },
			"faces": {
				"up": { "uv": [ 2.5, 2, 3.4, 3.5 ], "texture": "#1" },
				"north": { "uv": [ 12.5, 2, 13.5, 3.5 ], "texture": "#1" },
				"south": { "uv": [ 2.5, 2, 3.5, 3.5 ], "texture": "#1" },
				"west": { "uv": [ 12, 2, 12.5, 3.5 ], "texture": "#1", "rotation": 90 },
				"east": { "uv": [ 13, 2, 12.5, 3.5 ], "texture": "#1", "rotation": 270 }
			}
		},
		{
			"__comment": "r_inner_diag_d",
			"from": [ 1.5, 1, 2.35 ],
			"to": [ 4.05, 2, 4.75 ],
			"rotation": { "origin": [ 4, 0.5, 2.5 ], "axis": "y", "angle": -45 },
			"faces": {
				"down": { "uv": [ 11.5, 3, 14, 2.4 ], "texture": "#1" },
				"up": { "uv": [ 11.5, 3, 14, 2.4 ], "texture": "#1" },
				"north": { "uv": [ 11.5, 0, 14, 2.4 ], "texture": "#1" },
				"south": { "uv": [ 11.5, 0, 14, 2.4 ], "texture": "#1" },
				"west": { "uv": [ 13, 3, 14, 2.4 ], "texture": "#1", "rotation": 270 },
				"east": { "uv": [ 13, 3, 14, 2.4 ], "texture": "#1", "rotation": 270 }
			}
		},
		{
			"__comment": "r_inner_NS_diag_d",
			"from": [ 1.8, 1, 1.5001 ],
			"to": [ 4.5, 2.001, 2.5001 ],
			"rotation": { "origin": [ 4.5, 0.5, 1.5 ], "axis": "y", "angle": -22.5 },
			"faces": {
				"down": { "uv": [ 11.5, 0, 14, 1 ], "texture": "#1" },
				"up": { "uv": [ 11.5, 0, 14, 1 ], "texture": "#1" },
				"north": { "uv": [ 11.5, 0, 14, 1 ], "texture": "#1" },
				"south": { "uv": [ 11.5, 0, 14, 1 ], "texture": "#1" },
				"west": { "uv": [ 13, 0, 14, 1 ], "texture": "#1", "rotation": 270 },
				"east": { "uv": [ 13, 0, 14, 1 ], "texture": "#1", "rotation": 270 }
			}
		},
		{
			"__comment": "p_mid_thin",
			"from": [ -0.4, 0, 0 ],
			"to": [ 1.1, 0.999, 15.6 ],
			"rotation": { "origin": [ 1.1, 0, 0 ], "axis": "y", "angle": 45 },
			"faces": {
				"down": { "uv": [ 0, 4, 15.5, 5.5 ], "texture": "#2", "cullface": "down", "rotation": 270 },
				"up": { "uv": [ 0, 4, 15.5, 5.5 ], "texture": "#2", "rotation": 90 },
				"north": { "uv": [ 0, 1.5, 0.5, 3 ], "texture": "#2", "rotation": 270 },
				"south": { "uv": [ 15, 1.5, 15.5, 3 ], "texture": "#2", "rotation": 90 },
				"west": { "uv": [ 0, 1.5, 15.5, 2 ], "texture": "#2" },
				"east": { "uv": [ 0, 2.5, 15.5, 3 ], "texture": "#2" }
			}
		},
		{
			"__comment": "_p_mid_thick",
			"from": [ -0.8, -0.002, -0.2 ],
			"to": [ 1.7, 0.9990001, 14.4 ],
			"rotation": { "origin": [ 2, 0, -0.2 ], "axis": "y", "angle": 45 },
			"faces": {
				"down": { "uv": [ 0.5, 3.5, 15, 6 ], "texture": "#2", "cullface": "down", "rotation": 270 },
				"up": { "uv": [ 0.5, 3.5, 15, 6 ], "texture": "#2", "rotation": 90 },
				"north": { "uv": [ 2, 1, 3, 3.5 ], "texture": "#2", "rotation": 270 },
				"south": { "uv": [ 13.5, 1, 14.5, 3.5 ], "texture": "#2", "rotation": 90 },
				"west": { "uv": [ 0.5, 3, 15, 4 ], "texture": "#2" },
				"east": { "uv": [ 0.5, 4, 15, 3 ], "texture": "#2" }
			}
		},
		{
			"__comment": "p_1_thick",
			"from": [ 0, 0, 4.5 ],
			"to": [ 2.5, 0.999, 16 ],
			"rotation": { "origin": [ 0, 0, 4.5 ], "axis": "y", "angle": 22.5 },
			"faces": {
				"down": { "uv": [ 1, 6, 12.5, 8.5 ], "texture": "#2", "cullface": "down", "rotation": 90 },
				"up": { "uv": [ 1, 6, 12.5, 8.5 ], "texture": "#2", "rotation": 90 },
				"north": { "uv": [ 14, 16, 15, 13.5 ], "texture": "#2", "rotation": 90 },
				"south": { "uv": [ 4.5, 6, 5.5, 8.500001 ], "texture": "#2", "rotation": 90 },
				"west": { "uv": [ 1, 6.5, 12.5, 5.5 ], "texture": "#2", "rotation": 180 },
				"east": { "uv": [ 1, 8, 12.5, 9 ], "texture": "#2", "rotation": 180 }
			}
		},
		{
			"__comment": "p_1_thin",
			"from": [ 0.54, 0, 4.4 ],
			"to": [ 2.04, 0.996, 16.3 ],
			"rotation": { "origin": [ 0.5, 0, 4.5 ], "axis": "y", "angle": 22.5 },
			"faces": {
				"down": { "uv": [ 0.5, 6.5, 12.3, 8 ], "texture": "#2", "cullface": "down", "rotation": 90 },
				"up": { "uv": [ 0.5, 6.5, 12.3, 8 ], "texture": "#2", "rotation": 270 },
				"south": { "uv": [ 0.5, 6.5, 1, 8 ], "texture": "#2", "rotation": 270 },
				"west": { "uv": [ 0.5, 6.5, 1, 7 ], "texture": "#2" },
				"east": { "uv": [ 0.5, 7.5, 1, 8 ], "texture": "#2" }
			}
		}
	]
}