{
    "__comment": "Created by Filal",
    "textures": {
        "particle": "block/redstone_torch_particle",
        "0": "block/redstone_torch"
    },
    "elements": [
        {
            "from": [ 6.5, 0, 6.5 ], 
            "to": [ 9.5, 0.504, 9.5 ], 
            "faces": {
                "north": { "texture": "#0", "uv": [ 0, 0, 0.5, 0.5 ] },
                "east": { "texture": "#0", "uv": [ 0, 0, 0.5, 0.5 ] },
                "south": { "texture": "#0", "uv": [ 0, 0, 0.5, 0.5 ] },
                "west": { "texture": "#0", "uv": [ 0, 0, 0.5, 0.5 ] },
                "up": { "texture": "#0", "uv": [ 0, 0, 0.5, 0.5 ] },
                "down": { "texture": "#0", "uv": [ 0, 0, 0.5, 0.5 ] }
            }
        },
        {
            "from": [ 7, 0.5, 7 ], 
            "to": [ 9, 5.5, 9 ], 
            "faces": {
                "north": { "texture": "#0", "uv": [ 9, 10.5, 7, 15.5 ] },
                "east": { "texture": "#0", "uv": [ 7, 10.5, 9, 15.5 ] },
                "south": { "texture": "#0", "uv": [ 9, 10.5, 7, 15.5 ] },
                "west": { "texture": "#0", "uv": [ 7, 10.5, 9, 15.5 ] },
                "up": { "texture": "#0", "uv": [ 7.5, 5.5, 8.5, 6.5 ] }
            }
        },
        {
            "from": [ 7, 5.5, 7 ], 
            "to": [ 7.5, 10, 7.5 ], 
            "faces": {
                "north": { "texture": "#0", "uv": [ 7, 6, 7.5, 10.5 ] },
                "east": { "texture": "#0", "uv": [ 7, 6, 7.5, 10.5 ] },
                "south": { "texture": "#0", "uv": [ 7, 6, 7.5, 10.5 ] },
                "west": { "texture": "#0", "uv": [ 7, 6, 7.5, 10.5 ] },
                "up": { "texture": "#0", "uv": [ 7, 4, 7.5, 4.5 ] }
            }
        },
        {
            "from": [ 8.5, 5.5, 7 ], 
            "to": [ 9, 10, 7.5 ], 
            "faces": {
                "north": { "texture": "#0", "uv": [ 8.5, 6, 9, 10.5 ] },
                "east": { "texture": "#0", "uv": [ 8.5, 6, 9, 10.5 ] },
                "south": { "texture": "#0", "uv": [ 8.5, 6, 9, 10.5 ] },
                "west": { "texture": "#0", "uv": [ 8.5, 6, 9, 10.5 ] },
                "up": { "texture": "#0", "uv": [ 7, 5.5, 7.5, 6 ] }
            }
        },
        {
            "from": [ 8.5, 5.5, 8.5 ], 
            "to": [ 9, 10, 9 ], 
            "faces": {
                "north": { "texture": "#0", "uv": [ 7, 6, 7.5, 10.5 ] },
                "east": { "texture": "#0", "uv": [ 7, 6, 7.5, 10.5 ] },
                "south": { "texture": "#0", "uv": [ 7, 6, 7.5, 10.5 ] },
                "west": { "texture": "#0", "uv": [ 7, 6, 7.5, 10.5 ] },
                "up": { "texture": "#0", "uv": [ 8.5, 4, 9, 4.5 ] }
            }
        },
        {
            "from": [ 7, 5.5, 8.5 ], 
            "to": [ 7.5, 10, 9 ], 
            "faces": {
                "north": { "texture": "#0", "uv": [ 8.5, 6, 9, 10.5 ] },
                "east": { "texture": "#0", "uv": [ 8.5, 6, 9, 10.5 ] },
                "south": { "texture": "#0", "uv": [ 8.5, 6, 9, 10.5 ] },
                "west": { "texture": "#0", "uv": [ 8.5, 6, 9, 10.5 ] },
                "up": { "texture": "#0", "uv": [ 8.5, 4, 9, 4.5 ] }
            }
        },
        {
            "from": [ 7, 6.5, 7 ], 
            "to": [ 9, 7, 9 ], 
            "faces": {
                "north": { "texture": "#0", "uv": [ 7, 9, 9, 9.5 ] },
                "east": { "texture": "#0", "uv": [ 9, 9, 7, 9.5 ] },
                "south": { "texture": "#0", "uv": [ 7, 9, 9, 9.5 ] },
                "west": { "texture": "#0", "uv": [ 9, 9, 7, 9.5 ] },
                "up": { "texture": "#0", "uv": [ 7.5, 5.5, 8.5, 6.5 ] },
                "down": { "texture": "#0", "uv": [ 8.5, 5.5, 7.5, 6.5 ] }
            }
        },
        {
            "from": [ 7, 8, 7 ], 
            "to": [ 9, 8.5, 9 ], 
            "faces": {
                "north": { "texture": "#0", "uv": [ 9, 7.5, 7, 8 ] },
                "east": { "texture": "#0", "uv": [ 7, 7.5, 9, 8 ] },
                "south": { "texture": "#0", "uv": [ 9, 7.5, 7, 8 ] },
                "west": { "texture": "#0", "uv": [ 7, 7.5, 9, 8 ] },
                "up": { "texture": "#0", "uv": [ 7.5, 5.5, 8.5, 6.5 ] },
                "down": { "texture": "#0", "uv": [ 8.5, 5.5, 7.5, 6.5 ] }
            }
        },
        {
            "from": [ 7, 9.5, 7.5 ], 
            "to": [ 7.5, 10, 8.5 ], 
            "faces": {
                "east": { "texture": "#0", "uv": [ 8.5, 7.5, 7.5, 8 ] },
                "west": { "texture": "#0", "uv": [ 7.5, 5.5, 8.5, 6 ] },
                "up": { "texture": "#0", "uv": [ 7, 4.5, 7.5, 5.5 ] },
                "down": { "texture": "#0", "uv": [ 7, 5.5, 7.5, 4.5 ] }
            }
        },
        {
            "from": [ 8.5, 9.5, 7.5 ], 
            "to": [ 9, 10, 8.5 ], 
            "faces": {
                "east": { "texture": "#0", "uv": [ 8.5, 4, 7.5, 4.5 ] },
                "west": { "texture": "#0", "uv": [ 7.5, 4, 8.5, 4.5 ] },
                "up": { "texture": "#0", "uv": [ 7, 5.5, 7.5, 4.5 ] },
                "down": { "texture": "#0", "uv": [ 7, 4.5, 7.5, 5.5 ] }
            }
        },
        {
            "from": [ 7.5, 9.5, 7 ], 
            "to": [ 8.5, 10, 7.5 ], 
            "faces": {
                "north": { "texture": "#0", "uv": [ 7.5, 4.002, 8.5, 4.498 ] },
                "south": { "texture": "#0", "uv": [ 8.5, 4, 7.5, 4.5 ] },
                "up": { "texture": "#0", "uv": [ 8.5, 4.002, 7.5, 4.498 ] },
                "down": { "texture": "#0", "uv": [ 7.5, 5.5, 8.5, 6 ] }
            }
        },
        {
            "from": [ 7.5, 9.5, 8.5 ], 
            "to": [ 8.5, 10, 9 ], 
            "faces": {
                "north": { "texture": "#0", "uv": [ 8.5, 4, 7.5, 4.5 ] },
                "south": { "texture": "#0", "uv": [ 7.5, 4.002, 8.5, 4.498 ] },
                "up": { "texture": "#0", "uv": [ 7.5, 4.002, 8.5, 4.498 ] },
                "down": { "texture": "#0", "uv": [ 7.5, 4, 8.5, 4.5 ] }
            }
        },
        {
            "from": [ 7.5, 5.5, 7.5 ], 
            "to": [ 8.5, 9.5, 8.5 ], 
            "faces": {
                "north": { "texture": "#0", "uv": [ 8.5, 6.5, 7.5, 10.5 ] },
                "east": { "texture": "#0", "uv": [ 7.5, 6.5, 8.5, 10.5 ] },
                "south": { "texture": "#0", "uv": [ 8.5, 6.5, 7.5, 10.5 ] },
                "west": { "texture": "#0", "uv": [ 7.5, 6.5, 8.5, 10.5 ] },
                "up": { "texture": "#0", "uv": [ 7.5, 4.5, 8.5, 5.5 ] }
            }
        }
    ],
"display": {
    "thirdperson_righthand": {
        "rotation": [ 0, 0, 0 ],
        "translation": [ 0, 5, 2 ],
        "scale": [ 1, 1, 1 ]
    },
    "thirdperson_lefthand": {
        "rotation": [ 0, 0, 0 ],
        "translation": [ 0, 5, 2 ],
        "scale": [ 1, 1, 1 ]
    },
    "head": {
        "rotation": [ 0, 0, 0 ],
        "translation": [ 0, 14.4, 0 ],
        "scale": [ 1, 1, 1 ]
    },
    "ground": {
        "rotation": [ 0, 0, 0 ],
        "translation": [ 0, 2, 0 ],
        "scale": [ 0.5, 0.5, 0.5 ]
    },
    "fixed": {
        "rotation": [ 0, 0, 0 ],
        "translation": [ 0, 0, 0 ],
        "scale": [ 1, 1, 1 ]
    },
    "firstperson_righthand": {
        "rotation": [ 0, -90, 25 ],
        "translation": [ 1, 3, 1 ],
        "scale": [ 0.68, 0.68, 0.68 ]
    },
    "firstperson_lefthand": {
        "rotation": [ 0, 90, -25 ],
        "translation": [ -2, 3, 1 ],
        "scale": [ 0.68, 0.68, 0.68 ]
    },
    "gui": {
        "rotation": [ 0, 180, 0 ],
        "translation": [ 0, 0, 0 ],
        "scale": [ 1, 1, 1 ]
    }
}
}