{
    "__comment": "Created by Filal",
    "textures": {
        "particle": "block/redstone_torch_particle",
        "0": "block/redstone_torch"
    },
    "elements": [
        {
            "from": [ 16, 3, 7 ], 
            "to": [ 18, 8.5, 9 ], 
            "rotation": { "origin": [ 16, 3, 8 ], "axis": "z", "angle": 22.5 },
            "faces": {
                "north": { "texture": "#0", "uv": [ 9, 10.5, 7, 16 ] },
                "east": { "texture": "#0", "uv": [ 7, 10.5, 9, 16 ] },
                "south": { "texture": "#0", "uv": [ 9, 10.5, 7, 16 ] },
                "west": { "texture": "#0", "uv": [ 7, 10.5, 9, 16 ] },
                "up": { "texture": "#0", "uv": [ 7.5, 5.5, 8.5, 6.5 ] }
            }
        },
        {
            "from": [ 16, 8.5, 7 ], 
            "to": [ 16.5, 13, 7.5 ], 
            "rotation": { "origin": [ 16, 3, 8 ], "axis": "z", "angle": 22.5 },
            "faces": {
                "north": { "texture": "#0", "uv": [ 7, 6, 7.5, 10.5 ] },
                "east": { "texture": "#0", "uv": [ 7, 6, 7.5, 10.5 ] },
                "south": { "texture": "#0", "uv": [ 7, 6, 7.5, 10.5 ] },
                "west": { "texture": "#0", "uv": [ 7, 6, 7.5, 10.5 ] },
                "up": { "texture": "#0", "uv": [ 7, 4, 7.5, 4.5 ] }
            }
        },
        {
            "from": [ 17.5, 8.5, 7 ], 
            "to": [ 18, 13, 7.5 ], 
            "rotation": { "origin": [ 16, 3, 8 ], "axis": "z", "angle": 22.5 },
            "faces": {
                "north": { "texture": "#0", "uv": [ 8.5, 6, 9, 10.5 ] },
                "east": { "texture": "#0", "uv": [ 8.5, 6, 9, 10.5 ] },
                "south": { "texture": "#0", "uv": [ 8.5, 6, 9, 10.5 ] },
                "west": { "texture": "#0", "uv": [ 8.5, 6, 9, 10.5 ] },
                "up": { "texture": "#0", "uv": [ 7, 5.5, 7.5, 6 ] }
            }
        },
        {
            "from": [ 17.5, 8.5, 8.5 ], 
            "to": [ 18, 13, 9 ], 
            "rotation": { "origin": [ 16, 3, 8 ], "axis": "z", "angle": 22.5 },
            "faces": {
                "north": { "texture": "#0", "uv": [ 7, 6, 7.5, 10.5 ] },
                "east": { "texture": "#0", "uv": [ 7, 6, 7.5, 10.5 ] },
                "south": { "texture": "#0", "uv": [ 7, 6, 7.5, 10.5 ] },
                "west": { "texture": "#0", "uv": [ 7, 6, 7.5, 10.5 ] },
                "up": { "texture": "#0", "uv": [ 8.5, 4, 9, 4.5 ] }
            }
        },
        {
            "from": [ 16, 8.5, 8.5 ], 
            "to": [ 16.5, 13, 9 ], 
            "rotation": { "origin": [ 16, 3, 8 ], "axis": "z", "angle": 22.5 },
            "faces": {
                "north": { "texture": "#0", "uv": [ 8.5, 6, 9, 10.5 ] },
                "east": { "texture": "#0", "uv": [ 8.5, 6, 9, 10.5 ] },
                "south": { "texture": "#0", "uv": [ 8.5, 6, 9, 10.5 ] },
                "west": { "texture": "#0", "uv": [ 8.5, 6, 9, 10.5 ] },
                "up": { "texture": "#0", "uv": [ 8.5, 4, 9, 4.5 ] }
            }
        },
        {
            "from": [ 16, 9.5, 7 ], 
            "to": [ 18, 10, 9 ], 
            "rotation": { "origin": [ 16, 3, 8 ], "axis": "z", "angle": 22.5 },
            "faces": {
                "north": { "texture": "#0", "uv": [ 7, 9, 9, 9.5 ] },
                "east": { "texture": "#0", "uv": [ 9, 9, 7, 9.5 ] },
                "south": { "texture": "#0", "uv": [ 7, 9, 9, 9.5 ] },
                "west": { "texture": "#0", "uv": [ 9, 9, 7, 9.5 ] },
                "up": { "texture": "#0", "uv": [ 7.5, 5.5, 8.5, 6.5 ] },
                "down": { "texture": "#0", "uv": [ 8.5, 5.5, 7.5, 6.5 ] }
            }
        },
        {
            "from": [ 16, 11, 7 ], 
            "to": [ 18, 11.5, 9 ], 
            "rotation": { "origin": [ 16, 3, 8 ], "axis": "z", "angle": 22.5 },
            "faces": {
                "north": { "texture": "#0", "uv": [ 9, 7.5, 7, 8 ] },
                "east": { "texture": "#0", "uv": [ 7, 7.5, 9, 8 ] },
                "south": { "texture": "#0", "uv": [ 9, 7.5, 7, 8 ] },
                "west": { "texture": "#0", "uv": [ 7, 7.5, 9, 8 ] },
                "up": { "texture": "#0", "uv": [ 7.5, 5.5, 8.5, 6.5 ] },
                "down": { "texture": "#0", "uv": [ 8.5, 5.5, 7.5, 6.5 ] }
            }
        },
        {
            "from": [ 16, 12.5, 7.5 ], 
            "to": [ 16.5, 13, 8.5 ], 
            "rotation": { "origin": [ 16, 3, 8 ], "axis": "z", "angle": 22.5 },
            "faces": {
                "east": { "texture": "#0", "uv": [ 8.5, 7.5, 7.5, 8 ] },
                "west": { "texture": "#0", "uv": [ 7.5, 5.5, 8.5, 6 ] },
                "up": { "texture": "#0", "uv": [ 7, 4.5, 7.5, 5.5 ] },
                "down": { "texture": "#0", "uv": [ 7, 5.5, 7.5, 4.5 ] }
            }
        },
        {
            "from": [ 17.5, 12.5, 7.5 ], 
            "to": [ 18, 13, 8.5 ], 
            "rotation": { "origin": [ 16, 3, 8 ], "axis": "z", "angle": 22.5 },
            "faces": {
                "east": { "texture": "#0", "uv": [ 8.5, 4, 7.5, 4.5 ] },
                "west": { "texture": "#0", "uv": [ 7.5, 4, 8.5, 4.5 ] },
                "up": { "texture": "#0", "uv": [ 7, 5.5, 7.5, 4.5 ] },
                "down": { "texture": "#0", "uv": [ 7, 4.5, 7.5, 5.5 ] }
            }
        },
        {
            "from": [ 16.5, 12.5, 7 ], 
            "to": [ 17.5, 13, 7.5 ], 
            "rotation": { "origin": [ 16, 3, 8 ], "axis": "z", "angle": 22.5 },
            "faces": {
                "north": { "texture": "#0", "uv": [ 7.5, 4.002, 8.5, 4.498 ] },
                "south": { "texture": "#0", "uv": [ 8.5, 4, 7.5, 4.5 ] },
                "up": { "texture": "#0", "uv": [ 8.5, 4.002, 7.5, 4.498 ] },
                "down": { "texture": "#0", "uv": [ 7.5, 5.5, 8.5, 6 ] }
            }
        },
        {
            "from": [ 16.5, 12.5, 8.5 ], 
            "to": [ 17.5, 13, 9 ], 
            "rotation": { "origin": [ 16, 3, 8 ], "axis": "z", "angle": 22.5 },
            "faces": {
                "north": { "texture": "#0", "uv": [ 8.5, 4, 7.5, 4.5 ] },
                "south": { "texture": "#0", "uv": [ 7.5, 4.002, 8.5, 4.498 ] },
                "up": { "texture": "#0", "uv": [ 7.5, 4.002, 8.5, 4.498 ] },
                "down": { "texture": "#0", "uv": [ 7.5, 4, 8.5, 4.5 ] }
            }
        },
        {
            "from": [ 16.5, 8.5, 7.5 ], 
            "to": [ 17.5, 12.5, 8.5 ], 
            "rotation": { "origin": [ 16, 3, 8 ], "axis": "z", "angle": 22.5 },
            "faces": {
                "north": { "texture": "#0", "uv": [ 8.5, 6.5, 7.5, 10.5 ] },
                "east": { "texture": "#0", "uv": [ 7.5, 6.5, 8.5, 10.5 ] },
                "south": { "texture": "#0", "uv": [ 8.5, 6.5, 7.5, 10.5 ] },
                "west": { "texture": "#0", "uv": [ 7.5, 6.5, 8.5, 10.5 ] },
                "up": { "texture": "#0", "uv": [ 7.5, 4.5, 8.5, 5.5 ] }
            }
        }
    ]
}