{
	"credit": "Made By WantedRobot",
	"ambientocclusion": false,
	"textures": {
		"seagrass": "block/seagrass",
		"particle": "block/seagrass"
	},
	"elements": [
		{
			"from": [4, 0, 0],
			"to": [4, 16, 16],
			"shade": false,
			"rotation": {"angle": -22.5, "axis": "y", "origin": [8, 8, 8]},
			"faces": {
				"east": {"uv": [0, 0, 16, 16], "texture": "#seagrass", "tintindex": 0},
				"west": {"uv": [0, 0, 16, 16], "texture": "#seagrass", "tintindex": 0}
			}
		},
		{
			"from": [0, 0, 4],
			"to": [16, 16, 4],
			"shade": false,
			"rotation": {"angle": -22.5, "axis": "y", "origin": [8, 8, 8]},
			"faces": {
				"north": {"uv": [0, 0, 16, 16], "texture": "#seagrass", "tintindex": 0},
				"south": {"uv": [0, 0, 16, 16], "texture": "#seagrass", "tintindex": 0}
			}
		},
		{
			"from": [0, 0, 12],
			"to": [16, 16, 12],
			"shade": false,
			"rotation": {"angle": -22.5, "axis": "y", "origin": [8, 8, 8]},
			"faces": {
				"north": {"uv": [0, 0, 16, 16], "texture": "#seagrass", "tintindex": 0},
				"south": {"uv": [0, 0, 16, 16], "texture": "#seagrass", "tintindex": 0}
			}
		},
		{
			"from": [12, 0, 0],
			"to": [12, 16, 16],
			"shade": false,
			"rotation": {"angle": -22.5, "axis": "y", "origin": [8, 8, 8]},
			"faces": {
				"east": {"uv": [0, 0, 16, 16], "texture": "#seagrass", "tintindex": 0},
				"west": {"uv": [0, 0, 16, 16], "texture": "#seagrass", "tintindex": 0}
			}
		}
	]
}