{
	"credit": "Made By WantedRobot",
	"ambientocclusion": false,
	"textures": {
		"cocoa": "block/cocoa_stage1"
	},
	"elements": [
		{
			"from": [6.6, 6.8, 12.6],
			"to": [9.4, 10.3, 15.4],
			"faces": {
				"north": {"uv": [9, 4, 15, 9.5], "texture": "#cocoa"},
				"east": {"uv": [9, 4, 15, 9.5], "texture": "#cocoa"},
				"south": {"uv": [9, 4, 15, 9.5], "texture": "#cocoa"},
				"west": {"uv": [9, 4, 15, 9.5], "texture": "#cocoa"},
				"up": {"uv": [0, 0, 6, 6], "texture": "#cocoa"},
				"down": {"uv": [0, 0, 6, 6], "texture": "#cocoa"}
			}
		},
		{
			"from": [8, 10.65, 12.6],
			"to": [8, 13.45, 16.1],
			"faces": {
				"east": {"uv": [16, 0, 11, 4], "texture": "#cocoa"},
				"west": {"uv": [11, 0, 16, 4], "texture": "#cocoa"}
			}
		},
		{
			"from": [6.95, 4.7, 12.95],
			"to": [9.05, 10.65, 15.05],
			"faces": {
				"north": {"uv": [9, 4, 15, 10], "texture": "#cocoa"},
				"east": {"uv": [9, 4, 15, 10], "texture": "#cocoa"},
				"south": {"uv": [9, 4, 15, 10], "texture": "#cocoa"},
				"west": {"uv": [9, 4, 15, 10], "texture": "#cocoa"},
				"up": {"uv": [0, 0, 6, 6], "texture": "#cocoa"},
				"down": {"uv": [0, 0, 6, 6], "texture": "#cocoa"}
			}
		},
		{
			"from": [7.3, 4, 13.3],
			"to": [8.7, 4.7, 14.7],
			"faces": {
				"north": {"uv": [9, 9.5, 15, 11], "texture": "#cocoa"},
				"east": {"uv": [9, 9.5, 15, 11], "texture": "#cocoa"},
				"south": {"uv": [9, 9.5, 15, 11], "texture": "#cocoa"},
				"west": {"uv": [9, 9.5, 15, 11], "texture": "#cocoa"},
				"down": {"uv": [0, 0, 6, 6], "texture": "#cocoa"}
			}
		},
		{
			"from": [9.575, 5.4, 12.6],
			"to": [12.375, 8.9, 15.4],
			"rotation": {"angle": -22.5, "axis": "z", "origin": [10.975, 6.1, 10.5]},
			"faces": {
				"north": {"uv": [9, 4, 15, 9.5], "texture": "#cocoa"},
				"east": {"uv": [9, 4, 15, 9.5], "texture": "#cocoa"},
				"south": {"uv": [9, 4, 15, 9.5], "texture": "#cocoa"},
				"west": {"uv": [9, 4, 15, 9.5], "texture": "#cocoa"},
				"up": {"uv": [0, 0, 6, 6], "texture": "#cocoa"},
				"down": {"uv": [0, 0, 6, 6], "texture": "#cocoa"}
			}
		},
		{
			"from": [11.5, 8.375, 12.6],
			"to": [11.5, 11.175, 16.1],
			"rotation": {"angle": 22.5, "axis": "z", "origin": [10.975, 10.65, 14.35]},
			"faces": {
				"east": {"uv": [16, 0, 11, 4], "texture": "#cocoa"},
				"west": {"uv": [11, 0, 16, 4], "texture": "#cocoa"}
			}
		},
		{
			"from": [9.925, 3.3, 12.95],
			"to": [12.025, 9.25, 15.05],
			"rotation": {"angle": -22.5, "axis": "z", "origin": [10.975, 6.1, 10.5]},
			"faces": {
				"north": {"uv": [9, 4, 15, 10], "texture": "#cocoa"},
				"east": {"uv": [9, 4, 15, 10], "texture": "#cocoa"},
				"south": {"uv": [9, 4, 15, 10], "texture": "#cocoa"},
				"west": {"uv": [9, 4, 15, 10], "texture": "#cocoa"},
				"up": {"uv": [0, 0, 6, 6], "texture": "#cocoa"},
				"down": {"uv": [0, 0, 6, 6], "texture": "#cocoa"}
			}
		},
		{
			"from": [10.275, 2.6, 13.3],
			"to": [11.675, 3.3, 14.7],
			"rotation": {"angle": -22.5, "axis": "z", "origin": [10.975, 6.1, 10.5]},
			"faces": {
				"north": {"uv": [9, 9.5, 15, 11], "texture": "#cocoa"},
				"east": {"uv": [9, 9.5, 15, 11], "texture": "#cocoa"},
				"south": {"uv": [9, 9.5, 15, 11], "texture": "#cocoa"},
				"west": {"uv": [9, 9.5, 15, 11], "texture": "#cocoa"},
				"down": {"uv": [0, 0, 6, 6], "texture": "#cocoa"}
			}
		}
	],
	"groups": [
		{
			"name": "group",
			"children": [0, 1, 2, 3]
		},
		{
			"name": "group4",
			"children": [4, 5, 6, 7]
		}
	]
}