{
	"credit": "Made By WantedRobot",
	"ambientocclusion": false,
	"textures": {
		"cocoa": "block/cocoa_stage0",
		"particle": "block/cocoa_stage0"
	},
	"elements": [
		{
			"from": [8, 12.1125, 14],
			"to": [8, 14.2125, 16.1],
			"faces": {
				"east": {"uv": [16, 0, 12, 4], "texture": "#cocoa"},
				"west": {"uv": [12, 0, 16, 4], "texture": "#cocoa"}
			}
		},
		{
			"from": [6.95, 9.225, 13.475],
			"to": [9.05, 11.85, 15.575],
			"faces": {
				"north": {"uv": [11, 4, 15, 8.5], "texture": "#cocoa"},
				"east": {"uv": [11, 4, 15, 8.5], "texture": "#cocoa"},
				"south": {"uv": [11, 4, 15, 8.5], "texture": "#cocoa"},
				"west": {"uv": [11, 4, 15, 8.5], "texture": "#cocoa"},
				"up": {"uv": [0, 0, 4, 4], "texture": "#cocoa"},
				"down": {"uv": [0, 0, 4, 4], "texture": "#cocoa"}
			}
		},
		{
			"from": [7.2125, 7.65, 13.7375],
			"to": [8.7875, 12.1125, 15.3125],
			"faces": {
				"north": {"uv": [11, 4, 15, 8.5], "texture": "#cocoa"},
				"east": {"uv": [11, 4, 15, 8.5], "texture": "#cocoa"},
				"south": {"uv": [11, 4, 15, 8.5], "texture": "#cocoa"},
				"west": {"uv": [11, 4, 15, 8.5], "texture": "#cocoa"},
				"up": {"uv": [0, 0, 4, 4], "texture": "#cocoa"},
				"down": {"uv": [0, 0, 4, 4], "texture": "#cocoa"}
			}
		},
		{
			"from": [7.475, 7.125, 14],
			"to": [8.525, 7.65, 15.05],
			"faces": {
				"north": {"uv": [11, 7.5, 15, 9], "texture": "#cocoa"},
				"east": {"uv": [11, 7.5, 15, 9], "texture": "#cocoa"},
				"south": {"uv": [11, 7.5, 15, 9], "texture": "#cocoa"},
				"west": {"uv": [11, 7.5, 15, 9], "texture": "#cocoa"},
				"down": {"uv": [0, 0, 4, 4], "texture": "#cocoa"}
			}
		}
	]
}