{
    "variants": {
        "": [
			{ "model": "block/allium" },
			{ "model": "block/allium", "y": 90 },
			{ "model": "block/allium", "y": 180 },
			{ "model": "block/allium", "y": 270 },
			{ "model": "block/allium1" },
			{ "model": "block/allium1", "y": 90 },
			{ "model": "block/allium1", "y": 180 },
			{ "model": "block/allium1", "y": 270 },
			{ "model": "block/allium2" },
			{ "model": "block/allium2", "y": 90 },
			{ "model": "block/allium2", "y": 180 },
			{ "model": "block/allium2", "y": 270 },
			{ "model": "block/allium3" },
			{ "model": "block/allium3", "y": 90 },
			{ "model": "block/allium3", "y": 180 },
			{ "model": "block/allium3", "y": 270 }
		]
    }
}
