{
    "__comment": "Created by Filal",
    "variants": {
        "":  [
            { "model": "block/birch_leaves" },
            { "model": "block/birch_leaves2" },
            { "model": "block/birch_leaves2", "y": 90 },
            { "model": "block/birch_leaves2", "y": 180 },
            { "model": "block/birch_leaves2", "y": 270 },
            { "model": "block/birch_leaves1" },
            { "model": "block/birch_leaves1", "y": 90 },
            { "model": "block/birch_leaves1", "y": 180 },
            { "model": "block/birch_leaves1", "y": 270 }
        ]
    }
}
