{
    "variants": {
        "type=bottom": [
            { "model": "block/brick_slab" },
            { "model": "block/brick_slab1" },
            { "model": "block/brick_slab2" },
            { "model": "block/brick_slab3" }
        ],
        "type=top": [
            { "model": "block/brick_slab_top" },
            { "model": "block/brick_slab_top1" },
            { "model": "block/brick_slab_top2" },
            { "model": "block/brick_slab_top3" }
        ],
        "type=double": [
            { "model": "block/bricks" },
            { "model": "block/bricks1" },
            { "model": "block/bricks2" },
            { "model": "block/bricks3" }
        ]
    }
}
