{
    "__comment": "Created by Filal",
    "variants": {
        "":  [
            { "model": "block/dark_oak_leaves", "weight": 2 },
            { "model": "block/dark_oak_leaves2", "weight": 1 },
            { "model": "block/dark_oak_leaves2", "y": 90, "weight": 1 },
            { "model": "block/dark_oak_leaves2", "y": 180, "weight": 1 },
            { "model": "block/dark_oak_leaves2", "y": 270, "weight": 1 },
            { "model": "block/dark_oak_leaves1", "weight": 3 },
            { "model": "block/dark_oak_leaves1", "y": 90, "weight": 3 },
            { "model": "block/dark_oak_leaves1", "y": 180, "weight": 3 },
            { "model": "block/dark_oak_leaves1", "y": 270, "weight": 3 }
        ]
    }
}
