{
    "__comment": "JimStoneCraft - 2014",
    "variants": {
        "": [
            { "model": "block/pink_tulip1" },
            { "model": "block/pink_tulip1", "y": 90 },
            { "model": "block/pink_tulip1", "y": 180 },
            { "model": "block/pink_tulip1", "y": 270 },
            { "model": "block/pink_tulip2" },
            { "model": "block/pink_tulip2", "y": 90 },
            { "model": "block/pink_tulip2", "y": 180 },
            { "model": "block/pink_tulip2", "y": 270 },
            { "model": "block/pink_tulip" },
            { "model": "block/pink_tulip", "y": 90 },
            { "model": "block/pink_tulip", "y": 180 },
            { "model": "block/pink_tulip", "y": 270 },
            { "model": "block/pink_tulip3" },
            { "model": "block/pink_tulip3", "y": 90 },
            { "model": "block/pink_tulip3", "y": 180 },
            { "model": "block/pink_tulip3", "y": 270 }
        ]
    }
}
