{
    "__comment": "Created by Filal",
    "variants": {
        "snowy=false": [
             { "model": "block/podzol", "weight": 60 },
             { "model": "block/podzol1", "weight": 30 },
             { "model": "block/podzol2", "weight": 2 },
             { "model": "block/podzol2", "y": 90, "weight": 2 },
             { "model": "block/podzol2", "y": 180, "weight": 2 },
             { "model": "block/podzol2", "y": 270, "weight": 2 },
             { "model": "block/podzol3", "weight": 2 },
             { "model": "block/podzol3", "y": 90, "weight": 2 },
             { "model": "block/podzol3", "y": 180, "weight": 2 },
             { "model": "block/podzol3", "y": 270, "weight": 2 },
             { "model": "block/podzol4", "weight": 2 },
             { "model": "block/podzol4", "y": 90, "weight": 2 },
             { "model": "block/podzol4", "y": 180, "weight": 2 },
             { "model": "block/podzol4", "y": 270, "weight": 2 }
        ],
        "snowy=true": [
             { "model": "block/grass_block_snow" }
        ]
    }
}
