{
    "variants": {
        "": [
                   { "model": "block/potted_orange_tulip" },
                   { "model": "block/potted_orange_tulip_1" },
                   { "model": "block/potted_orange_tulip_2" },
                   { "model": "block/potted_orange_tulip_3" },
                   { "model": "block/potted_orange_tulip", "y": 90 },
                   { "model": "block/potted_orange_tulip_1", "y": 90 },
                   { "model": "block/potted_orange_tulip_2", "y": 90 },
                   { "model": "block/potted_orange_tulip_3", "y": 90 },
                   { "model": "block/potted_orange_tulip", "y": 180 },
                   { "model": "block/potted_orange_tulip_1", "y": 180 },
                   { "model": "block/potted_orange_tulip_2", "y": 180 },
                   { "model": "block/potted_orange_tulip_3", "y": 180 },
                   { "model": "block/potted_orange_tulip", "y": 270 },
                   { "model": "block/potted_orange_tulip_1", "y": 270 },
                   { "model": "block/potted_orange_tulip_2", "y": 270 },
                   { "model": "block/potted_orange_tulip_3", "y": 270 },
                   { "model": "block/potted_orange_tulip1" },
                   { "model": "block/potted_orange_tulip1_1" },
                   { "model": "block/potted_orange_tulip1_2" },
                   { "model": "block/potted_orange_tulip1_3" },
                   { "model": "block/potted_orange_tulip1", "y": 90 },
                   { "model": "block/potted_orange_tulip1_1", "y": 90 },
                   { "model": "block/potted_orange_tulip1_2", "y": 90 },
                   { "model": "block/potted_orange_tulip1_3", "y": 90 },
                   { "model": "block/potted_orange_tulip1", "y": 180 },
                   { "model": "block/potted_orange_tulip1_1", "y": 180 },
                   { "model": "block/potted_orange_tulip1_2", "y": 180 },
                   { "model": "block/potted_orange_tulip1_3", "y": 180 },
                   { "model": "block/potted_orange_tulip1", "y": 270 },
                   { "model": "block/potted_orange_tulip1_1", "y": 270 },
                   { "model": "block/potted_orange_tulip1_2", "y": 270 },
                   { "model": "block/potted_orange_tulip1_3", "y": 270 },
                   { "model": "block/potted_orange_tulip2" },
                   { "model": "block/potted_orange_tulip2_1" },
                   { "model": "block/potted_orange_tulip2_2" },
                   { "model": "block/potted_orange_tulip2_3" },
                   { "model": "block/potted_orange_tulip2", "y": 90 },
                   { "model": "block/potted_orange_tulip2_1", "y": 90 },
                   { "model": "block/potted_orange_tulip2_2", "y": 90 },
                   { "model": "block/potted_orange_tulip2_3", "y": 90 },
                   { "model": "block/potted_orange_tulip2", "y": 180 },
                   { "model": "block/potted_orange_tulip2_1", "y": 180 },
                   { "model": "block/potted_orange_tulip2_2", "y": 180 },
                   { "model": "block/potted_orange_tulip2_3", "y": 180 },
                   { "model": "block/potted_orange_tulip2", "y": 270 },
                   { "model": "block/potted_orange_tulip2_1", "y": 270 },
                   { "model": "block/potted_orange_tulip2_2", "y": 270 },
                   { "model": "block/potted_orange_tulip2_3", "y": 270 },
                   { "model": "block/potted_orange_tulip3" },
                   { "model": "block/potted_orange_tulip3_1" },
                   { "model": "block/potted_orange_tulip3_2" },
                   { "model": "block/potted_orange_tulip3_3" },
                   { "model": "block/potted_orange_tulip3", "y": 90 },
                   { "model": "block/potted_orange_tulip3_1", "y": 90 },
                   { "model": "block/potted_orange_tulip3_2", "y": 90 },
                   { "model": "block/potted_orange_tulip3_3", "y": 90 },
                   { "model": "block/potted_orange_tulip3", "y": 180 },
                   { "model": "block/potted_orange_tulip3_1", "y": 180 },
                   { "model": "block/potted_orange_tulip3_2", "y": 180 },
                   { "model": "block/potted_orange_tulip3_3", "y": 180 },
                   { "model": "block/potted_orange_tulip3", "y": 270 },
                   { "model": "block/potted_orange_tulip3_1", "y": 270 },
                   { "model": "block/potted_orange_tulip3_2", "y": 270 },
                   { "model": "block/potted_orange_tulip3_3", "y": 270 }
		]
    }
}
