{
    "variants": {
        "": [
			{ "model": "block/potted_azure_bluet" },
			{ "model": "block/potted_azure_bluet", "y": 90 },
			{ "model": "block/potted_azure_bluet", "y": 180 },
			{ "model": "block/potted_azure_bluet", "y": 270 },
			{ "model": "block/potted_azure_bluet1" },
			{ "model": "block/potted_azure_bluet1", "y": 90 },
			{ "model": "block/potted_azure_bluet1", "y": 180 },
			{ "model": "block/potted_azure_bluet1", "y": 270 },
			{ "model": "block/potted_azure_bluet2" },
			{ "model": "block/potted_azure_bluet2", "y": 90 },
			{ "model": "block/potted_azure_bluet2", "y": 180 },
			{ "model": "block/potted_azure_bluet2", "y": 270 },
			{ "model": "block/potted_azure_bluet3" },
			{ "model": "block/potted_azure_bluet3", "y": 90 },
			{ "model": "block/potted_azure_bluet3", "y": 180 },
			{ "model": "block/potted_azure_bluet3", "y": 270 }
		]
    }
}
