{
    "variants": {
        "": [
			{ "model": "block/potted_oxeye_daisy" },
			{ "model": "block/potted_oxeye_daisy", "y": 90 },
			{ "model": "block/potted_oxeye_daisy", "y": 180 },
			{ "model": "block/potted_oxeye_daisy", "y": 270 },
			{ "model": "block/potted_oxeye_daisy1" },
			{ "model": "block/potted_oxeye_daisy1", "y": 90 },
			{ "model": "block/potted_oxeye_daisy1", "y": 180 },
			{ "model": "block/potted_oxeye_daisy1", "y": 270 },
			{ "model": "block/potted_oxeye_daisy2" },
			{ "model": "block/potted_oxeye_daisy2", "y": 90 },
			{ "model": "block/potted_oxeye_daisy2", "y": 180 },
			{ "model": "block/potted_oxeye_daisy2", "y": 270 },
			{ "model": "block/potted_oxeye_daisy3" },
			{ "model": "block/potted_oxeye_daisy3", "y": 90 },
			{ "model": "block/potted_oxeye_daisy3", "y": 180 },
			{ "model": "block/potted_oxeye_daisy3", "y": 270 }
		]
    }
}
