{
    "variants": {
        "": [
			{ "model": "block/potted_allium3" },
			{ "model": "block/potted_allium3", "y": 90 },
			{ "model": "block/potted_allium3", "y": 180 },
			{ "model": "block/potted_allium3", "y": 270 },
			{ "model": "block/potted_allium2" },
			{ "model": "block/potted_allium2", "y": 90 },
			{ "model": "block/potted_allium2", "y": 180 },
			{ "model": "block/potted_allium2", "y": 270 },
			{ "model": "block/potted_allium1" },
			{ "model": "block/potted_allium1", "y": 90 },
			{ "model": "block/potted_allium1", "y": 180 },
			{ "model": "block/potted_allium1", "y": 270 },
			{ "model": "block/potted_allium" },
			{ "model": "block/potted_allium", "y": 90 },
			{ "model": "block/potted_allium", "y": 180 },
			{ "model": "block/potted_allium", "y": 270 }
		]
    }
}
