{
    "variants": {
        "": [
			{ "model": "block/potted_fern3" },
			{ "model": "block/potted_fern3", "y": 90 },
			{ "model": "block/potted_fern3", "y": 180 },
			{ "model": "block/potted_fern3", "y": 270 },
			{ "model": "block/potted_fern2" },
			{ "model": "block/potted_fern2", "y": 90 },
			{ "model": "block/potted_fern2", "y": 180 },
			{ "model": "block/potted_fern2", "y": 270 },
			{ "model": "block/potted_fern1" },
			{ "model": "block/potted_fern1", "y": 90 },
			{ "model": "block/potted_fern1", "y": 180 },
			{ "model": "block/potted_fern1", "y": 270 },
			{ "model": "block/potted_fern" },
			{ "model": "block/potted_fern", "y": 90 },
			{ "model": "block/potted_fern", "y": 180 },
			{ "model": "block/potted_fern", "y": 270 }
		]
    }
}
