{
    "variants": {
        "shape=north_south": [
            { "model": "block/rail" },
            { "model": "block/rail2" },
            { "model": "block/rail3" },
            { "model": "block/rail4" }
        ],
        "shape=east_west": [
            { "model": "block/rail", "y": 90 },
            { "model": "block/rail2", "y": 90 },
            { "model": "block/rail3", "y": 90 },
            { "model": "block/rail4", "y": 90 }
        ],
        "shape=ascending_east": { "model": "block/rail_raised", "y": 270 },
        "shape=ascending_west": { "model": "block/rail_raised", "y": 90 },
        "shape=ascending_north": { "model": "block/rail_raised", "y": 180 },
        "shape=ascending_south": { "model": "block/rail_raised" },
        "shape=south_east": [
            { "model": "block/rail_curved", "y": 180, "weight": 3 },
            { "model": "block/rail_curved2", "y": 180, "weight": 1 },
            { "model": "block/rail_curved3", "y": 180, "weight": 1 }
        ],
        "shape=south_west": [
            { "model": "block/rail_curved", "y": 270, "weight": 3 },
            { "model": "block/rail_curved2", "y": 270, "weight": 1 },
            { "model": "block/rail_curved3", "y": 270, "weight": 1 }
        ],
        "shape=north_west": [
            { "model": "block/rail_curved", "weight": 3 },
            { "model": "block/rail_curved2", "weight": 1 },
            { "model": "block/rail_curved3", "weight": 1 }
        ],
        "shape=north_east": [
            { "model": "block/rail_curved", "y": 90, "weight": 3 },
            { "model": "block/rail_curved2", "y": 90, "weight": 1 },
            { "model": "block/rail_curved3", "y": 90, "weight": 1 }
        ]
    }
}
