{
    "variants": {
        "type=bottom": [
            { "model": "block/smooth_stone_slab", "weight": 7 },
            { "model": "block/smooth_stone_slab", "y": 90, "weight": 7 },
            { "model": "block/smooth_stone_slab", "y": 180, "weight": 7 },
            { "model": "block/smooth_stone_slab", "y": 270, "weight": 7 },
            { "model": "block/smooth_stone_slab1", "weight": 3 },
            { "model": "block/smooth_stone_slab1", "y": 90, "weight": 3 },
            { "model": "block/smooth_stone_slab1", "y": 180, "weight": 3 },
            { "model": "block/smooth_stone_slab1", "y": 270, "weight": 3 },
            { "model": "block/smooth_stone_slab2", "weight": 1 },
            { "model": "block/smooth_stone_slab2", "y": 90, "weight": 1 },
            { "model": "block/smooth_stone_slab2", "y": 180, "weight": 1 },
            { "model": "block/smooth_stone_slab2", "y": 270, "weight": 1 },
            { "model": "block/smooth_stone_slab3", "weight": 3 },
            { "model": "block/smooth_stone_slab3", "y": 90, "weight": 3 },
            { "model": "block/smooth_stone_slab3", "y": 180, "weight": 3 },
            { "model": "block/smooth_stone_slab3", "y": 270, "weight": 3 }
        ],
        "type=top": [
            { "model": "block/smooth_stone_slab_top", "weight": 7 },
            { "model": "block/smooth_stone_slab_top", "y": 90, "weight": 7 },
            { "model": "block/smooth_stone_slab_top", "y": 180, "weight": 7 },
            { "model": "block/smooth_stone_slab_top", "y": 270, "weight": 7 },
            { "model": "block/smooth_stone_slab_top1", "weight": 3 },
            { "model": "block/smooth_stone_slab_top1", "y": 90, "weight": 3 },
            { "model": "block/smooth_stone_slab_top1", "y": 180, "weight": 3 },
            { "model": "block/smooth_stone_slab_top1", "y": 270, "weight": 3 },
            { "model": "block/smooth_stone_slab_top2", "weight": 1 },
            { "model": "block/smooth_stone_slab_top2", "y": 90, "weight": 1 },
            { "model": "block/smooth_stone_slab_top2", "y": 180, "weight": 1 },
            { "model": "block/smooth_stone_slab_top2", "y": 270, "weight": 1 },
            { "model": "block/smooth_stone_slab_top3", "weight": 1 },
            { "model": "block/smooth_stone_slab_top3", "y": 90, "weight": 3 },
            { "model": "block/smooth_stone_slab_top3", "y": 180, "weight": 3 },
            { "model": "block/smooth_stone_slab_top3", "y": 270, "weight": 3 }
        ],
        "type=double": [
            { "model": "block/double_smooth_stone_slab", "weight": 7 },
            { "model": "block/double_smooth_stone_slab", "y": 90, "weight": 7 },
            { "model": "block/double_smooth_stone_slab", "y": 180, "weight": 7 },
            { "model": "block/double_smooth_stone_slab", "y": 270, "weight": 7 },
            { "model": "block/double_smooth_stone_slab1", "weight": 3 },
            { "model": "block/double_smooth_stone_slab1", "y": 90, "weight": 3 },
            { "model": "block/double_smooth_stone_slab1", "y": 180, "weight": 3 },
            { "model": "block/double_smooth_stone_slab1", "y": 270, "weight": 3 },
            { "model": "block/double_smooth_stone_slab3", "weight": 3 },
            { "model": "block/double_smooth_stone_slab3", "y": 90, "weight": 3 },
            { "model": "block/double_smooth_stone_slab3", "y": 180, "weight": 3 },
            { "model": "block/double_smooth_stone_slab3", "y": 270, "weight": 3 },
            { "model": "block/double_smooth_stone_slab2", "weight": 1 },
            { "model": "block/double_smooth_stone_slab2", "y": 90, "weight": 1 },
            { "model": "block/double_smooth_stone_slab2", "y": 180, "weight": 1 },
            { "model": "block/double_smooth_stone_slab2", "y": 270, "weight": 1 }
        ]
    }
}
