{
    "__comment": "JimStoneCraft - 2019",
    "parent": "block/block",
    "textures": {
        "particle": "block/bell",
        "bottom": "block/bell",
        "side": "block/bell",
        "top": "block/bell",
        "bar": "block/bell_bar",
        "post": "block/bell_post"
    },
    "elements": [
        {
            "from": [ 0, 12, 6 ],
            "to": [ 2, 16, 10 ],
            "faces": {
                "down":  { "uv": [ 12, 0, 16, 2 ], "texture": "#post", "rotation": 90 },
                "up":    { "uv": [ 12, 2, 16, 4 ], "texture": "#post", "rotation": 90, "cullface": "up" },
                "north": { "uv": [  8, 0, 10, 4 ], "texture": "#post" },
                "south": { "uv": [ 10, 0, 12, 4 ], "texture": "#post" },
                "west":  { "uv": [  0, 0,  4, 4 ], "texture": "#post" },
                "east":  { "uv": [  4, 0,  8, 4 ], "texture": "#post" }
            }
        },
        {
            "from": [ 2, 13, 7 ],
            "to": [ 14, 15, 9 ],
            "faces": {
                "down":  { "uv": [ 0, 0, 14, 2 ], "texture": "#bar" },
                "up":    { "uv": [ 0, 2, 14, 4 ], "texture": "#bar" },
                "north": { "uv": [ 0, 4, 14, 6 ], "texture": "#bar" },
                "south": { "uv": [ 0, 6, 14, 8 ], "texture": "#bar" }
            }
        },
        {
            "from": [ 14, 12, 6 ],
            "to": [ 16, 16, 10 ],
            "faces": {
                "down":  { "uv": [ 12, 0, 16, 2 ], "texture": "#post", "rotation": 90 },
                "up":    { "uv": [ 12, 2, 16, 4 ], "texture": "#post", "rotation": 90, "cullface": "up" },
                "north": { "uv": [ 10, 0, 12, 4 ], "texture": "#post" },
                "south": { "uv": [  8, 0, 10, 4 ], "texture": "#post" },
                "west":  { "uv": [  4, 0,  8, 4 ], "texture": "#post" },
                "east":  { "uv": [  0, 0,  4, 4 ], "texture": "#post" }
            }
        },
        {
            "from": [ 5, 6, 5 ],
            "to": [ 11, 13, 11 ],
            "faces": {
                "down":  { "uv": [ 1, 1,  7, 7 ], "texture": "#bottom" },
                "up":    { "uv": [ 1, 1,  7, 7 ], "texture": "#top" },
                "north": { "uv": [ 9, 0, 15, 7 ], "texture": "#side" },
                "south": { "uv": [ 9, 0, 15, 7 ], "texture": "#side" },
                "west":  { "uv": [ 9, 0, 15, 7 ], "texture": "#side" },
                "east":  { "uv": [ 9, 0, 15, 7 ], "texture": "#side" }
            }
        },
        {
            "from": [ 4, 4, 4 ],
            "to": [ 12, 6, 12 ],
            "faces": {
                "down":  { "uv": [ 0, 8,  8, 16 ], "texture": "#bottom" },
                "up":    { "uv": [ 0, 0,  8,  8 ], "texture": "#top" },
                "north": { "uv": [ 8, 7, 16,  9 ], "texture": "#side" },
                "south": { "uv": [ 8, 7, 16,  9 ], "texture": "#side" },
                "west":  { "uv": [ 8, 7, 16,  9 ], "texture": "#side" },
                "east":  { "uv": [ 8, 7, 16,  9 ], "texture": "#side" }
            }
        }
    ]
}
