{
    "__comment": "JimStoneCraft - 2019",
    "textures": {
        "particle": "block/bell",
        "bar": "block/bell_bar"
    },
    "elements": [
        {
            "from": [ 7, 13, 7 ],
            "to": [ 9, 16, 9 ],
            "faces": {
                "north": {"uv": [  0, 8,  2, 11 ], "texture": "#bar" },
                "east":  {"uv": [  2, 8,  4, 11 ], "texture": "#bar" },
                "south": {"uv": [  4, 8,  6, 11 ], "texture": "#bar" },
                "west":  {"uv": [  6, 8,  8, 11 ], "texture": "#bar" },
                "up":    {"uv": [ 14, 0, 16,  2 ], "texture": "#bar", "cullface": "up" }
            }
        }
    ]
}
