{
    "__comment": "JimStoneCraft - 2018",
    "textures": {
        "particle": "block/brewing_stand",
        "stand": "block/brewing_stand",
        "bottle": "block/brewing_stand"
    },
    "elements": [
        {   "from": [ 8, 0, 7.999 ],
            "to": [ 16, 16, 8.001 ],
            "faces": {
                "north": { "uv": [ 0, 0, 8, 16 ], "texture": "#stand" },
                "south": { "uv": [ 8, 0, 0, 16 ], "texture": "#stand" }
            }
        }
    ]
}
