{
    "__comment": "JimStoneCraft - 2020",
    "parent": "minecraft:block/small_block",
    "display": {
        "head": {
            "rotation": [ 0, 180, 0 ],
            "translation": [ 0, 13, 0 ],
            "scale":[ 0.8, 0.8, 0.8 ]
        },
        "fixed": {
            "rotation": [ 0, 180, 0 ],
            "translation": [ 0, 0, 1 ],
            "scale":[ 0.5, 0.5, 0.5 ]
        }
    },
    "textures": {
        "particle": "minecraft:block/brewing_stand",
        "base": "minecraft:block/brewing_stand_base",
        "stand": "minecraft:block/brewing_stand"
    },
    "elements": [
        {   "from": [ 7, 0, 7 ],
            "to": [ 9, 14, 9 ],
            "faces": {
                "down":  { "uv": [ 7, 7, 9,  9 ], "texture": "#stand", "cullface": "down" },
                "up":    { "uv": [ 7, 7, 9,  9 ], "texture": "#stand" },
                "north": { "uv": [ 7, 2, 9, 16 ], "texture": "#stand" },
                "south": { "uv": [ 7, 2, 9, 16 ], "texture": "#stand" },
                "west":  { "uv": [ 7, 2, 9, 16 ], "texture": "#stand" },
                "east":  { "uv": [ 7, 2, 9, 16 ], "texture": "#stand" }
            }
        },
        {   "from": [ 9, 0, 5 ],
            "to": [ 15, 2, 11 ],
            "faces": {
                "down":  { "uv": [  9,  5, 15, 11 ], "texture": "#base", "cullface": "down" },
                "up":    { "uv": [  9,  5, 15, 11 ], "texture": "#base" },
                "north": { "uv": [ 15,  3,  9,  5 ], "texture": "#base" },
                "south": { "uv": [  9, 11, 15, 13 ], "texture": "#base" },
                "west":  { "uv": [  9,  3, 15,  5 ], "texture": "#base" },
                "east":  { "uv": [  9, 11, 15, 13 ], "texture": "#base" }
            },
            "__comment": "Right Base"
        },
        {   "from": [ 1, 0, 1 ],
            "to": [ 7, 2, 7 ],
            "faces": {
                "down":  { "uv": [  2,  1,  8,  7 ], "texture": "#base", "cullface": "down" },
                "up":    { "uv": [  2,  1,  8,  7 ], "texture": "#base" },
                "north": { "uv": [ 15,  3,  9,  5 ], "texture": "#base" },
                "south": { "uv": [  9, 11, 15, 13 ], "texture": "#base" },
                "west":  { "uv": [  9,  3, 15,  5 ], "texture": "#base" },
                "east":  { "uv": [  9, 11, 15, 13 ], "texture": "#base" }
            },
            "__comment": "Left Top Base"
        },
        {   "from": [ 1, 0, 9 ],
            "to": [ 7, 2, 15 ],
            "faces": {
                "down":  { "uv": [  2,  9,  8, 15 ], "texture": "#base", "cullface": "down" },
                "up":    { "uv": [  2,  9,  8, 15 ], "texture": "#base" },
                "north": { "uv": [ 15,  3,  9,  5 ], "texture": "#base" },
                "south": { "uv": [  9, 11, 15, 13 ], "texture": "#base" },
                "west":  { "uv": [  9,  3, 15,  5 ], "texture": "#base" },
                "east":  { "uv": [  9, 11, 15, 13 ], "texture": "#base" }
            },
            "__comment": "Left Bottom Base"
        },
        {   "from": [ 8, 0, 7.999 ],
            "to": [ 16, 16, 8.001 ],
            "faces": {
                "north": { "uv": [ 16, 0,  8, 16 ], "texture": "#stand" },
                "south": { "uv": [  8, 0, 16, 16 ], "texture": "#stand" }
            },
            "__comment": "Empty 0"
        },
        {   "from": [ -0.41, 0, 7.999 ],
            "to": [ 7.59, 16, 8.001 ],
            "rotation": {
                "origin": [ 8, 8, 8 ],
                "axis": "y",
                "angle": -45
            },
            "faces": {
                "north": { "uv": [  8, 0, 16, 16 ], "texture": "#stand" },
                "south": { "uv": [ 16, 0,  8, 16 ], "texture": "#stand" }
            },
            "__comment": "Empty 1"
        },
        {   "from": [ -0.41, 0, 7.999 ],
            "to": [ 7.59, 16, 8.001 ],
            "rotation": {
                "origin": [ 8, 8, 8 ],
                "axis": "y",
                "angle": 45
            },
            "faces": {
                "north": { "uv": [  8, 0, 16, 16 ], "texture": "#stand" },
                "south": { "uv": [ 16, 0,  8, 16 ], "texture": "#stand" }
            },
            "__comment": "Empty 2"
        }
    ]
}
